Score,Latitude,Longitude,Location,Price,Size,Title,Matched Criteria,Penalties,URL,Description
46,43.11593,23.393021,"v. Миланово, област София, Bulgaria",49 500 € (181 €/m 2 ) Цената е с включено ДДС,273 кв.м,"Продава КЪЩА област София, с. Миланово Обява: 1j177919729552959","+нова(+12), +гараж(+10), +ток(+10), +вода(+10), +двор(+4)",,https://www.imot.bg/obiava-1j177919729552959-prodava-kashta-oblast-sofiya-s-milanovo,"ЗК REAL ESTATE, ви представя еднофамилна къща в забележителното село Миланово. Къщата е строена в края на 90-те години, здраво монолитно строителство, с застроена площ на етаж от 91 м2 или обща площ на всички етажи 273 м2. Двор: 520 м2 Състои се от: ..."
45,42.9126669,23.87148,"v. Разлив, област София, Bulgaria",49 000 € (942 €/m 2 ) Не се начислява ДДС История на цената,52 кв.м,"Продава КЪЩА област София, с. Разлив Обява: 1j175999198941505","+акт 16(+25), +ток(+10), +вода(+10)",,https://www.imot.bg/obiava-1j175999198941505-prodava-kashta-oblast-sofiya-s-razliv,"JJCorporation предлага на Вашето внимание къща в с. Разлив, община Правец, разположена в непосредствена близост до голф игрище Правец, едва на около 60 км от София. Районът е изключително живописен, с чист въздух, красива природа и спокойна среда, съ..."
40,42.5906044,23.9317217,"v. Каменица, област София, Bulgaria",32 000 € (400 €/m 2 ) Цената е с включено ДДС История на цената,80 кв.м,"Продава КЪЩА област София, с. Каменица Обява: 1j178419248084002","+нова(+12), +ток(+10), +вода(+10), +панорама(+4), +двор(+4)",,https://www.imot.bg/obiava-1j178419248084002-prodava-kashta-oblast-sofiya-s-kamenitsa,"Агенция SUPRIMMO: www.suprimmo.bg Продава се атрактивен планински имот с площ от 1500 кв.м, застроена къща и плевня в живописната махала Брестака (Скумца) на село Каменица, община Мирково, Софийска област. Имот с огромен потенциал, панорама и спокойс..."
37,42.730173,23.052914,"v. Мала Раковица, област София, Bulgaria",29 000 € (1 261 €/m 2 ) Не се начислява ДДС История на цената,23 кв.м,"Продава ВИЛА област София, с. Мала Раковица Обява: 1k159579309449284","+ток(+10), +вода(+10), +целогодишен достъп(+12), +сонда(+5)",,https://www.imot.bg/obiava-1k159579309449284-prodava-vila-oblast-sofiya-s-mala-rakovitsa,РиълНет офис Партнерс продава малка вила в м. Витошица в близост до Клисурския манастир до Банкя. Сградата е със застроена площ от 23 кв.м. разпредекени в две помещения   дневна с кухненски кът /дървена/ и спалня /масивна/. Отделно има външна тоалетн...
36,43.016248,23.047016,"t. Годеч, област София, Bulgaria",32 000 € (400 €/m 2 ) Цената е с включено ДДС История на цената,80 кв.м,"Продава КЪЩА област София, гр. Годеч Обява: 1j176519760275383","+ток(+10), +вода(+10), +целогодишен достъп(+12), +двор(+4)",,https://www.imot.bg/obiava-1j176519760275383-prodava-kashta-oblast-sofiya-gr-godech,"ЕРА Надежда продава къща в село Каленовци, град Годеч с площ 60 кв.м., двор с площ 870 кв.м. Предлагаме за продажба имот с отличен потенциал, разположен в спокойно и обитаемо село, недалеч от столицата, с постоянно живеещи съседи. Къщата е с площ от ..."
36,42.994363,23.090871,"v. Шума, област София, Bulgaria",39 000 € (390 €/m 2 ) Не се начислява ДДС История на цената,100 кв.м,"Продава КЪЩА област София, с. Шума махала Странето Обява: 1j178250479798940","+ток(+10), +вода(+10), +целогодишен достъп(+12), +двор(+4)",,https://www.imot.bg/obiava-1j178250479798940-prodava-kashta-oblast-sofiya-s-shuma-mahala-straneto,"Агенция за недвижими имоти АС 'Джей-Ди'има възможност да предложи на своите клиенти: Уединена къща с целогодишен достъп на 42 км от София /30 минути/ и на 5 км от гр. Годеч.Имотът се състои от къща на три нива от 1980г./сутерен от 10 кв метра,първи е..."
36,42.98989,23.37112,"v. Желен, област София, Bulgaria",33 000 € (550 €/m 2 ) Не се начислява ДДС История на цената,60 кв.м,"Продава КЪЩА област София, с. Желен Обява: 1j178592253850614","+ток(+10), +вода(+10), +асфалт(+8), +панорама(+4), +двор(+4)",,https://www.imot.bg/obiava-1j178592253850614-prodava-kashta-oblast-sofiya-s-zhelen#playertag,"Продава се къща с двор в с. Желен, общ. Своге. Село Желен се намира само на 40 км. от София и на 7 км. от гр. Своге и на около 30 мин. пеша от ЖП Гара с. Желен. В селото и до имота има целогодишно живеещо население. Парцелът е с квадратура 594 кв.м.,..."
36,42.989721,23.371472,"v. Желен, област София, Bulgaria",33 000 € (550 €/m 2 ) Не се начислява ДДС История на цената,60 кв.м,"Продава КЪЩА област София, с. Желен Обява: 1j178592253850614","+ток(+10), +вода(+10), +асфалт(+8), +панорама(+4), +двор(+4)",,https://www.imot.bg/obiava-1j178592253850614-prodava-kashta-oblast-sofiya-s-zhelen,"Продава се къща с двор в с. Желен, общ. Своге. Село Желен се намира само на 40 км. от София и на 7 км. от гр. Своге и на около 30 мин. пеша от ЖП Гара с. Желен. В селото и до имота има целогодишно живеещо население. Парцелът е с квадратура 594 кв.м.,..."
36,42.937214,24.010672,"v. Осиковица, област София, Bulgaria",35 000 € (412 €/m 2 ) Цената е с включено ДДС История на цената,85 кв.м,"Продава КЪЩА област София, с. Осиковица Обява: 1j178482949046079","+ток(+10), +вода(+10), +целогодишен достъп(+12), +двор(+4)",,https://www.imot.bg/obiava-1j178482949046079-prodava-kashta-oblast-sofiya-s-osikovitsa,"Продава се двуетажна къща с просторен двор в с. Осиковица Предлагаме за продажба двуетажна къща, разположена в спокойно и живописно село Осиковица, подходяща както за постоянно живеене, така и за вила. Разпределение: * Първи етаж   кухня с трапезария..."
36,42.865374,22.863978,"v. Цацаровци, област София, Bulgaria",43 500 € (544 €/m 2 ) Не се начислява ДДС История на цената,80 кв.м,"Продава КЪЩА област София, с. Цацаровци Обява: 1j178228170533430","+ток(+10), +вода(+10), +целогодишен достъп(+12), +двор(+4)",,https://www.imot.bg/obiava-1j178228170533430-prodava-kashta-oblast-sofiya-s-tsatsarovtsi,"Предлагаме за продажба къща с двор в с. Цацаровци, община Драгоман. Имотът е разположен в тих и живописен район и предлага отлична възможност за създаване на уютен дом извън градската среда. В парцела е изградена двуетажна къща с площ от 80 кв.м, как..."
36,42.99684,22.86854,"v. Калотина, област София, Bulgaria",45 000 € (1 000 €/m 2 ) Не се начислява ДДС История на цената,45 кв.м,"Продава ВИЛА област София, с. Калотина Обява: 1k175672756628158","+ток(+10), +вода(+10), +целогодишен достъп(+12), +панорама(+4)",,https://www.imot.bg/obiava-1k175672756628158-prodava-vila-oblast-sofiya-s-kalotina,"Местоположение: Вилна зона с.Калотина, Ново Бърдо Разстояние - 55 км от София Асфалтов път, Бърз достъп, Красива панорама Дворно място 520м2 облагородено с овощни дръвчета и два бора Строителство: Масивно,тухла,плоча,дървена дограма Разпределение:РЗП..."
35,42.9646966,22.7969547,"v. Долно ново село, област София, Bulgaria",37 000 € (463 €/m 2 ) Не се начислява ДДС История на цената,80 кв.м,"Продава КЪЩА област София, с. Долно ново село Обява: 1j178608260363616","+обзаведен(+15), +ток(+10), +вода(+10)",,https://www.imot.bg/obiava-1j178608260363616-prodava-kashta-oblast-sofiya-s-dolno-novo-selo,"Агенция за недвижими имоти ИСКЪР продава имот с четири спални, кухня с трапезария, баня с тоалетна, склад, тераса и красива дървена веранда, в село Долно Ново село в района на гр. Драгоман. Помещенията са разположени в две къщи една до друга. Имотът ..."
35,42.969296,23.29833,"v. Свидня, област София, Bulgaria",32 000 € (640 €/m 2 ) Не се начислява ДДС,50 кв.м,"Продава КЪЩА област София, с. Свидня махала Стоевци Обява: 1j172175889768234","+ток(+10), +вода(+10), +канализация(+10), +отопление(+5)",,https://www.imot.bg/obiava-1j172175889768234-prodava-kashta-oblast-sofiya-s-svidnya-mahala-stoevtsi,"7️⃣Seven Estate Даряваме 7% от ВСЕКИ наш комисион за благотворителни каузи. 📧 https://7estate.bg/ 7️⃣ Имаме привилегията да предложим на Вашето внимание двуетажна къща със страхотна панорамна гледка в община Своге. 📍Имотът се намира в с. Свидня, маха..."
34,42.6987,23.3219,"v. Брезе село Брезе, област София, Bulgaria",35 000 € (350 €/m 2 ) Не се начислява ДДС,100 кв.м,"Продава КЪЩА област София, с. Брезе село Брезе Обява: 1j170896057102737","+гараж(+10), +ток(+10), +вода(+10), +панорама(+4)",,https://www.imot.bg/obiava-1j170896057102737-prodava-kashta-oblast-sofiya-s-breze-selo-breze,"Продавам имот в село Брезе, представляващ дворно място от 1600 кв.м., заедно със стара жилищна сграда от 60 м2; стара жилищна сграда от 45 м2; селскостопанска постройка от 75 м2; селскостопанска постройка от 100 м2 и Масивен гараж от 25 м2. Имота се ..."
34,42.422207,23.995524,"v. Мухово, област София, Bulgaria",47 500 € (754 €/m 2 ) Не се начислява ДДС,63 кв.м,"Продава КЪЩА област София, с. Мухово Обява: 1j176397080798907","+ток(+10), +вода(+10), +канализация(+10), +двор(+4)",,https://www.imot.bg/obiava-1j176397080798907-prodava-kashta-oblast-sofiya-s-muhovo,"Sеcret Garden Real Estates, представя на вашето внимание за продажба къща със самостоятелен двор, разположена в живописното село Мухово, непосредствено до язовир Тополница. Къщата е на два етажа и има следното разпределение. **Първи етаж: две стаи, о..."
34,42.421757,23.995974,"v. Мухово, област София, Bulgaria",37 900 € (271 €/m 2 ) Не се начислява ДДС История на цената,140 кв.м,"Продава КЪЩА област София, с. Мухово Обява: 1j175681581092158","+гараж(+10), +ток(+10), +вода(+10), +панорама(+4)",,https://www.imot.bg/obiava-1j175681581092158-prodava-kashta-oblast-sofiya-s-muhovo,"Предлагаме на вашето внимание къща в с. Мухово с прекрасна панорама. На около 75 км. от София и 25 от АМ Тракия. Къщата е в регулацията на с. Мухово, на минути пеша от стената на яз. Тополница. Сградата е тухлена, със стоманобетонни плочи. РЗП 140 м2..."
32,42.960184,23.348232,"t. Своге, област София, Bulgaria",34 000 € (596 €/m 2 ) Цената е с включено ДДС,57 кв.м,"Продава КЪЩА област София, гр. Своге Обява: 1j174012775317978","+ток(+10), +вода(+10), +целогодишен достъп(+12)",,https://www.imot.bg/obiava-1j174012775317978-prodava-kashta-oblast-sofiya-gr-svoge,"Предлагам за продажба,къща близнак,находяща се в гр.Своге.На асфалтов път с целогодишен достъп и целогодишно ползване.На пешеходно разстояние от центъра да града,около 15 минути.Къщата се състой от остъклена тераса,преход към вестибюл и три обширни с..."
32,42.9700914,23.1425283,"v. Бучин проход, област София, Bulgaria",46 000 € (767 €/m 2 ) Цената е с включено ДДС История на цената,60 кв.м,"Продава КЪЩА област София, с. Бучин проход мах.Витова Обява: 1j178480494946960","+ток(+10), +вода(+10), +целогодишен достъп(+12)",,https://www.imot.bg/obiava-1j178480494946960-prodava-kashta-oblast-sofiya-s-buchin-prohod-mah-vitova,"Едноетажна вилна сграда с целогодишен достъп на 10 метра вляво от пътя Бучин проход-Своге. С ток и вода. Изрядна строителна документация. Застроена площ 60 кв.м. Вътрешно разпределение: спалня, дневна, кухня, баня с тоалетна. Парцелът позволява изгра..."
32,42.83277,24.10785,"v. Ямна v. Ямна, област София, Bulgaria",39 000 € (18 €/m 2 ) Цената е с включено ДДС История на цената,2180 кв.м,"Продава КЪЩА област София, с. Ямна С.Ямна Обява: 1j178248312088862","+нова(+12), +ток(+10), +вода(+10)",,https://www.imot.bg/obiava-1j178248312088862-prodava-kashta-oblast-sofiya-s-yamna-s-yamna,"Къщата се намира на 90км. от София. Направена нова плоча на приземния и втория етаж. Изградена е нова вик и ел. инсталация. Изграден е и фундамент с колони за построяването на 40 квадратна стая. На приземния етаж има две големи стаи,които могат да се..."
31,42.882356,23.389641,"v. Луково, област София, Bulgaria",36 900 € (615 €/m 2 ) Не се начислява ДДС,60 кв.м,"Продава КЪЩА област София, с. Луково Обява: 1j172051970015198","+ток(+10), +целогодишен достъп(+12), +кладенец(+5), +двор(+4)",,https://www.imot.bg/obiava-1j172051970015198-prodava-kashta-oblast-sofiya-s-lukovo,"Масивна двуетажна къща от 1977г,2 етажа по 30 кв.м.,двор 1000 кв.м. с кладенец,денивелация,овощни дървета,ток,ограда,целогодишен достъп по асфалтов и бетонен път, наоколо живеят съседи целогодишно,граничи с борова гора,парцелът е слънчев,със западно ..."
30,42.959873,23.34866,"t. Своге, област София, Bulgaria",23 000 € (460 €/m 2 ) Не се начислява ДДС,50 кв.м,"Продава КЪЩА област София, гр. Своге Обява: 1j174465040663257","+ток(+10), +вода(+10), +канализация(+10)",,https://www.imot.bg/obiava-1j174465040663257-prodava-kashta-oblast-sofiya-gr-svoge,"7️⃣ 7Estate дарява 7% от печалбата за благотворителни каузи📧 https://7estate.bg/ 7️⃣ Имаме удоволствието да предложим на Вашето внимание парцел с готова инфраструктура и изградени тераси, идеален за изграждане на мечтания дом сред природата. 📍 Районъ..."
30,42.990753,23.894915,"v. Калугерово, област София, Bulgaria",27 000 € (241 €/m 2 ) Не се начислява ДДС,112 кв.м,"Продава КЪЩА област София, с. Калугерово Обява: 1j167888598994823","+гараж(+10), +ток(+10), +вода(+10)",,https://www.imot.bg/obiava-1j167888598994823-prodava-kashta-oblast-sofiya-s-kalugerovo,"Двуетажна паянтова жилищна сграда със застроена площ 37,23 кв. метра. Къщата е със самостоятелен вход и обособено дворно място 800 кв. метра. Разпределението е следното: Приземен етаж с мазе и гараж, външни стълби към първи етаж, който се състои от д..."
29,42.9493105,23.9036101,"v. Правешка Лакавица, област София, Bulgaria",26 000 € (260 €/m 2 ) Цената е с включено ДДС История на цената,100 кв.м,"Продава КЪЩА област София, с. Правешка Лакавица Обява: 1j176181143450727","+ток(+10), +вода(+10), +кладенец(+5), +двор(+4)",,https://www.imot.bg/obiava-1j176181143450727-prodava-kashta-oblast-sofiya-s-praveshka-lakavitsa,"Предлагаме ви стара къща с двор от 2000кв.м.в село Правешка Лакавица.Къщата е захранена с ток и вода,а под нея има кладенец и казан за варене на ракия...."
29,42.698666,23.322159,"t. Костинброд С,Царичина, област София, Bulgaria",26 500 € (491 €/m 2 ) Не се начислява ДДС История на цената,54 кв.м,"Продава ВИЛА област София, гр. Костинброд С,Царичина Обява: 1k178674942129688","+ток(+10), +вода(+10), +сонда(+5), +двор(+4)",,https://www.imot.bg/obiava-1k178674942129688-prodava-vila-oblast-sofiya-gr-kostinbrod-s-tsarichina,"Представяме ви уникална възможност за инвестиция   очарователна вила, разположена в едно от най‑спокойните и зелени кътчета край София   село Царичина, само на 20 25 минути от града. Имотът включва 54 кв.м масивна постройка на две нива, съчетаваща фу..."
28,42.34719,23.84975,"v. Горна Василица, област София, Bulgaria",25 000 € (329 €/m 2 ) Не се начислява ДДС История на цената,76 кв.м,"Продава КЪЩА област София, с. Горна Василица м.Пердова Обява: 1j178694986442643","+ток(+10), +вода(+10), +панорама(+4), +двор(+4)",,https://www.imot.bg/obiava-1j178694986442643-prodava-kashta-oblast-sofiya-s-gorna-vasilitsa-m-perdova,"Стара селска къща със ЗП от 76 кв.м. ведно с двор УПИ от 1124 кв.м. в село Горна Василица, община Костенец. Паянтова конструкция, в лошо състояние включително теч от покрива. Възможно реставриране по желание. От към улицата дворът е ограден с дувар о..."
28,42.698566,23.3224,"v. Владо Тричков Ромча, област София, Bulgaria",18 000 € (1 000 €/m 2 ) Не се начислява ДДС История на цената,18 кв.м,"Продава ВИЛА област София, с. Владо Тричков Ромча Обява: 1k169877165462335","+ток(+10), +вода(+10), +панорама(+4), +двор(+4)",,https://www.imot.bg/obiava-1k169877165462335-prodava-vila-oblast-sofiya-s-vlado-trichkov-romcha,Масивно  Бунгало на етаж и полуетаж.Достъп по макадан.Съседи целогодишно живущи.Двор терасиран.Вода от извор.Мазе.Ток.Панорама.трл.0876115191...
27,42.969191,23.298619,"v. Свидня, област София, Bulgaria",45 000 € (500 €/m 2 ) Не се начислява ДДС,90 кв.м,"Продава КЪЩА област София, с. Свидня Обява: 1j177764750379629","+ток(+10), +асфалт(+8), +сонда(+5), +двор(+4)",,https://www.imot.bg/obiava-1j177764750379629-prodava-kashta-oblast-sofiya-s-svidnya,"Масивна къща в село Свидня , асфалт и 100 м черен път . На два етажа и приземен етаж .Двор 900 кв .м , ток, възможност за сонда . Изключителни права . Съдействие за кредитиране . За допълнителна информация на посоченият телефон ...."
27,42.968924,23.298773,"v. Свидня, област София, Bulgaria",14 000 € (875 €/m 2 ) Не се начислява ДДС,16 кв.м,"Продава ВИЛА област София, с. Свидня Обява: 1k165349073718160","+ток(+10), +целогодишен достъп(+12), +кладенец(+5)",,https://www.imot.bg/obiava-1k165349073718160-prodava-vila-oblast-sofiya-s-svidnya,"Вила в живописната м. Дашовци на с. Свидня с дворно място от 500 кв.м., представляваща паянтова постройка застроена на площ от около 16 кв.м. на етаж и половина с тераса, ток, кладенец с дълбочина 8 метра и постоянен воден стълб 3,5 метра и 10 овощни..."
27,42.698407,23.322607,"v. Владо Тричков м 'Калугерица', област София, Bulgaria",45 000 € (1 250 €/m 2 ) Не се начислява ДДС История на цената,36 кв.м,"Продава ВИЛА област София, с. Владо Тричков м 'Калугерица' Обява: 1k171663156936493","+вода(+10), +целогодишен достъп(+12), +кладенец(+5)",,https://www.imot.bg/obiava-1k171663156936493-prodava-vila-oblast-sofiya-s-vlado-trichkov-m-kalugeritsa#playertag,"***ВИДЕО в обявата под текста*** ЕДНОЕТАЖНА ВИЛНА ПОСТРОЙКА, РАЗПОЛОЖЕНА В ИМОТ С ЦЕЛОГОДИШЕН ДОСТЪП, С ЕЛЕКТРОЗАХРАНВАНЕ И ОСИГУРЕНА ВОДА ОТ НОВОИЗГРАДЕН СОНДАЖЕН КЛАДЕНЕЦ!!! МЕСТОПОЛОЖЕНИЕ: с. Владо Тричков, м. Калугерица. Селото е разположено на 8..."
27,42.6982,23.322766,"v. Владо Тричков м 'Калугерица', област София, Bulgaria",45 000 € (1 250 €/m 2 ) Не се начислява ДДС История на цената,36 кв.м,"Продава ВИЛА област София, с. Владо Тричков м 'Калугерица' Обява: 1k171663156936493","+вода(+10), +целогодишен достъп(+12), +кладенец(+5)",,https://www.imot.bg/obiava-1k171663156936493-prodava-vila-oblast-sofiya-s-vlado-trichkov-m-kalugeritsa,"***ВИДЕО в обявата под текста*** ЕДНОЕТАЖНА ВИЛНА ПОСТРОЙКА, РАЗПОЛОЖЕНА В ИМОТ С ЦЕЛОГОДИШЕН ДОСТЪП, С ЕЛЕКТРОЗАХРАНВАНЕ И ОСИГУРЕНА ВОДА ОТ НОВОИЗГРАДЕН СОНДАЖЕН КЛАДЕНЕЦ!!! МЕСТОПОЛОЖЕНИЕ: с. Владо Тричков, м. Калугерица. Селото е разположено на 8..."
25,42.5685331,23.8058025,"v. Бърдо, област София, Bulgaria",50 000 € (266 €/m 2 ) Не се начислява ДДС История на цената,188 кв.м,"Продава КЪЩА област София, с. Бърдо Обява: 1j178272263727115","+гараж(+10), +канализация(+10), +кладенец(+5)",,https://www.imot.bg/obiava-1j178272263727115-prodava-kashta-oblast-sofiya-s-bardo,"ДЕПОЗИРАНА! ПРОСТОРНА ТРИЕТАЖНА КЪЩА в с. Бърдо, общ. Ихтиман. Разположена на 188кв.м. къщата има следното разпределение: на партерен и сутеренен етаж са разположени съответно, двоен гараж, котелно помещение и мазе с вътрешно стълбище. На първи етаж:..."
25,42.9212604,24.0776729,"v. Малки Искър, област София, Bulgaria",42 000 € (1 400 €/m 2 ) Цената е с включено ДДС История на цената,30 кв.м,"Продава КЪЩА област София, с. Малки Искър Обява: 1j177934555485117","+ток(+10), +вода(+10), +кладенец(+5)",,https://www.imot.bg/obiava-1j177934555485117-prodava-kashta-oblast-sofiya-s-malki-iskar,"Предлагаме ви новопостроена,незавършена,едноетажна къща до реката с лице на главната улица на село Малки Искър.Къщата има кладенец и е захранена с ток и вода от селският водопровод...."
25,42.9514929,23.6794469,"v. Литаково, област София, Bulgaria",49 000 € (942 €/m 2 ) Цената е с включено ДДС История на цената,52 кв.м,"Продава КЪЩА област София, с. Литаково Обява: 1j178595083492817","+ток(+10), +вода(+10), +кладенец(+5)",,https://www.imot.bg/obiava-1j178595083492817-prodava-kashta-oblast-sofiya-s-litakovo,"Къщата се намира  на 35 мин. от София , непосредствено в Стара Планина. Чист въздух и природа. Ток, вода, канал, асвалтов път с добри съседи.Къщата е готова за живеене.ПВЦ дограма. блиндирана врата, плоча .Двора е ограден с плодни дървета . Бонуса е ..."
24,42.897255,23.42515,"v. Батулия, област София, Bulgaria",30 000 € (600 €/m 2 ) Не се начислява ДДС История на цената,50 кв.м,"Продава КЪЩА област София, с. Батулия Мах.равна нива Обява: 1j178627573266169","+ток(+10), +вода(+10), +двор(+4)",,https://www.imot.bg/obiava-1j178627573266169-prodava-kashta-oblast-sofiya-s-batuliya-mah-ravna-niva,"Малка , но масивна къща близо до София, намираща се в махала Равна нива, вилна зона Батулия, състои се от 3 стаи, баня и таванско, с двор 1 декар равен и с прекрасна гледка към Балкана.Има ток и вода. Готова за живеене...."
24,42.697959,23.322866,"v. Батулия Бельови къщи, област София, Bulgaria",19 500 € (650 €/m 2 ) Не се начислява ДДС,30 кв.м,"Продава КЪЩА област София, с. Батулия Бельови къщи Обява: 1j177748926779809","+ток(+10), +вода(+10), +панорама(+4)",,https://www.imot.bg/obiava-1j177748926779809-prodava-kashta-oblast-sofiya-s-batuliya-belyovi-kashti,"ОФЕРТА 26660. Виртуален 360 градуса оглед можете да направите на: https://unicomimoti.com/IAMS/360/26660/app-files/index.html Уни комерс продава малка масивна тухлена вилна къща в живописното село Батулия, местност Бельови къщи. Сградата е с площ 55к..."
24,42.873406,24.0756615,"v. Лопян, област София, Bulgaria",49 999 € (94 €/m 2 ) Цената е с включено ДДС История на цената,530 кв.м,"Продава КЪЩА област София, с. Лопян Обява: 1j176597210231853","+ток(+10), +вода(+10), +двор(+4)",,https://www.imot.bg/obiava-1j176597210231853-prodava-kashta-oblast-sofiya-s-lopyan,"Референтен номер: 940. Maxview предлага двуетажна къща с площ от 150 кв.м,разпределени в два етажа     На първият етаж е разположена кухня,две помещения,подходящи за механа и баня с санитарен възел.     На вторият етаж се намират три спални и баня с ..."
24,42.3302827,23.3650734,"v. Клисура (Самоков), област София, Bulgaria",28 000 € (467 €/m 2 ) Не се начислява ДДС История на цената,60 кв.м,"Продава КЪЩА област София, с. Клисура (Самоков) Обява: 1j172258755790942","+ток(+10), +канализация(+10), +двор(+4)",,https://www.imot.bg/obiava-1j172258755790942-prodava-kashta-oblast-sofiya-s-klisura-samokov,"ДИВА Пропъртис предлага в продажба самостоятелна къща с двор, намираща се в село Клисура, община Самоков, обл. София. Къщата е със застроена площ от 60 кв.м., едноетажна, с мазе и двор 416 кв.м. - изложение изток, юг и запад. Сградата е тухлена, стро..."
24,42.6977,23.3229,"v. Новачене във вилната зона, област София, Bulgaria",23 000 € (115 €/m 2 ) Не се начислява ДДС История на цената,200 кв.м,"Продава КЪЩА област София, с. Новачене във вилната зона Обява: 1j178272059502600","+ток(+10), +вода(+10), +двор(+4)",,https://www.imot.bg/obiava-1j178272059502600-prodava-kashta-oblast-sofiya-s-novachene-vav-vilnata-zona,"Масивна двуетажна къща за продажба във вилната зона на село Новачене, Ботевград! - 1980 м2 двор - къщата е 200 м2 (по 100м2 на етаж) - граничи с гора. Само още 2 имота (необитаеми) наблизо - на 1вия етаж състои се от всекидневна, кухня, антре, коридо..."
24,42.9777956,23.7305179,"v. Новачене, област София, Bulgaria",42 000 € (420 €/m 2 ) Не се начислява ДДС,100 кв.м,"Продава КЪЩА област София, с. Новачене Обява: 1j177308074619928","+ток(+10), +вода(+10), +двор(+4)",,https://www.imot.bg/obiava-1j177308074619928-prodava-kashta-oblast-sofiya-s-novachene,"УПИ 3800 кв.м с две къщи, ток и вода с. Новачене, 50 мин от София Продава се просторен УПИ с площ около 3800 кв.м в с. Новачене, община Ботевград, разположен на около 50 минути с автомобил от София. Имотът се намира в края на селото, в тиха и спокойн..."
24,42.929372,23.381187,"v. Томпсън, област София, Bulgaria",37 000 € (529 €/m 2 ) Цената е с включено ДДС История на цената,70 кв.м,"Продава КЪЩА област София, с. Томпсън Обява: 1j170773995751480","+ток(+10), +вода(+10), +двор(+4)",,https://www.imot.bg/obiava-1j170773995751480-prodava-kashta-oblast-sofiya-s-tompsan,"Панорамна гледка! Чист въздух, красота и спокойствие! Монолитна вила за продажба в с.Томпсън, общ.Своге с РЗП:70 кв.м. и двор от 500 кв.м. С ток, вода от каптаж. Чешма в близост до имота. На 2 km черен път след пощата в селото. Имот подходящ за хора ..."
24,42.77475,23.71624,"v. Чурек, област София, Bulgaria",36 000 € (232 €/m 2 ) Не се начислява ДДС,155 кв.м,"Продава ВИЛА област София, с. Чурек Обява: 1k166757055009965","+ток(+10), +вода(+10), +панорама(+4)",,https://www.imot.bg/obiava-1k166757055009965-prodava-vila-oblast-sofiya-s-churek,"Скала Ди Недвижими имоти предлага ексклузивно отличен парцел със започната къща във вилната зона на с.Чурек. Прекрасна панорама. Бърз достъп и добре ситуиран спрямо магистрала Хемус, така,че не се чува шума от нея. Вилната зона е с хубави, модeрни къ..."
24,42.968621,23.29872,"v. Свидня, област София, Bulgaria",18 000 € (300 €/m 2 ) Не се начислява ДДС,60 кв.м,"Продава ВИЛА област София, с. Свидня Обява: 1k171699470345952","+ток(+10), +вода(+10), +панорама(+4)",,https://www.imot.bg/obiava-1k171699470345952-prodava-vila-oblast-sofiya-s-svidnya,"Вила на един етаж находяща се в махала 'Дашовци' с дворно място от 700 кв.м. на 700-800 метра от главния път за с. Чибаовци. Има четири помещения, разкошна веранда с прекрасна панорама и външна тоалетна. Под верандата се намира складовото помещение /..."
24,42.98934,23.371559,"v. Желен, област София, Bulgaria",20 000 € (500 €/m 2 ) Не се начислява ДДС История на цената,40 кв.м,"Продава ВИЛА област София, с. Желен Обява: 1k171609865305072","+ток(+10), +вода(+10), +двор(+4)",,https://www.imot.bg/obiava-1k171609865305072-prodava-vila-oblast-sofiya-s-zhelen,"ОТ СОБСТВЕНИК.Вила в с.Желен разположена на живописно място,оградена от гора с двор от 1300 кв.м.,вилата е с площ от 40 кв.м.,и има две спални и всекидневна,като в двора има и бунгало /15 кв.м./ за инструменти.Вилата има ток и опция за вода тъй като ..."
22,42.342618,23.705702,"v. Гуцал, област София, Bulgaria",50 000 € (769 €/m 2 ) Цената е с включено ДДС История на цената,65 кв.м,"Продава КЪЩА област София, с. Гуцал Обява: 1j178583402646451","+гараж(+10), +ток(+10), +вода(+10), +целогодишен достъп(+12)",гредоред(-20),https://www.imot.bg/obiava-1j178583402646451-prodava-kashta-oblast-sofiya-s-gutsal,"Агенция SUPRIMMO: www.suprimmo.bg Представяме за продажба имот с отличен потенциал, разположен в живописното планинско село Гуцал, известно със своя чист въздух и близост до природата. Имотът предлага чудесна възможност за създаване на уютен селски д..."
20,42.697441,23.322866,"v. Габровница Искърско дефиле, област София, Bulgaria",33 500 € (258 €/m 2 ) Не се начислява ДДС,130 кв.м,"Продава КЪЩА област София, с. Габровница Искърско дефиле Обява: 1j175881085420759","+ток(+10), +вода(+10)",,https://www.imot.bg/obiava-1j175881085420759-prodava-kashta-oblast-sofiya-s-gabrovnitsa-iskarsko-defile,"БЕЗ КОМИСИОН ЗА КУПУВАЧА !!! 'Емили Риъл Естейтс' Ви предлага,триетажна къща в с.Габровница, общ.Своге. Къщата се намира в центъра на селото, на асфалтов път, също така е в близост до ЖП спирка. Разположена е в живописното Искърско дефиле, по пътя за..."
20,42.311346,23.764538,"t. Долна баня, област София, Bulgaria",38 900 € (130 €/m 2 ) Не се начислява ДДС История на цената,300 кв.м,"Продава КЪЩА област София, гр. Долна баня Обява: 1j175102529946763","+ток(+10), +вода(+10)",,https://www.imot.bg/obiava-1j175102529946763-prodava-kashta-oblast-sofiya-gr-dolna-banya,"-УЗАКОНЕНА КЪЩА -ПРОСТОРЕН ПАРЦЕЛ с ток и вода -в регулация Консорс недвижими имоти предлага къща в просторен парцел / 976 м2 / на хубава локация в град Долна баня. Къщата е близнак и е узаконена, но има нужда от цялостно довършване. Парцела е изцяло..."
20,43.0222823,23.354045,"v. Бов, област София, Bulgaria",50 000 € (1 000 €/m 2 ) Цената е с включено ДДС История на цената,50 кв.м,"Продава КЪЩА област София, с. Бов Обява: 1j175284093145652","+ток(+10), +вода(+10)",,https://www.imot.bg/obiava-1j175284093145652-prodava-kashta-oblast-sofiya-s-bov,"Къща на два етажа. В много добро състояние. Голям, поддържан парцел. В регулация. Ток и вода в имота. Асфалтов път...."
20,43.073363,23.108167,"v. Гинци, област София, Bulgaria",30 000 € (500 €/m 2 ) Цената е с включено ДДС История на цената,60 кв.м,"Продава КЪЩА област София, с. Гинци Обява: 1j176519713527635","+ток(+10), +вода(+10)",,https://www.imot.bg/obiava-1j176519713527635-prodava-kashta-oblast-sofiya-s-gintsi,"АСФАЛТОВ ПЪТ ! ! ! ТОК ! ! ! ВОДА ! ! ! ТИХ РАЙОН ! ! ! ПРИРОДА ! ! ! ЧИСТ ВЪЗДУХ ! ! ! Представяме на вашето внимание двуетажна къща, намираща се в село Гинци. Имотът е с площ 60 кв.м и парцел от 300 кв.м, разположен на тиха и спокойна локация, в бл..."
20,43.073138,23.108557,"v. Гинци, област София, Bulgaria",49 900 € (499 €/m 2 ) Не се начислява ДДС История на цената,100 кв.м,"Продава КЪЩА област София, с. Гинци Обява: 1j165598467428939","+ток(+10), +вода(+10)",,https://www.imot.bg/obiava-1j165598467428939-prodava-kashta-oblast-sofiya-s-gintsi,"Уникална двуетажна вила в с. Гинци в комплект с джип Range Rover.Имотът представлява двуетажна къща със следното разположение: 1ви етаж - просторна дневна с работеща камина, кухня с домакинска печка на дърва, санитарно помещение с тоалетна, мивка, бо..."
20,42.93742,23.49128,"t. Своге v. Буковец, област София, Bulgaria",30 000 € (83 €/m 2 ) Не се начислява ДДС История на цената,360 кв.м,"Продава КЪЩА област София, гр. Своге с.Буковец Обява: 1j178634524938023","+ток(+10), +вода(+10)",,https://www.imot.bg/obiava-1j178634524938023-prodava-kashta-oblast-sofiya-gr-svoge-s-bukovets,"ПРОДАВА СЕ: Просторнa почивна станция в с. Буковец, общ. Своге Основни характеристики: Площ на парцела (УПИ): 2790 кв.м. (равен, урегулиран терен) РЗП 360 кв.м. Етажност: Масивна двуетажна сграда с партиди за Ток и Вода Локация: с. Буковец, само на 2..."
20,42.7597095,23.2467606,"v. Върбница, област София, Bulgaria",41 500 € (692 €/m 2 ) Не се начислява ДДС,60 кв.м,"Продава КЪЩА област София, с. Върбница Обява: 1j177510598145546","+ток(+10), +вода(+10)",,https://www.imot.bg/obiava-1j177510598145546-prodava-kashta-oblast-sofiya-s-varbnitsa,"Реком 99 Ви представя къща в село Върбница, в близост до град Годеч. Имотът е с изрядни документи и урегулиран поземлен имот с площ от 600 кв.м. Къщата е на три етажа, като всеки е с площ от около 90 кв.м., а застроената площ е 60 кв.м. Разполага с т..."
20,43.029162,23.7545982,"v. Липница, област София, Bulgaria",43 000 € (430 €/m 2 ) Цената е с включено ДДС История на цената,100 кв.м,"Продава КЪЩА област София, с. Липница Обява: 1j177796530634273","+ток(+10), +вода(+10)",,https://www.imot.bg/obiava-1j177796530634273-prodava-kashta-oblast-sofiya-s-lipnitsa,"BULGARIA REAL ESTATE Ви предлага Продава се къща в гр. Ботевград, област София ID 5275 Търсите уединен дом близо до столицата, където тишината и спокойствието са ежедневие? Разгледайте това прекрасно предложение само на 65 км. от София! Основни харак..."
20,42.388872,23.725968,"v. Очуша, област София, Bulgaria",31 999 € (516 €/m 2 ) Не се начислява ДДС История на цената,62 кв.м,"Продава КЪЩА област София, с. Очуша Обява: 1j168500428137112","+ток(+10), +вода(+10)",,https://www.imot.bg/obiava-1j168500428137112-prodava-kashta-oblast-sofiya-s-ochusha,"Отговорен брокер: Петър Китанов Двуетажна къща разположена в с Очуша , Софийска област, разположен на пътя София Пловдив близо до кк.Боровец .  Намира се на 70 км. от София, на 80 км. от Пловдив и на 30 км. от курорта Боровец. В общината се намират и..."
20,42.968423,23.298484,"v. Свидня, област София, Bulgaria",16 500 € (434 €/m 2 ) Цената е с включено ДДС История на цената,38 кв.м,"Продава КЪЩА област София, с. Свидня Обява: 1j178117432209738","+ток(+10), +вода(+10)",,https://www.imot.bg/obiava-1j178117432209738-prodava-kashta-oblast-sofiya-s-svidnya,Предлагаме  поземлен имот от  580 кв.м. с построена в него полумасивна къща от 38кв.м.Ток и вода в имота. В с.Свидня на 5км. от гр. Своге и на около 40 км. От гр. София. Около парцела има целогодишно обитавани къщи.Агенцията предлага съдействие за ба...
20,43.009384,23.617815,"v. Рашково, област София, Bulgaria",39 000 € (244 €/m 2 ) Не се начислява ДДС История на цената,160 кв.м,"Продава КЪЩА област София, с. Рашково Обява: 1j164907974310581","+ток(+10), +вода(+10)",,https://www.imot.bg/obiava-1j164907974310581-prodava-kashta-oblast-sofiya-s-rashkovo,"Продавам къща в с. Рашково , община Ботевград . Къщата е на 2етажа с РЗП около 150 кв.м На първия етаж има 2 големи помещения , а на втория има коридор , дневна , три стаи и една по-малка . Долния етаж е изграден от камък , а горния е тухлен . .Ток ,..."
20,42.5216294,23.6978154,"v. Банчовци, област София, Bulgaria",37 000 € (544 €/m 2 ) Не се начислява ДДС,68 кв.м,"Продава ВИЛА област София, с. Банчовци Обява: 1k176348398510748","+ток(+10), +сонда(+5), +отопление(+5)",,https://www.imot.bg/obiava-1k176348398510748-prodava-vila-oblast-sofiya-s-banchovtsi,"Агенция ХЕЛИОН продава къща/вила във вилна зона Банчовци, с.Пауново, на 35км от гр.София и на 7км от с.Вакарел. Вилата е на два етажа с два отделни входа, с  РЗП 68кв.м. Разпределението е както следва: на първи етаж имадве стаи, веранда, кухня и тоал..."
20,42.989035,23.371315,"t. Своге v. Желен, област София, Bulgaria",29 499 € (656 €/m 2 ) Не се начислява ДДС,45 кв.м,"Продава ВИЛА област София, гр. Своге с. Желен Обява: 1k175983099654681","+ток(+10), +вода(+10)",,https://www.imot.bg/obiava-1k175983099654681-prodava-vila-oblast-sofiya-gr-svoge-s-zhelen,"7️⃣ 7Estate дарява 7% от печалбата за благотворителни каузи 📧 https://7estate.bg/ 7️⃣ Имаме удоволствието да предложим на Вашето внимание автентична вила с прекрасна панорамна гледка и впечатляваща околна природа. 📍 Районът   село Желен, местност Дра..."
20,42.6972,23.322766,"v. Бойковец над, област София, Bulgaria",45 000 € (450 €/m 2 ) Не се начислява ДДС,100 кв.м,"Продава ВИЛА област София, с. Бойковец над Центъра Обява: 1k141803255154894","+ток(+10), +вода(+10)",,https://www.imot.bg/obiava-1k141803255154894-prodava-vila-oblast-sofiya-s-boykovets-nad-tsentara,"УНИКАЛНА ГЛЕДКА.Вила на едно ниво и тавански стаи:вход към основната част от голяма тераса към дневно помещение с камина, бар и тапезария с кух.бокс, един общ малък санитарен възел за цялата сграда(тоалетна с душ и умивалник с ел.боилер) и вътрешна с..."
20,42.696993,23.322607,"Гара Бов вилна зона, област София, Bulgaria",45 000 € (417 €/m 2 ) Цената е с включено ДДС История на цената,108 кв.м,"Продава ВИЛА област София, Гара Бов вилна зона Обява: 1k163033419620999","+гараж(+10), +вода(+10)",,https://www.imot.bg/obiava-1k163033419620999-prodava-vila-oblast-sofiya-gara-bov-vilna-zona,"МЕСТОПОЛОЖЕНИЕ: гара Бов, на 50км от София и на 10км от гр.Своге. ДОСТЪП: Асфьлт до гара Бов и 1.5км черен, равен път покрай река Трескавец. ОПИСАНИЕ НА ИМОТА: Триетажна, масивна сграда със ЗП - 50 кв.м и РЗП - 108 кв.м, с ПВЦ дограма и довъшителни р..."
20,42.715181,23.856433,"v. Долно Камарци, област София, Bulgaria",49 900 € (1 062 €/m 2 ) Не се начислява ДДС,47 кв.м,"Продава ВИЛА област София, с. Долно Камарци Обява: 1k178212978937278","+ток(+10), +вода(+10)",,https://www.imot.bg/obiava-1k178212978937278-prodava-vila-oblast-sofiya-s-dolno-kamartsi,"ТОК И ВОДА !!! ЧАС ПЪТ ОТ СОФИЯ !!! ТИШИНА И СПОКОЙСТВИЕ !!! Home2U представя на Вашето внимание имот във вилната зона на с. Долно Камарци, само на около час път от София. Парцелът е с площ 1026 кв.м., преотстъпен от общината през 1981г. Върху парцел..."
20,42.694193,23.795957,"v. Макоцево, област София, Bulgaria",30 000 € (857 €/m 2 ) Не се начислява ДДС История на цената,35 кв.м,"Продава ВИЛА област София, с. Макоцево Обява: 1k172897774698202","+ток(+10), +вода(+10)",,https://www.imot.bg/obiava-1k172897774698202-prodava-vila-oblast-sofiya-s-makotsevo,"Масивна постройка с три малки стаи общо 35 кв.м, намираща се във в.з. Овче бърдо. Равен терен, подходящ за семейства с малки деца. Има ток с ново табло, имровизирана тоалетна. Няма водопровод или сондаж, вода с туби си нося. Има 2 км черен път и лек ..."
20,42.968423,23.298176,"v. Свидня, област София, Bulgaria",32 000 € (711 €/m 2 ) Не се начислява ДДС История на цената,45 кв.м,"Продава ВИЛА област София, с. Свидня Обява: 1k178159726403005","+ток(+10), +вода(+10)",,https://www.imot.bg/obiava-1k178159726403005-prodava-vila-oblast-sofiya-s-svidnya,Продава се парцел с ток и вода. На парцела има малка къща която е за основен ремонт За контакт Капка Георгиева тел 0886067888 Оферта 19856...
20,43.1394,23.35653,"v. Дружево, област София, Bulgaria",35 000 € (486 €/m 2 ) Не се начислява ДДС История на цената,72 кв.м,"Продава ВИЛА област София, с. Дружево Обява: 1k171991722119679","+ток(+10), +вода(+10)",,https://www.imot.bg/obiava-1k171991722119679-prodava-vila-oblast-sofiya-s-druzhevo,"Агенция 'СИСТИ' продава едноетажна масивна къща застроена на 72 кв.м състояща се от входно антре,спалня,хол с трапезерия , камина с водна риза, радиатори във всички помещения , лира в банята,кухня и санитарен възел, голяма покрита тераса.Дворно място..."
20,42.729498,23.053304,"v. Мала Раковица, област София, Bulgaria",27 999 € (47 €/m 2 ) Цената е с включено ДДС История на цената,601 кв.м,"Продава ВИЛА област София, с. Мала Раковица Обява: 1k178310216540620","+ток(+10), +вода(+10)",,https://www.imot.bg/obiava-1k178310216540620-prodava-vila-oblast-sofiya-s-mala-rakovitsa,"ARCO Real Estate предлага за продажба поземлен имот с къща, разположен във вилна зона  Витошица . ? Само на 25 минути от София! ? На 5 км от входа на гр. Банкя ? В близост до Клисурски манастир  Св. Петка Параскева ? 45 метра лице на път Имотът се на..."
20,42.693518,23.796347,"v. Макоцево, област София, Bulgaria",30 000 € (857 €/m 2 ) Не се начислява ДДС История на цената,35 кв.м,"Продава ВИЛА област София, с. Макоцево Обява: 1k172897774698202","+ток(+10), +вода(+10)",,https://www.imot.bg/obiava-1k172897774698202-prodava-vila-oblast-sofiya-s-makotsevo#playertag,"Масивна постройка с три малки стаи общо 35 кв.м, намираща се във в.з. Овче бърдо. Равен терен, подходящ за семейства с малки деца. Има ток с ново табло, имровизирана тоалетна. Няма водопровод или сондаж, вода с туби си нося. Има 2 км черен път и лек ..."
20,42.968621,23.29794,"v. Свидня, област София, Bulgaria",18 000 € (200 €/m 2 ) Цената е без ДДС История на цената,90 кв.м,"Продава ВИЛА област София, с. Свидня Обява: 1k178274489600770","+ток(+10), +вода(+10)",,https://www.imot.bg/obiava-1k178274489600770-prodava-vila-oblast-sofiya-s-svidnya,"Двуетажна масивна вила.Вътрешни стълби .Хол на две нива .Камина.Два входа.Ток, вода.Двора е терасиран..Достъп по бетониран и макадан.Съседи целогодишно.Близо до река  в гориста местност.ИЗРЯДНИ ДОКУМЕНТИ...."
19,42.95937,23.348497,"t. Своге, област София, Bulgaria",50 000 € (500 €/m 2 ) Не се начислява ДДС История на цената,100 кв.м,"Продава КЪЩА област София, гр. Своге Обява: 1j178371410468252","+обзаведен(+15), +двор(+4)",,https://www.imot.bg/obiava-1j178371410468252-prodava-kashta-oblast-sofiya-gr-svoge,"Предлагаме за продажба двуетажна вила, разположена във вилна зона на гр. Своге, сред много зеленина, тишина и спокойствие. Имотът е подходящ както за сезонно ползване и почивка през уикендите, така и за хора, които търсят къща с голям двор и възможно..."
19,42.990078,23.895305,"v. Калугерово, област София, Bulgaria",19 999 € (286 €/m 2 ) Цената е с включено ДДС История на цената,70 кв.м,"Продава КЪЩА област София, с. Калугерово Обява: 1j177770696548445","+ток(+10), +кладенец(+5), +двор(+4)",,https://www.imot.bg/obiava-1j177770696548445-prodava-kashta-oblast-sofiya-s-kalugerovo,"Предлагаме ви къща в село Калугерово,махала ''Чекотина''под''Чекотинският манастир''.Къщата е над реката в уединена зона със само още една съседна къща в която се живее целогодишно.Къщата е с три стаи и двор от 1200кв.м.а около нея има още 5дка.които..."
19,42.9056,22.90351,"v. Чуковезер, област София, Bulgaria",24 999 € (234 €/m 2 ) Не се начислява ДДС История на цената,107 кв.м,"Продава КЪЩА област София, с. Чуковезер Обява: 1j176355431263898","+канализация(+10), +кладенец(+5), +двор(+4)",,https://www.imot.bg/obiava-1j176355431263898-prodava-kashta-oblast-sofiya-s-chukovezer,"CLAVIS NOVA Ви представя къща в китното селце Чуковезер, разположено на 5 км от град Драгоман и на 40 минути от София. Мястото е изключително спокойно, с чист въздух и неповторима панорамна гледка, идеално за релакс през уикендите! Характеристики на ..."
19,42.896805,23.4256,"v. Батулия, област София, Bulgaria",14 827.46 € (593.10 €/m 2 ) Не се начислява ДДС История на цената,25 кв.м,"Продава ВИЛА област София, с. Батулия Обява: 1k171620665841878","+ток(+10), +сонда(+5), +двор(+4)",,https://www.imot.bg/obiava-1k171620665841878-prodava-vila-oblast-sofiya-s-batuliya,"DHT Real Estate продава вила с двор във вилната зона на с. Батулия, община Своге. Застроената площ на вилата е 22 кв.м., на един етаж и таванско. Дворното място е с площ от 1 декар. Наличен ток. Село Батулия се намира в планински район и отстои на 35..."
18,43.00413,23.347935,"v. Церово, област София, Bulgaria",35 000 € (875 €/m 2 ) Цената е без ДДС История на цената,40 кв.м,"Продава КЪЩА област София, с. Церово Обява: 1j178421042948023","+гараж(+10), +панорама(+4), +двор(+4)",,https://www.imot.bg/obiava-1j178421042948023-prodava-kashta-oblast-sofiya-s-tserovo,"Едноетажна  масивна къща.Центрелен водопровод.Достъп целогодишен.Спалня,кухня ,баня и тоалетна. Двор терасиран.Панорама. Съседи целогодишно живущи.Гараж паянтов.Има възможносст за втори етаж.Изрядни документи!..."
16,42.341718,23.705702,"v. Гуцал, област София, Bulgaria",22 850 € (363 €/m 2 ) Не се начислява ДДС История на цената,63 кв.м,"Продава КЪЩА област София, с. Гуцал Обява: 1j169571258231722","+целогодишен достъп(+12), +двор(+4)",,https://www.imot.bg/obiava-1j169571258231722-prodava-kashta-oblast-sofiya-s-gutsal,"Двор 522 кв.м. Жилищна сграда 63кв.м, селскостопанска сграда 62 кв.м. Изцяло южно изложение - гледа към Рила планина. Целогодишен достъп, граничи с улица...."
15,42.2622319,23.4784438,"v. Говедарци, област София, Bulgaria",38 000 € (559 €/m 2 ) Не се начислява ДДС История на цената,68 кв.м,"Продава КЪЩА област София, с. Говедарци Обява: 1j176302190887618","+гараж(+10), +целогодишен достъп(+12), +панорама(+4), +двор(+4)",груб строеж(-15),https://www.imot.bg/obiava-1j176302190887618-prodava-kashta-oblast-sofiya-s-govedartsi,"Продава се 1/2 от масивна къща-близнак на груб строеж, разположена в идеалния център на село Говедарци. Имотът е изключително подходящ както за личен ваканционен дом, така и за инвестиция с цел отдаване под наем. ИЗРЯДНИ ДОКУМЕНТИ: Сградата е официал..."
15,42.9458113,23.0778361,"v. Василовци, област София, Bulgaria",30 000 € (1 000 €/m 2 ) Не се начислява ДДС,30 кв.м,"Продава КЪЩА област София, с. Василовци Обява: 1j177929191999894","+ток(+10), +кладенец(+5)",,https://www.imot.bg/obiava-1j177929191999894-prodava-kashta-oblast-sofiya-s-vasilovtsi,"Продаваме парцел с паянтова постройка в с.Василовци.Селото е на 30 км от София.В близост до Драгоман и Костинброд.Има редовна автобусна линия през цялата година, поща и кметство.В селото има постоянно живеещи хора и приходящи за празници и почивни дн..."
15,42.864756,23.365089,"v. Владо Тричков, област София, Bulgaria",29 000 € (784 €/m 2 ) Не се начислява ДДС История на цената,37 кв.м,"Продава ВИЛА област София, с. Владо Тричков Обява: 1k178660638071972","+ток(+10), +вода(+10), +кладенец(+5), +сонда(+5)",за ремонт(-15),https://www.imot.bg/obiava-1k178660638071972-prodava-vila-oblast-sofiya-s-vlado-trichkov,"Парцел 780 кв.м. с малка сграда състояща се от спалня, кухня, тоалетна и две други помещения (обща застроена площ 37 кв.м, два етажа). Ток, вода от сонда (кладенец) плюс септична яма. За ремонт. Моля изпратете емайл на [email protected] за запитвания..."
14,42.811013,23.007541,"v. Гълъбовци, област София, Bulgaria",49 990 € (476 €/m 2 ) Не се начислява ДДС История на цената,105 кв.м,"Продава КЪЩА област София, с. Гълъбовци Обява: 1j178126006271288","+ток(+10), +панорама(+4)",,https://www.imot.bg/obiava-1j178126006271288-prodava-kashta-oblast-sofiya-s-galabovtsi,"Представяме на Вашето внимание масивна къща от 1993 г. - тухла/ж.б плоча, находяща се в с. Гълъбовци - 24 км от изхода на София (от кв. 'Люлин'), която предлага следното разпределение --> Сутерен: баня и 2 стаи. Външни стълби към I-ви етаж, състоящ с..."
14,42.3076287,23.8588278,"v. Костенец, област София, Bulgaria",49 990 € (588 €/m 2 ) Не се начислява ДДС,85 кв.м,"Продава КЪЩА област София, с. Костенец Обява: 1j178349640264970","+гараж(+10), +двор(+4)",,https://www.imot.bg/obiava-1j178349640264970-prodava-kashta-oblast-sofiya-s-kostenets,"Предлагаме за продажба стара тухлена къща със собствен двор, разположена в спокоен район на гр. Костенец. Сградата се нуждае от основен ремонт, което предоставя отлична възможност новият собственик да реализира проекта си според собствените си идеи и..."
14,42.90333,23.39957,"v. Реброво, област София, Bulgaria",31 500 € (371 €/m 2 ) Не се начислява ДДС,85 кв.м,"Продава КЪЩА област София, с. Реброво Обява: 1j177558812016164","+ток(+10), +двор(+4)",,https://www.imot.bg/obiava-1j177558812016164-prodava-kashta-oblast-sofiya-s-rebrovo,"ЕКИП недвижими имоти продава масивна едноетажна вилна сграда със застроена площ от 63 кв.м, надстройка върху нея от 22 кв.м и голяма тераса с прекрасна гледка.Голям двор от 1108 кв.м с денивелация на 30 км. северно от гр. София по поречието на р. Иск..."
14,42.993192,23.63477,"v. Радотина, област София, Bulgaria",36 900 € (461 €/m 2 ) Не се начислява ДДС История на цената,80 кв.м,"Продава КЪЩА област София, с. Радотина Обява: 1j178176891822798","+ток(+10), +двор(+4)",,https://www.imot.bg/obiava-1j178176891822798-prodava-kashta-oblast-sofiya-s-radotina,"Оф 39541 ЧУДЕСЕН ИМОТ, РЗП-160кв.м, ОТЛИЧНО МЕСТОПОЛОЖЕНИЕ, ДО РЕКА И ПЛАНИНА, НА 80км от СОФИЯ, В БЛИЗОСТ ДО БОТЕВГРАД, БЪРЗ ДОСТЪП ПО МАГИСТРАЛА, ДВОР 400 кв.м, ТОК, ВОДОПРОВОД!!! Състои се от: 1 ЕТАЖ   механа, баня и тоалетна, спалня. 2 ЕТАЖ   2 с..."
14,42.864474,22.863978,"v. Цацаровци, област София, Bulgaria",44 900 € (281 €/m 2 ) Не се начислява ДДС История на цената,160 кв.м,"Продава КЪЩА област София, с. Цацаровци Обява: 1j176406879651379","+гараж(+10), +двор(+4)",,https://www.imot.bg/obiava-1j176406879651379-prodava-kashta-oblast-sofiya-s-tsatsarovtsi,"Инвест Пропъртис продава просторна къща на асфалтов път в живописното и спокойно с.Цацаровци. На около 50 км. разстояние от София, с отличен достъп и изградена инфраструктура. Къщата е ситуирана в голям, равен двор (920 кв.м) и е с площ от 160 кв.м. ..."
14,42.9047,22.90351,"v. Чуковезер, област София, Bulgaria",40 000 € (588 €/m 2 ) Не се начислява ДДС История на цената,68 кв.м,"Продава КЪЩА област София, с. Чуковезер Обява: 1j176470101956866","+гараж(+10), +двор(+4)",,https://www.imot.bg/obiava-1j176470101956866-prodava-kashta-oblast-sofiya-s-chukovezer,"'Имограф' недвижими имоти продава къща с двор в живописното село Чуковезер, находящо се на 4 км. от Драгоман. Къщата е с югоизточно изложение и равен поддържан двор с овощни дръвчета, грозде, и цветя. Състои се от: антре, две спални, кухня, трапезари..."
14,42.85786,23.55411,"v. Ябланица, област София, Bulgaria",37 000 € (209 €/m 2 ) Цената е с включено ДДС История на цената,177 кв.м,"Продава КЪЩА област София, с. Ябланица Обява: 1j171325857197033","+гараж(+10), +двор(+4)",,https://www.imot.bg/obiava-1j171325857197033-prodava-kashta-oblast-sofiya-s-yablanitsa,"Масивна триетажна жилищна сграда с добра локация в с.Ябланица, общ.Своге. РЗП: 177 кв.м. и двор от 1000 кв.м. С гараж. Къщата е с големи и просторни помещения, като се нуждае от ремонт. ИД:57241 За директни клиенти! БЕЗПЛАТНО СЪДЕЙСТВИЕ ЗА БАНКОВО КР..."
14,43.0186807,22.9058943,"v. Чепърлинци, област София, Bulgaria",16 000 € (188 €/m 2 ) Не се начислява ДДС История на цената,85 кв.м,"Продава КЪЩА област София, с. Чепърлинци Обява: 1j177700663398937","+ток(+10), +двор(+4)",,https://www.imot.bg/obiava-1j177700663398937-prodava-kashta-oblast-sofiya-s-cheparlintsi,"Хоум Хил предлага за продажба къща с просторен двор в с.Чепърлинци! Къщата е построена през 50-те години от здрави каменни основи, което я прави стабилна и подходяща за реновиране според вашия вкус. Състои се от следното разпределение: предверие, чет..."
14,42.864587,23.365441,"v. Владо Тричков, област София, Bulgaria",18 000 € (750 €/m 2 ) Не се начислява ДДС История на цената,24 кв.м,"Продава ВИЛА област София, с. Владо Тричков Обява: 1k169660795686984","+вода(+10), +двор(+4)",,https://www.imot.bg/obiava-1k169660795686984-prodava-vila-oblast-sofiya-s-vlado-trichkov,"Едноетажна  постройка.Вилна зона ,махала Ромча.Достъп по макадан.Съседи целогодишно живущи.Вода от извор.Двор терасиран.Барака за инструменти.Спалня ,кухня , предверие  и таванско.Близо до чешма с питейна изворна вода.Мазе.тел.0876115191..."
12,42.922312,22.93018,"t. Драгоман, област София, Bulgaria",30 000 € (1 154 €/m 2 ) Не се начислява ДДС История на цената,26 кв.м,"Продава КЪЩА област София, гр. Драгоман Обява: 1j177367194081221",+целогодишен достъп(+12),,https://www.imot.bg/obiava-1j177367194081221-prodava-kashta-oblast-sofiya-gr-dragoman,"НА 35 МИН. ОТ СОФИЯ!!! ЦЕЛОГОДИШЕН ДОСТЪП!!! Инклузив България представя на Вашето внимание урегулиран поземлен имот сред природа, чист въздух и спокойствие, във вилната зона  Умляк  на гр. Драгоман. Дворът е ландшафтно оформен и е с площ от 764 m2 с..."
12,42.3327555,23.8721549,"t. Момин проход, област София, Bulgaria",45 000 € (338 €/m 2 ) Цената е с включено ДДС История на цената,133 кв.м,"Продава КЪЩА област София, гр. Момин проход Обява: 1j176823323239109",+целогодишен достъп(+12),,https://www.imot.bg/obiava-1j176823323239109-prodava-kashta-oblast-sofiya-gr-momin-prohod,"ARCO REAL ESTATE предлага за продажба къща близнак в гр. Момин проход, разположена на главен път с открита панорамна гледка към зеленина и отличен целогодишен достъп. Имотът представлява стара двуетажна къща близнак със застроена площ от 100 кв.м., с..."
12,42.696834,23.3224,"t. Своге Спирка Орлин, област София, Bulgaria",42 500 € (379 €/m 2 ) Цената е с включено ДДС,112 кв.м,"Продава КЪЩА област София, гр. Своге Спирка Орлин Обява: 1j164942205130866","+асфалт(+8), +двор(+4)",,https://www.imot.bg/obiava-1j164942205130866-prodava-kashta-oblast-sofiya-gr-svoge-spirka-orlin,"Град Своге в близост до спирка на влака  Орлин така ,че може да се ползва и от хора без кола.Двор 520 кв.м.с денивилация.Автомобил би могъл да паркира ако се изгради рампа.Пътя е асфалт и бетон но последните 200 метра е горски равен черен път. Центра..."
12,42.696734,23.322159,"v. Белчин Фусково ханче, област София, Bulgaria",45 000 € (1 047 €/m 2 ) Не се начислява ДДС История на цената,43 кв.м,"Продава КЪЩА област София, с. Белчин Фусково ханче Обява: 1j178412343450642",+целогодишен достъп(+12),,https://www.imot.bg/obiava-1j178412343450642-prodava-kashta-oblast-sofiya-s-belchin-fuskovo-hanche,"Предлагаме за продажба живописен вилен имот с голям потенциал, разположен в спокойната местност  Фусково ханче , с. Белчин. Имотът съчетава тишината на природата с бърз и удобен целогодишен достъп по бетониран път. В имота има узаконена едноетажна ви..."
12,42.6967,23.3219,"v. Белчин Фусково ханче, област София, Bulgaria",45 000 € (1 047 €/m 2 ) Не се начислява ДДС История на цената,43 кв.м,"Продава КЪЩА област София, с. Белчин Фусково ханче Обява: 1j178412343450642",+целогодишен достъп(+12),,https://www.imot.bg/obiava-1j178412343450642-prodava-kashta-oblast-sofiya-s-belchin-fuskovo-hanche#playertag,"Предлагаме за продажба живописен вилен имот с голям потенциал, разположен в спокойната местност  Фусково ханче , с. Белчин. Имотът съчетава тишината на природата с бърз и удобен целогодишен достъп по бетониран път. В имота има узаконена едноетажна ви..."
12,42.8517828,23.0380281,"t. Сливница, област София, Bulgaria",49 999 € (215 €/m 2 ) Не се начислява ДДС История на цената,233 кв.м,"Продава КЪЩА област София, гр. Сливница Обява: 1j177788505191002",+нова(+12),,https://www.imot.bg/obiava-1j177788505191002-prodava-kashta-oblast-sofiya-gr-slivnitsa,"Продаваме урегулиран поземлен имот (УПИ) с площ 671 кв.м., разположен в гр. Сливница със започнато строителство на еднофамилна двуетажна къща. Излети са основи и е изградена подпорна стена. Новият собственик може да избере да довърши започнатия проек..."
12,42.696734,23.321641,"v. Горни Окол щъркелово гнездо, област София, Bulgaria",45 000 € (643 €/m 2 ) Не се начислява ДДС История на цената,70 кв.м,"Продава КЪЩА област София, с. Горни Окол щъркелово гнездо Обява: 1j178524821216817",+нова(+12),,https://www.imot.bg/obiava-1j178524821216817-prodava-kashta-oblast-sofiya-s-gorni-okol-shtarkelovo-gnezdo,"Продавам парцел с две постройки в него, находящ се в землището на с. Горни окол, местост Мало равнище, вилна зона Щъркелово гнездо. Вилите са две - стара и нова , слепени. Има пет стаи, две мазета, тоалетна, баня,веранда,балкон. Вилата е занемарена -..."
12,42.928472,23.381187,"v. Томпсън, област София, Bulgaria",44 900 € (607 €/m 2 ) Не се начислява ДДС История на цената,74 кв.м,"Продава КЪЩА област София, с. Томпсън Обява: 1j177615208955902",+целогодишен достъп(+12),,https://www.imot.bg/obiava-1j177615208955902-prodava-kashta-oblast-sofiya-s-tompsan,"Имоти Премиер предлага къща, строена през 80-те години в с.Томсън. Целогодишен достъп, на 35 минути от гр. София. Централен водопровод. Масивна конструкция с плочи между етажите. Разпределение: 1-ви етаж: една стая и баня, 2-ри етаж: две стаи и предв..."
12,42.922001,22.930608,"t. Драгоман, област София, Bulgaria",30 000 € (1 154 €/m 2 ) Не се начислява ДДС История на цената,26 кв.м,"Продава ВИЛА област София, гр. Драгоман Обява: 1k177367147659325",+целогодишен достъп(+12),,https://www.imot.bg/obiava-1k177367147659325-prodava-vila-oblast-sofiya-gr-dragoman,"НА 35 МИН. ОТ СОФИЯ!!! ЦЕЛОГОДИШЕН ДОСТЪП!!! Инклузив България представя на Вашето внимание урегулиран поземлен имот сред природа, чист въздух и спокойствие, във вилната зона  Умляк  на гр. Драгоман. Дворът е ландшафтно оформен и е с площ от 764 m2 с..."
12,42.993463,23.090871,"v. Шума, област София, Bulgaria",39 000 € (402 €/m 2 ) Не се начислява ДДС История на цената,97 кв.м,"Продава КЪЩА област София, с. Шума махала 'Странье' Обява: 1j176285338269026","+асфалт(+8), +двор(+4)",,https://www.imot.bg/obiava-1j176285338269026-prodava-kashta-oblast-sofiya-s-shuma-mahala-stranye,"ЧУДЕСЕН ИМОТ, НАХОДЯЩ СЕ В ПОЛИТЕ НА ЗАПАДНА СТАРА ПЛАНИНА, НА 45КМ СЕВЕРОЗАПАДНО ОТ ГР.СОФИЯ, И 5КМ. ОТ ГР.ГОДЕЧ. Имотът включва двуетажна сграда от 1983г. и стара постройка, в ограден двор от 1200кв.м с плодни дръвчета и кошери. Застроената площ на..."
12,42.882045,23.390069,"v. Луково м., област София, Bulgaria",49 900 € (1 386 €/m 2 ) Не се начислява ДДС,36 кв.м,"Продава ВИЛА област София, с. Луково м. Обява: 1k165791880671536","+асфалт(+8), +двор(+4)",,https://www.imot.bg/obiava-1k165791880671536-prodava-vila-oblast-sofiya-s-lukovo-m,"ВИРТУС предлага масивна двуетажна вила в планината. Местност ''. Двор с денивелация. На километър от главния път за София. Достъп по асфалт, бетониран път и макадам...."
11,42.714281,23.856433,"v. Долно Камарци, област София, Bulgaria",48 000 € (480 €/m 2 ) Цената е с включено ДДС,100 кв.м,"Продава КЪЩА област София, с. Долно Камарци Обява: 1j177684570195416","+гараж(+10), +целогодишен достъп(+12), +двор(+4)",за ремонт(-15),https://www.imot.bg/obiava-1j177684570195416-prodava-kashta-oblast-sofiya-s-dolno-kamartsi,"Агенция за Недвижими имоти предлага на своите клиенти къща с двор на тихо и спокойно място в село Долно Камарци. Къщата се намира в район с целогодишно ползване и постоянно живеещи съседи. Състои се от партер с гараж и мазе, първи етаж: хол, две спал..."
10,42.864206,23.365528,"v. Владо Тричков, област София, Bulgaria",47 000 € (1 175 €/m 2 ) Цената е с включено ДДС,40 кв.м,"Продава ВИЛА област София, с. Владо Тричков Обява: 1k177521768382421",+ток(+10),,https://www.imot.bg/obiava-1k177521768382421-prodava-vila-oblast-sofiya-s-vlado-trichkov,"ARCO REAL ESTATE продава просторен парцел (УПИ) в с. Владо Тричков, Софийска област. В парцела има и стара вила. Има действаща партида за ток. Водата е от каптаж вътре в двора. Парцелът е с обща площ 1 874 кв.м и предлага широка гама от възможности  ..."
10,42.9894675,22.9691282,"v. Букоровци, област София, Bulgaria",12 499 € (521 €/m 2 ) Не се начислява ДДС История на цената,24 кв.м,"Продава КЪЩА област София, с. Букоровци Обява: 1j177978722968017",+вода(+10),,https://www.imot.bg/obiava-1j177978722968017-prodava-kashta-oblast-sofiya-s-bukorovtsi,"равен, УПИ, селото се намира в Западна България, община Годеч, на 7 км. от общинския център Годеч, 56 км. от София -  24 кв.м. паянтова сграда с изградена ел. инсталация и електромер /в момента тока е прекъснат/; - вода в парцела; - м/у къщи, които с..."
10,43.072688,23.108557,"v. Гинци, област София, Bulgaria",25 500 € (708 €/m 2 ) Цената е с включено ДДС История на цената,36 кв.м,"Продава КЪЩА област София, с. Гинци Махала Полеглица Обява: 1j170163697578351",+ток(+10),,https://www.imot.bg/obiava-1j170163697578351-prodava-kashta-oblast-sofiya-s-gintsi-mahala-poleglitsa,"Имоти Алсим и сие , продава къща(вила) в махала Полеглица, с.Гинци, общ.Годеч, София област, близо до Историческия път - дворното място е 1400 кв.м.застроената къща в имота е 36 кв.м Състои се от -дневна и спалня. - Налични комуникации:  ток, собстве..."
10,42.881542,23.389905,"v. Луково, област София, Bulgaria",43 000 € (1 593 €/m 2 ) Цената е с включено ДДС История на цената,27 кв.м,"Продава КЪЩА област София, с. Луково Обява: 1j171776081288696","+ток(+10), +вода(+10)",панел(-10),https://www.imot.bg/obiava-1j171776081288696-prodava-kashta-oblast-sofiya-s-lukovo,"КЛЮЧ В АГЕНЦИЯТА! ОГЛЕДИ ПО ВСЯКО ВРЕМЕ! Продава имот в с. Луково, местност  Божана чука . Панелна постройка от 27 кв.м. и дворно място от 1010 кв.м. Ток и вода. До имота има целогодишно живеещи в съседство. Къщата се състои от от антре, санитарен въ..."
10,42.421307,23.995524,"v. Мухово, област София, Bulgaria",43 000 € (307 €/m 2 ) Не се начислява ДДС История на цената,140 кв.м,"Продава КЪЩА област София, с. Мухово Обява: 1j175882092722834",+канализация(+10),,https://www.imot.bg/obiava-1j175882092722834-prodava-kashta-oblast-sofiya-s-muhovo,"Продава се двуетажна къща в с. Мухово в непосредствена близост до яз. Тополница с пейзажна гледка към планината. На 80км от град София. Къщата е тухлена, строена през 1988 г. РАЗПРЕДЕЛЕНИЯ: Първи етаж - 70 кв.м: 1.Всекидневна 2.Тоалетна 3.Антре 4.Про..."
10,42.696834,23.3214,"t. Ихтиман Иструм парк, област София, Bulgaria",41 000 € (328 €/m 2 ) Не се начислява ДДС История на цената,125 кв.м,"Продава ВИЛА област София, гр. Ихтиман Иструм парк Обява: 1k157977251687886",+вода(+10),,https://www.imot.bg/obiava-1k157977251687886-prodava-vila-oblast-sofiya-gr-ihtiman-istrum-park,"ИМОТИ КИМА предлага ваканционен имот на брега на язовир Искър, в частен къмпинг 'Инструм парк', с невероятна панорамна гледка към язовира, може да се ползва целогодишно. 🌳 Защо да изберете този имот? ✅ Панорамна гледка към язовира ✅ Частен, охраняем ..."
10,42.696993,23.321193,"t. Самоков Иструм парк, област София, Bulgaria",41 000 € (328 €/m 2 ) Не се начислява ДДС История на цената,125 кв.м,"Продава ВИЛА област София, гр. Самоков Иструм парк Обява: 1k169657658774326",+вода(+10),,https://www.imot.bg/obiava-1k169657658774326-prodava-vila-oblast-sofiya-gr-samokov-istrum-park,"ИМОТИ КИМА предлага ваканционен имот на брега на язовир Искър, в частен къмпинг 'Инструм парк', с невероятна панорамна гледка към язовира, може да се ползва целогодишно. 🌳 Защо да изберете този имот? ✅ Панорамна гледка към язовира ✅ Частен, охраняем ..."
10,42.77385,23.71624,"v. Чурек ул. Изгрев, област София, Bulgaria",50 000 € (294 €/m 2 ) Не се начислява ДДС,170 кв.м,"Продава КЪЩА област София, с. Чурек ул. Изгрев Обява: 1j171092519560090",+ток(+10),,https://www.imot.bg/obiava-1j171092519560090-prodava-kashta-oblast-sofiya-s-churek-ul-izgrev,"Компас пропърти предлага на Вашето внимание 1/2 идеални части от масивна къщa с парцел, находящи се в село Чурек. площ на къщата: застроена площ 50квадратни метра, РЗП 170м2 площ на парцела 470 кв.м Разпределение: три етажа: първи етаж приземен- всек..."
10,42.6132669,23.4567869,"v. Круша, област София, Bulgaria",30 000 € (375 €/m 2 ) Не се начислява ДДС,80 кв.м,"Продава ВИЛА област София, с. Круша Обява: 1k165563667438211",+канализация(+10),,https://www.imot.bg/obiava-1k165563667438211-prodava-vila-oblast-sofiya-s-krusha,"Масивна сграда, качествен ремонт, обзаведена вила с прекрасна локация и страхотен изглед. Вилата е построена изключително стабилно и качествено от собственик архитект, с каменни основи, дренаж изцяло, италиански теракот и ламинат, без влага и мухъл, ..."
10,43.003455,23.348325,"v. Церово, област София, Bulgaria",9 999 € (312 €/m 2 ) Не се начислява ДДС История на цената,32 кв.м,"Продава ВИЛА област София, с. Церово Обява: 1k178273739206792",+вода(+10),,https://www.imot.bg/obiava-1k178273739206792-prodava-vila-oblast-sofiya-s-tserovo,"Продавам тухлена вила в с. Церово, без строителни книжа. Състои се от етаж и полуетаж. В имота има то, но няма вода. В близост има каптиран извор. Вилата не е обитавана дълго време и има нужда от ремонт. Има допълнителна дървена постройка. За любител..."
10,42.693518,23.795567,"v. Макоцево, област София, Bulgaria",23 999 € (1 333 €/m 2 ) Не се начислява ДДС История на цената,18 кв.м,"Продава ВИЛА област София, с. Макоцево Обява: 1k178617641144327",+ток(+10),,https://www.imot.bg/obiava-1k178617641144327-prodava-vila-oblast-sofiya-s-makotsevo,"Продава се парцел с вила намиращ се в с. Макоцево, вилна зона Обчо бърдо. Селото е на 40 км от гр. София и под 1 час с кола. Пътят до селото и вилната зона асфалтиран, а във вилната зона черен, но  проходим за всякакъв тип коли. Имота предлага прекра..."
9,42.810113,23.007541,"v. Гълъбовци, област София, Bulgaria",36 999 € (1 370 €/m 2 ) Не се начислява ДДС,27 кв.м,"Продава ВИЛА област София, с. Гълъбовци Обява: 1k173770535812671","+ток(+10), +вода(+10), +двор(+4)",за ремонт(-15),https://www.imot.bg/obiava-1k173770535812671-prodava-vila-oblast-sofiya-s-galabovtsi,"Вилна сграда с двор с правилна форма на 30-тина км от София. Ток, вода. За ремонт. По тази оферта работим с колеги...."
9,42.989035,23.370925,"v. Желен, област София, Bulgaria",49 990 € (467 €/m 2 ) Цената е с включено ДДС История на цената,107 кв.м,"Продава КЪЩА област София, с. Желен Обява: 1j178645486630326","+ток(+10), +вода(+10), +двор(+4)",недовършен(-15),https://www.imot.bg/obiava-1j178645486630326-prodava-kashta-oblast-sofiya-s-zhelen,"Сердика 1 предлага къща в с. Желен! Имотът е подходящ за вила или къща за гости. Има около 500 м не асфалтиран път, за да се стигне до имота. Намира се само на 45км от София. Двор 994кв.м. и РЗП 107кв.м.. Състои се от общо три етажа. На първи партере..."
9,42.98934,23.370681,"v. Желен, област София, Bulgaria",49 990 € (467 €/m 2 ) Цената е с включено ДДС История на цената,107 кв.м,"Продава КЪЩА област София, с. Желен Обява: 1j178645486630326","+ток(+10), +вода(+10), +двор(+4)",недовършен(-15),https://www.imot.bg/obiava-1j178645486630326-prodava-kashta-oblast-sofiya-s-zhelen#playertag,"Сердика 1 предлага къща в с. Желен! Имотът е подходящ за вила или къща за гости. Има около 500 м не асфалтиран път, за да се стигне до имота. Намира се само на 45км от София. Двор 994кв.м. и РЗП 107кв.м.. Състои се от общо три етажа. На първи партере..."
9,42.896355,23.42515,"v. Батулия, област София, Bulgaria",28 000 € (350 €/m 2 ) Цената е с включено ДДС История на цената,80 кв.м,"Продава КЪЩА област София, с. Батулия Обява: 1j174064965456411","+ток(+10), +вода(+10), +двор(+4)",за ремонт(-15),https://www.imot.bg/obiava-1j174064965456411-prodava-kashta-oblast-sofiya-s-batuliya,"Вилна сграда с ток и вода, сред чист въздух и природа, в с.Батулия. Застроена площ 80 кв.м. и двор от 600 кв.м. Сградата е на два етажа и за ремонт. ИД:61353 За директни клиенти! БЕЗПЛАТНО СЪДЕЙСТВИЕ ЗА БАНКОВО КРЕДИТИРАНЕ! За повече информация и огл..."
9,42.9375457,23.9553815,"v. Осиковска Лакавица, област София, Bulgaria",25 000 € (417 €/m 2 ) Цената е с включено ДДС История на цената,60 кв.м,"Продава КЪЩА област София, с. Осиковска Лакавица Обява: 1j174747987150871","+кладенец(+5), +двор(+4)",,https://www.imot.bg/obiava-1j174747987150871-prodava-kashta-oblast-sofiya-s-osikovska-lakavitsa,Предлагаме ви едноетажна къща във вилната зона на село Осиковска лъкавица с двор от 1000кв.м.къщата е водоснабдена и електрифицирана.В двора има и кладенец....
9,42.992881,23.635198,"v. Радотина, област София, Bulgaria",40 000 € (250 €/m 2 ) Не се начислява ДДС История на цената,160 кв.м,"Продава КЪЩА област София, с. Радотина Обява: 1j162670797468990","+ток(+10), +вода(+10), +двор(+4)",за ремонт(-15),https://www.imot.bg/obiava-1j162670797468990-prodava-kashta-oblast-sofiya-s-radotina,"Агенция СИТИС продава двуетажна къща с двор в с. Радотина, до Ботевград. Къщата е подготвена за ремонт, ток и вода, Б/Т; сламник зад къщата 20 кв.м; септична яма, голям двор. Измазана ограда - дувар; с порта. В селото има два хранителни магазина, цър..."
9,42.896805,23.4247,"v. Батулия, област София, Bulgaria",25 900 € (740 €/m 2 ) Не се начислява ДДС История на цената,35 кв.м,"Продава ВИЛА област София, с. Батулия Обява: 1k175809891120937","+ток(+10), +кладенец(+5), +двор(+4)",панел(-10),https://www.imot.bg/obiava-1k175809891120937-prodava-vila-oblast-sofiya-s-batuliya,"Напълно реновирана вила във вилната зона над село Батулия. Прекрасна гледка в живописна местност. Две стаи, баня и тоалетна и тераса. Допълнителна информация: Допълнителна информация: Ток, кладенец със хидроформова помпа и 1000 литра резервоар, тeрaс..."
9,42.921498,22.930445,"t. Драгоман, област София, Bulgaria",26 990 € (1 038 €/m 2 ) Цената е с включено ДДС,26 кв.м,"Продава ВИЛА област София, гр. Драгоман Обява: 1k178643881939432","+вода(+10), +кладенец(+5), +двор(+4)",панел(-10),https://www.imot.bg/obiava-1k178643881939432-prodava-vila-oblast-sofiya-gr-dragoman,"За повече информация обадете ни се на тел: 0882 817 459 или 02 425 68 21 и цитирайте референтния номер на имота: Sf 91221. Отговорен брокер: Сергей Пеловски Предлагаме за продажба имот, разположен във вилна зона в близост до гр. Драгоман, на около 30..."
9,42.978195,23.437995,"v. Лесковдол, област София, Bulgaria",6 500 € (283 €/m 2 ) Не се начислява ДДС История на цената,23 кв.м,"Продава ВИЛА област София, с. Лесковдол Обява: 1k164927567925426","+ток(+10), +вода(+10), +панорама(+4)",за ремонт(-15),https://www.imot.bg/obiava-1k164927567925426-prodava-vila-oblast-sofiya-s-leskovdol,Паянтова едноетажна постройка. Терен с лека денивелация.Панорама.В сеседство обитаеми къщи.Достъп по макадан 3км.Ток и вода до имота.За ремонт.тел.0876115191...
9,42.3615373,23.3804767,"v. Белчин, област София, Bulgaria",33 000 € (943 €/m 2 ) Цената е с включено ДДС,35 кв.м,"Продава ВИЛА област София, с. Белчин Обява: 1k172407041993178","+ток(+10), +вода(+10), +двор(+4)",груб строеж(-15),https://www.imot.bg/obiava-1k172407041993178-prodava-vila-oblast-sofiya-s-belchin,За повече информация обадете ни се на тел: 0882 817 460 или 02 425 68 22 и цитирайте референтния номер на имота: Bo 85426. Отговорен брокер: Стефан Абанозов Предлагаме за покупка едноетажна вила на груб строеж с двор в село Белчин месност Фусково Хан...
8,42.4979,23.88945,"v. Белица, област София, Bulgaria",42 000 € (618 €/m 2 ) Цената е с включено ДДС История на цената,68 кв.м,"Продава КЪЩА област София, с. Белица Обява: 1j178415462467965","+панорама(+4), +двор(+4)",,https://www.imot.bg/obiava-1j178415462467965-prodava-kashta-oblast-sofiya-s-belitsa,"СЕРДИКА 1 Недвижими имоти представя на Вашето внимание къща с двор в живописното село Белица, махала Бойчиновци. Имотът е идеалното решение за хора, търсещи бягство от градския шум, без да губят връзка с цивилизацията. Основни предимства: Локация: Ти..."
8,42.387972,23.725968,"v. Очуша, област София, Bulgaria",25 500 € (510 €/m 2 ) История на цената,50 кв.м,"Продава КЪЩА област София, с. Очуша Обява: 1j168856023293723","+панорама(+4), +двор(+4)",,https://www.imot.bg/obiava-1j168856023293723-prodava-kashta-oblast-sofiya-s-ochusha,"Стара селска къща със ЗП 50 кв.м. с паянтова конструкция и основи от дялан камък, ведно с двор УПИ 552 кв.м. и две стопански постройки съответно 54 и 30 кв.м. Южно изложение с прекрасна панорама към Рила планина. Разпределението е както следва: на пр..."
5,42.669563,23.602143,"t. Елин Пелин, област София, Bulgaria",34 300 € (581 €/m 2 ) Цената е без ДДС История на цената,59 кв.м,"Продава КЪЩА област София, гр. Елин Пелин Обява: 1j178220102367868",+отопление(+5),,https://www.imot.bg/obiava-1j178220102367868-prodava-kashta-oblast-sofiya-gr-elin-pelin,"Продава се съвременна къща 59 м² с две спални, подходяща за целогодишно живеене, ваканционен имот или втори дом. Модел Family разполага с просторна всекидневна с кухня, две спални, баня и тоалетна. Подробното разпределение можете да видите в приложен..."
5,42.813649,23.215651,"t. Костинброд, област София, Bulgaria",34 300 € (581 €/m 2 ) Цената е без ДДС История на цената,59 кв.м,"Продава КЪЩА област София, гр. Костинброд Обява: 1j178216261310059",+отопление(+5),,https://www.imot.bg/obiava-1j178216261310059-prodava-kashta-oblast-sofiya-gr-kostinbrod,"Продава се съвременна къща 59 м² с две спални, подходяща за целогодишно живеене, ваканционен имот или втори дом. Модел Family разполага с просторна всекидневна с кухня, две спални, баня и тоалетна. Подробното разпределение можете да видите в приложен..."
5,42.896126,23.914893,"t. Правец, област София, Bulgaria",26 900 € (640 €/m 2 ) Цената е без ДДС История на цената,42 кв.м,"Продава КЪЩА област София, гр. Правец Обява: 1j178205473190090",+отопление(+5),,https://www.imot.bg/obiava-1j178205473190090-prodava-kashta-oblast-sofiya-gr-pravets,"Продава се съвременна къща 42 м² с две спални, подходяща за целогодишно живеене, ваканционен имот или втори дом. Модел XL разполага с просторна всекидневна с кухненски бокс, две спални и баня с тоалетна. Подробното разпределение можете да видите в пр..."
5,42.764188,23.196763,"t. Божурище, област София, Bulgaria",34 300 € (581 €/m 2 ) Цената е без ДДС История на цената,59 кв.м,"Продава КЪЩА област София, гр. Божурище Обява: 1j178216253511076",+отопление(+5),,https://www.imot.bg/obiava-1j178216253511076-prodava-kashta-oblast-sofiya-gr-bozhurishte,"Продава се съвременна къща 59 м² с две спални, подходяща за целогодишно живеене, ваканционен имот или втори дом. Модел Family разполага с просторна всекидневна с кухня, две спални, баня и тоалетна. Подробното разпределение можете да видите в приложен..."
5,42.763288,23.196763,"t. Божурище, област София, Bulgaria",26 900 € (640 €/m 2 ) Цената е без ДДС История на цената,42 кв.м,"Продава КЪЩА област София, гр. Божурище Обява: 1j178203370158907",+отопление(+5),,https://www.imot.bg/obiava-1j178203370158907-prodava-kashta-oblast-sofiya-gr-bozhurishte,"Продава се съвременна къща 42 м² с две спални, подходяща за целогодишно живеене, ваканционен имот или втори дом. Модел XL разполага с просторна всекидневна с кухненски бокс, две спални и баня с тоалетна. Подробното разпределение можете да видите в пр..."
5,42.310896,23.764988,"t. Долна баня, област София, Bulgaria",34 300 € (581 €/m 2 ) Цената е без ДДС История на цената,59 кв.м,"Продава КЪЩА област София, гр. Долна баня Обява: 1j178285040756748",+отопление(+5),,https://www.imot.bg/obiava-1j178285040756748-prodava-kashta-oblast-sofiya-gr-dolna-banya,"Продава се съвременна къща 59 м² с две спални, подходяща за целогодишно живеене, ваканционен имот или втори дом. Модел Family разполага с просторна всекидневна с кухня, две спални, баня и тоалетна. Подробното разпределение можете да видите в приложен..."
5,42.668663,23.602143,"t. Елин Пелин, област София, Bulgaria",26 900 € (640 €/m 2 ) Цената е без ДДС История на цената,42 кв.м,"Продава КЪЩА област София, гр. Елин Пелин Обява: 1j178204841222071",+отопление(+5),,https://www.imot.bg/obiava-1j178204841222071-prodava-kashta-oblast-sofiya-gr-elin-pelin,"Продава се съвременна къща 42 м² с две спални, подходяща за целогодишно живеене, ваканционен имот или втори дом. Модел XL разполага с просторна всекидневна с кухненски бокс, две спални и баня с тоалетна. Подробното разпределение можете да видите в пр..."
5,42.3076287,23.8588278,"t. Костенец, област София, Bulgaria",26 900 € (640 €/m 2 ) Цената е без ДДС История на цената,42 кв.м,"Продава КЪЩА област София, гр. Костенец Обява: 1j178205354896924",+отопление(+5),,https://www.imot.bg/obiava-1j178205354896924-prodava-kashta-oblast-sofiya-gr-kostenets,"Продава се съвременна къща 42 м² с две спални, подходяща за целогодишно живеене, ваканционен имот или втори дом. Модел XL разполага с просторна всекидневна с кухненски бокс, две спални и баня с тоалетна. Подробното разпределение можете да видите в пр..."
5,42.310446,23.764538,"t. Долна баня, област София, Bulgaria",26 900 € (640 €/m 2 ) Цената е без ДДС История на цената,42 кв.м,"Продава КЪЩА област София, гр. Долна баня Обява: 1j178205384221039",+отопление(+5),,https://www.imot.bg/obiava-1j178205384221039-prodava-kashta-oblast-sofiya-gr-dolna-banya,"Продава се съвременна къща 42 м² с две спални, подходяща за целогодишно живеене, ваканционен имот или втори дом. Модел XL разполага с просторна всекидневна с кухненски бокс, две спални и баня с тоалетна. Подробното разпределение можете да видите в пр..."
5,42.812749,23.215651,"t. Костинброд, област София, Bulgaria",26 900 € (640 €/m 2 ) Цената е без ДДС История на цената,42 кв.м,"Продава КЪЩА област София, гр. Костинброд Обява: 1j178204818875192",+отопление(+5),,https://www.imot.bg/obiava-1j178204818875192-prodava-kashta-oblast-sofiya-gr-kostinbrod,"Продава се съвременна къща 42 м² с две спални, подходяща за целогодишно живеене, ваканционен имот или втори дом. Модел XL разполага с просторна всекидневна с кухненски бокс, две спални и баня с тоалетна. Подробното разпределение можете да видите в пр..."
5,42.338243,23.559268,"t. Самоков, област София, Bulgaria",26 900 € (640 €/m 2 ) Цената е без ДДС История на цената,42 кв.м,"Продава КЪЩА област София, гр. Самоков Обява: 1j178205373878178",+отопление(+5),,https://www.imot.bg/obiava-1j178205373878178-prodava-kashta-oblast-sofiya-gr-samokov,"Продава се съвременна къща 42 м² с две спални, подходяща за целогодишно живеене, ваканционен имот или втори дом. Модел XL разполага с просторна всекидневна с кухненски бокс, две спални и баня с тоалетна. Подробното разпределение можете да видите в пр..."
5,42.274989,23.538223,"v. Бели Искър, област София, Bulgaria",26 900 € (640 €/m 2 ) Цената е без ДДС История на цената,42 кв.м,"Продава КЪЩА област София, с. Бели Искър Обява: 1j178205366892514",+отопление(+5),,https://www.imot.bg/obiava-1j178205366892514-prodava-kashta-oblast-sofiya-s-beli-iskar,"Продава се съвременна къща 42 м² с две спални, подходяща за целогодишно живеене, ваканционен имот или втори дом. Модел XL разполага с просторна всекидневна с кухненски бокс, две спални и баня с тоалетна. Подробното разпределение можете да видите в пр..."
5,42.556488,23.711376,"v. Вакарел, област София, Bulgaria",26 900 € (640 €/m 2 ) Цената е без ДДС История на цената,42 кв.м,"Продава КЪЩА област София, с. Вакарел Обява: 1j178204969792284",+отопление(+5),,https://www.imot.bg/obiava-1j178204969792284-prodava-kashta-oblast-sofiya-s-vakarel,"Продава се съвременна къща 42 м² с две спални, подходяща за целогодишно живеене, ваканционен имот или втори дом. Модел XL разполага с просторна всекидневна с кухненски бокс, две спални и баня с тоалетна. Подробното разпределение можете да видите в пр..."
5,42.274089,23.538223,"v. Бели Искър, област София, Bulgaria",34 300 € (581 €/m 2 ) Цената е без ДДС История на цената,59 кв.м,"Продава КЪЩА област София, с. Бели Искър Обява: 1j178285050357382",+отопление(+5),,https://www.imot.bg/obiava-1j178285050357382-prodava-kashta-oblast-sofiya-s-beli-iskar,"Продава се съвременна къща 59 м² с две спални, подходяща за целогодишно живеене, ваканционен имот или втори дом. Модел Family разполага с просторна всекидневна с кухня, две спални, баня и тоалетна. Подробното разпределение можете да видите в приложен..."
5,42.337343,23.559268,"t. Самоков, област София, Bulgaria",34 300 € (581 €/m 2 ) Цената е без ДДС История на цената,59 кв.м,"Продава КЪЩА област София, гр. Самоков Обява: 1j178285060709383",+отопление(+5),,https://www.imot.bg/obiava-1j178285060709383-prodava-kashta-oblast-sofiya-gr-samokov,"Продава се съвременна къща 59 м² с две спални, подходяща за целогодишно живеене, ваканционен имот или втори дом. Модел Family разполага с просторна всекидневна с кухня, две спални, баня и тоалетна. Подробното разпределение можете да видите в приложен..."
5,42.895226,23.914893,"t. Правец, област София, Bulgaria",34 300 € (581 €/m 2 ) Цената е без ДДС История на цената,59 кв.м,"Продава КЪЩА област София, гр. Правец Обява: 1j178285079126795",+отопление(+5),,https://www.imot.bg/obiava-1j178285079126795-prodava-kashta-oblast-sofiya-gr-pravets,"Продава се съвременна къща 59 м² с две спални, подходяща за целогодишно живеене, ваканционен имот или втори дом. Модел Family разполага с просторна всекидневна с кухня, две спални, баня и тоалетна. Подробното разпределение можете да видите в приложен..."
5,42.555813,23.711766,"v. Вакарел, област София, Bulgaria",34 300 € (581 €/m 2 ) Цената е без ДДС История на цената,59 кв.м,"Продава КЪЩА област София, с. Вакарел Обява: 1j178285023410653",+отопление(+5),,https://www.imot.bg/obiava-1j178285023410653-prodava-kashta-oblast-sofiya-s-vakarel,"Продава се съвременна къща 59 м² с две спални, подходяща за целогодишно живеене, ваканционен имот или втори дом. Модел Family разполага с просторна всекидневна с кухня, две спални, баня и тоалетна. Подробното разпределение можете да видите в приложен..."
5,42.26262,23.509477,"v. Мала църква, област София, Bulgaria",26 900 € (640 €/m 2 ) Цената е без ДДС История на цената,42 кв.м,"Продава КЪЩА област София, с. Мала църква Обява: 1j178205491110537",+отопление(+5),,https://www.imot.bg/obiava-1j178205491110537-prodava-kashta-oblast-sofiya-s-mala-tsarkva,"Продава се съвременна къща 42 м² с две спални, подходяща за целогодишно живеене, ваканционен имот или втори дом. Модел XL разполага с просторна всекидневна с кухненски бокс, две спални и баня с тоалетна. Подробното разпределение можете да видите в пр..."
5,42.99594,22.86854,"v. Калотина, област София, Bulgaria",38 000 € (268 €/m 2 ) Не се начислява ДДС История на цената,142 кв.м,"Продава КЪЩА област София, с. Калотина Обява: 1j172647382034028","+ток(+10), +вода(+10)",груб строеж(-15),https://www.imot.bg/obiava-1j172647382034028-prodava-kashta-oblast-sofiya-s-kalotina,"Къщата се намира в с.Ново Бърдо, което е на 2км. над с.Калотина по асфалтов път, който се почиства през зимата. Местоположението на селото и къщата се отличава с невероятна природа, страхотни гледки, тишина, спокойствие и чист въздух. Чудесно място з..."
5,42.26172,23.509477,"v. Мала църква, област София, Bulgaria",34 300 € (581 €/m 2 ) Цената е без ДДС История на цената,59 кв.м,"Продава КЪЩА област София, с. Мала църква Обява: 1j178285089550050",+отопление(+5),,https://www.imot.bg/obiava-1j178285089550050-prodava-kashta-oblast-sofiya-s-mala-tsarkva,"Продава се съвременна къща 59 м² с две спални, подходяща за целогодишно живеене, ваканционен имот или втори дом. Модел Family разполага с просторна всекидневна с кухня, две спални, баня и тоалетна. Подробното разпределение можете да видите в приложен..."
5,42.694446,23.705962,"v. Горна Малина, област София, Bulgaria",34 300 € (581 €/m 2 ) Цената е без ДДС История на цената,59 кв.м,"Продава КЪЩА област София, с. Горна Малина Обява: 1j178285068662927",+отопление(+5),,https://www.imot.bg/obiava-1j178285068662927-prodava-kashta-oblast-sofiya-s-gorna-malina,"Продава се съвременна къща 59 м² с две спални, подходяща за целогодишно живеене, ваканционен имот или втори дом. Модел Family разполага с просторна всекидневна с кухня, две спални, баня и тоалетна. Подробното разпределение можете да видите в приложен..."
5,42.693771,23.706352,"v. Горна Малина, област София, Bulgaria",26 900 € (640 €/m 2 ) Цената е без ДДС История на цената,42 кв.м,"Продава КЪЩА област София, с. Горна Малина Обява: 1j178205393201421",+отопление(+5),,https://www.imot.bg/obiava-1j178205393201421-prodava-kashta-oblast-sofiya-s-gorna-malina,"Продава се съвременна къща 42 м² с две спални, подходяща за целогодишно живеене, ваканционен имот или втори дом. Модел XL разполага с просторна всекидневна с кухненски бокс, две спални и баня с тоалетна. Подробното разпределение можете да видите в пр..."
5,42.729498,23.052525,"v. Мала Раковица, област София, Bulgaria",40 000 € (533 €/m 2 ) Не се начислява ДДС История на цената,75 кв.м,"Продава КЪЩА област София, с. Мала Раковица Обява: 1j169926453746618","+ток(+10), +вода(+10)",за ремонт(-15),https://www.imot.bg/obiava-1j169926453746618-prodava-kashta-oblast-sofiya-s-mala-rakovitsa,"Представяме ви къща в село Мала Раковица на 20 мин. с кола от гр.Банкя. Тихо и красиво място за отдих и любителите на природата. Къщата е за ремонт.Намира се до обитаеми къщи и изворна чешма.С два входа и отделни полуетажи.Ток,вода в имота.За повече ..."
5,42.606166,23.596,"v. Нови хан, област София, Bulgaria",34 300 € (581 €/m 2 ) Цената е без ДДС История на цената,59 кв.м,"Продава КЪЩА област София, с. Нови хан Обява: 1j178216271572050",+отопление(+5),,https://www.imot.bg/obiava-1j178216271572050-prodava-kashta-oblast-sofiya-s-novi-han,"Продава се съвременна къща 59 м² с две спални, подходяща за целогодишно живеене, ваканционен имот или втори дом. Модел Family разполага с просторна всекидневна с кухня, две спални, баня и тоалетна. Подробното разпределение можете да видите в приложен..."
5,43.029327,23.869093,"v. Мусачево, област София, Bulgaria",34 300 € (581 €/m 2 ) Цената е без ДДС История на цената,59 кв.м,"Продава КЪЩА област София, с. Мусачево Обява: 1j178220336743899",+отопление(+5),,https://www.imot.bg/obiava-1j178220336743899-prodava-kashta-oblast-sofiya-s-musachevo,"Продава се съвременна къща 59 м² с две спални, подходяща за целогодишно живеене, ваканционен имот или втори дом. Модел Family разполага с просторна всекидневна с кухня, две спални, баня и тоалетна. Подробното разпределение можете да видите в приложен..."
5,42.668053,23.526208,"v. Равно поле, област София, Bulgaria",34 300 € (581 €/m 2 ) Цената е без ДДС История на цената,59 кв.м,"Продава КЪЩА област София, с. Равно поле Обява: 1j178220112095181",+отопление(+5),,https://www.imot.bg/obiava-1j178220112095181-prodava-kashta-oblast-sofiya-s-ravno-pole,"Продава се съвременна къща 59 м² с две спални, подходяща за целогодишно живеене, ваканционен имот или втори дом. Модел Family разполага с просторна всекидневна с кухня, две спални, баня и тоалетна. Подробното разпределение можете да видите в приложен..."
5,42.605266,23.596,"v. Нови хан, област София, Bulgaria",26 900 € (640 €/m 2 ) Цената е без ДДС История на цената,42 кв.м,"Продава КЪЩА област София, с. Нови хан Обява: 1j178204829756035",+отопление(+5),,https://www.imot.bg/obiava-1j178204829756035-prodava-kashta-oblast-sofiya-s-novi-han,"Продава се съвременна къща 42 м² с две спални, подходяща за целогодишно живеене, ваканционен имот или втори дом. Модел XL разполага с просторна всекидневна с кухненски бокс, две спални и баня с тоалетна. Подробното разпределение можете да видите в пр..."
5,42.967637,22.848351,"v. Ново бърдо, област София, Bulgaria",38 000 € (268 €/m 2 ) Не се начислява ДДС История на цената,142 кв.м,"Продава КЪЩА област София, с. Ново бърдо Обява: 1j172647182737943","+ток(+10), +вода(+10)",груб строеж(-15),https://www.imot.bg/obiava-1j172647182737943-prodava-kashta-oblast-sofiya-s-novo-bardo,"Селото се намира на 2км. над с.Калотина по асфалтов път, който се почиства през зимата. Местоположението на селото и къщата се отличава с невероятна природа, страхотни гледки, тишина, спокойствие и чист въздух. Чудесно място за почивка и релакс. Къща..."
5,43.028427,23.869093,"v. Мусачево, област София, Bulgaria",26 900 € (640 €/m 2 ) Цената е без ДДС История на цената,42 кв.м,"Продава КЪЩА област София, с. Мусачево Обява: 1j178205711797938",+отопление(+5),,https://www.imot.bg/obiava-1j178205711797938-prodava-kashta-oblast-sofiya-s-musachevo,"Продава се съвременна къща 42 м² с две спални, подходяща за целогодишно живеене, ваканционен имот или втори дом. Модел XL разполага с просторна всекидневна с кухненски бокс, две спални и баня с тоалетна. Подробното разпределение можете да видите в пр..."
5,42.667153,23.526208,"v. Равно поле, област София, Bulgaria",26 900 € (640 €/m 2 ) Цената е без ДДС История на цената,42 кв.м,"Продава КЪЩА област София, с. Равно поле Обява: 1j178204852166972",+отопление(+5),,https://www.imot.bg/obiava-1j178204852166972-prodava-kashta-oblast-sofiya-s-ravno-pole,"Продава се съвременна къща 42 м² с две спални, подходяща за целогодишно живеене, ваканционен имот или втори дом. Модел XL разполага с просторна всекидневна с кухненски бокс, две спални и баня с тоалетна. Подробното разпределение можете да видите в пр..."
5,42.7065,24.077356,"v. Челопеч, област София, Bulgaria",26 900 € (640 €/m 2 ) Цената е без ДДС История на цената,42 кв.м,"Продава КЪЩА област София, с. Челопеч Обява: 1j178205403865325",+отопление(+5),,https://www.imot.bg/obiava-1j178205403865325-prodava-kashta-oblast-sofiya-s-chelopech,"Продава се съвременна къща 42 м² с две спални, подходяща за целогодишно живеене, ваканционен имот или втори дом. Модел XL разполага с просторна всекидневна с кухненски бокс, две спални и баня с тоалетна. Подробното разпределение можете да видите в пр..."
5,42.87176,22.83193,"v. Ялботина, област София, Bulgaria",42 900 € (613 €/m 2 ) Не се начислява ДДС,70 кв.м,"Продава КЪЩА област София, с. Ялботина Обява: 1j175976751718458","+ток(+10), +вода(+10)",за ремонт(-15),https://www.imot.bg/obiava-1j175976751718458-prodava-kashta-oblast-sofiya-s-yalbotina,"ТЕРРА ЕСТЕЙТ представя къща, здраво тухлено строителство (тухли и бетон) в чистото планинско село Ялботина! Къщата се състои от приземен етаж с три помещения и първи етаж с четири помещения: хол, спалня, кухня и четвъртото за баня с тоалет и перално...."
5,42.6972,23.321034,"v. Макоцево Овче бърдо, област София, Bulgaria",32 000 € (914 €/m 2 ) Не се начислява ДДС История на цената,35 кв.м,"Продава ВИЛА област София, с. Макоцево Овче бърдо Обява: 1k175397906499145",+сонда(+5),,https://www.imot.bg/obiava-1k175397906499145-prodava-vila-oblast-sofiya-s-makotsevo-ovche-bardo,"Продава се вила. Село Макоцево, местност Овче Бърдо, на 45 км.източно от София. Вилата има 3 стаи, бокс,2 тераси едната с камина и мазе. Сградата е с плоча и тухла. Изложение югозапад. Парцела е терасиран, може да се бие сонда. За повече информация и..."
4,43.008484,23.617815,"v. Рашково, област София, Bulgaria",48 000 € (300 €/m 2 ) Не се начислява ДДС История на цената,160 кв.м,"Продава КЪЩА област София, с. Рашково Обява: 1j178273355229815",+двор(+4),,https://www.imot.bg/obiava-1j178273355229815-prodava-kashta-oblast-sofiya-s-rashkovo,"От агенция за недвижими имоти ' Приоритет ' Ви представяме двуетажна къща за продажба с огромен двор към нея и допълнителна постройка!!! ДОПЪЛНИТЕЛНО ОПИСАНИЕ: Предлагаме за продажба двуетажна къща, разположена в тихото и спокойно село Рашково- общин..."
4,42.697441,23.320934,"t. Правец Джурово, област София, Bulgaria",31 000 € (517 €/m 2 ) Не се начислява ДДС История на цената,60 кв.м,"Продава КЪЩА област София, гр. Правец Джурово Обява: 1j176294285355931",+двор(+4),,https://www.imot.bg/obiava-1j176294285355931-prodava-kashta-oblast-sofiya-gr-pravets-dzhurovo,"Агенция СИТИС продава къща с двор в с. Джурово, м. Беляновец. Къщата е на два етажа, но има нужда от довършителни работи. С външни стълби към втория етаж. Голямо дворно място - 760 квм.  Асфалтов път и редовен достъп до Правец и магистрала Хемус. Под..."
4,42.98626,22.95643,"t. Годеч v. Каленовци, област София, Bulgaria",25 000 € (893 €/m 2 ) Цената е без ДДС История на цената,28 кв.м,"Продава КЪЩА област София, гр. Годеч с.Каленовци Обява: 1j146858409774134",+двор(+4),,https://www.imot.bg/obiava-1j146858409774134-prodava-kashta-oblast-sofiya-gr-godech-s-kalenovtsi,Едноетажна постройка за склад за материали.На улица. Изложение юг.Намира се в селото  Каленовци на 4 км. от Годеч.Двор от 1245 кв.м.има и помощна постройка....
4,42.863901,23.365284,"v. Владо Тричков, област София, Bulgaria",34 500 € (1 078 €/m 2 ) Не се начислява ДДС История на цената,32 кв.м,"Продава КЪЩА област София, с. Владо Тричков Обява: 1j174558733112401",+двор(+4),,https://www.imot.bg/obiava-1j174558733112401-prodava-kashta-oblast-sofiya-s-vlado-trichkov,Компания `ЕКС` представя на Вашето внимание къща в с. Владо Тричков. МЕСТОПОЛОЖЕНИЕ: Намира се на 19 км. от град София. СТРОИТЕЛСТВО: Къща от 1990г. РАЗПРЕДЕЛЕНИЕ: Къщата разполага с площ от 32 кв.м. рапределена в три стаи. ДВОР: 565 кв.м. СЪСТОЯНИЕ:...
4,42.95937,23.347968,"t. Своге, област София, Bulgaria",32 000 € (400 €/m 2 ) Не се начислява ДДС История на цената,80 кв.м,"Продава КЪЩА област София, гр. Своге Обява: 1j175171836594901",+панорама(+4),,https://www.imot.bg/obiava-1j175171836594901-prodava-kashta-oblast-sofiya-gr-svoge,Вила във вилната зона на град Своге - Остриката . Има 4 стаи и навес . Двор1200 кв.м.  Панорама . Чист въздух . 400 м черен път . Вход от две улици . Изключителни права ....
4,43.072463,23.108167,"v. Гинци, област София, Bulgaria",36 000 € (360 €/m 2 ) Не се начислява ДДС История на цената,100 кв.м,"Продава КЪЩА област София, с. Гинци Обява: 1j175355162331063",+двор(+4),,https://www.imot.bg/obiava-1j175355162331063-prodava-kashta-oblast-sofiya-s-gintsi,"Компания `ЕКС` представя на Вашето внимание къща в село Гинци. МЕСТОПОЛОЖЕНИЕ: Намира се на 50 км. от Центъра на град София. СТРОИТЕЛСТВО: Къщата е от 1989 г. РАЗПРЕДЕЛЕНИЕ: Къщата разполага с площ от 100 кв.м. разпределена в : Първи етаж- кухня, спа..."
4,43.072688,23.107778,"v. Гинци, област София, Bulgaria",45 000 € (62 €/m 2 ) Не се начислява ДДС,730 кв.м,"Продава КЪЩА област София, с. Гинци Обява: 1j178653833603026",+двор(+4),,https://www.imot.bg/obiava-1j178653833603026-prodava-kashta-oblast-sofiya-s-gintsi,КЪЩА С ГЛЕДКА В С. ГИНЦИ !!! СПОКОЙСТВИЕ !!! ЧИСТ ВЪЗДУХ И ПРИРОДА!!! Home2U Ви представя чудесна възможност да притежавате дом в едно от най-красивите и спокойни села в района на Западна Стара планина- с. Гинци. Имотът е подходящ както за постоянно ...
4,43.138725,23.35692,"v. Дружево, област София, Bulgaria",43 000 € (331 €/m 2 ) Не се начислява ДДС История на цената,130 кв.м,"Продава КЪЩА област София, с. Дружево Обява: 1j177988794220451",+двор(+4),,https://www.imot.bg/obiava-1j177988794220451-prodava-kashta-oblast-sofiya-s-druzhevo,"СЕЛСКИ ИМОТ - с. Дружево, община Своге, област София, къща - тухла, плоча, 2 етажа, строена 1979 г., ЗП - 65 кв.м., РЗП - 130 кв.м., състояща се от: 1-ви етаж - кухня с трапезария и две стаи, 2-ри етаж - дневна и две спални, голяма панорамна тераса, ..."
4,42.97752,23.438385,"v. Лесковдол, област София, Bulgaria",37 000 € (411 €/m 2 ) Не се начислява ДДС История на цената,90 кв.м,"Продава КЪЩА област София, с. Лесковдол Обява: 1j173151569941815",+двор(+4),,https://www.imot.bg/obiava-1j173151569941815-prodava-kashta-oblast-sofiya-s-leskovdol,"Масивна триетажна къща на центъра на селото.Достъп целогодишен.Съседи целогодишно живущи.Партер вкопан  три помешения.1 етаж кухня,хол,спалня ,тераса и входно антре.  външни стълби -2 етаж едно цяло помещение със леко  скосяване от едната страна. Дво..."
4,42.9507319,23.1823952,"v. Дреново, област София, Bulgaria",39 000 € (1 300 €/m 2 ) Не се начислява ДДС История на цената,30 кв.м,"Продава КЪЩА област София, с. Дреново Обява: 1j178621270660333",+двор(+4),,https://www.imot.bg/obiava-1j178621270660333-prodava-kashta-oblast-sofiya-s-drenovo,"Сердика 1 недвижими имоти предлага имот с голям потенциал в спокойната зона на с. Дреново. Със своите 588 кв.м двор с денивелация в единия му край. Има сепрична яма в двора. Това е идеалното място за хора с визия, които искат да създадат своя уютен к..."
4,43.138725,23.35614,"v. Дружево, област София, Bulgaria",44 900 € (345 €/m 2 ) Цената е с включено ДДС История на цената,130 кв.м,"Продава КЪЩА област София, с. Дружево Обява: 1j178291566687092",+двор(+4),,https://www.imot.bg/obiava-1j178291566687092-prodava-kashta-oblast-sofiya-s-druzhevo,"ЕРА Фаворит продава ексклузивно двуетажна къща с двор в село Дружево, София област. Квадратурата на всеки етаж е 65 кв. м., големината на двора е 744 кв. м.  Разпределението на първия етаж е входно антре, веранда от 16 кв. м., кухня с трапезария, две..."
4,42.968924,23.297887,"v. Свидня, област София, Bulgaria",35 000 € (1 167 €/m 2 ) Не се начислява ДДС,30 кв.м,"Продава КЪЩА област София, с. Свидня Обява: 1j178541148579304",+двор(+4),,https://www.imot.bg/obiava-1j178541148579304-prodava-kashta-oblast-sofiya-s-svidnya,"Село Свидня е предпочитано място за хора, които търсят спокойствие, чист въздух и близост до природата, без да се лишават от удобствата на ежедневието. Намира се в застроен и обитаем район с целогодишно живеещи съседи. Населеното място разполага с хр..."
4,42.992378,23.635034,"v. Радотина, област София, Bulgaria",28 000 € (400 €/m 2 ) Цената е с включено ДДС История на цената,70 кв.м,"Продава КЪЩА област София, с. Радотина Обява: 1j174547704815796",+двор(+4),,https://www.imot.bg/obiava-1j174547704815796-prodava-kashta-oblast-sofiya-s-radotina,Предлагаме ви стара едноетажна къща в централната част на село Радотина с двор от 700кв.м....
4,42.6977,23.3209,"v. Реброво Брестово, област София, Bulgaria",31 000 € (124 €/m 2 ) Не се начислява ДДС История на цената,250 кв.м,"Продава КЪЩА област София, с. Реброво Брестово Обява: 1j176977681507600",+двор(+4),,https://www.imot.bg/obiava-1j176977681507600-prodava-kashta-oblast-sofiya-s-rebrovo-brestovo,"Къща с двор в с.Реброво,махала Брестово.За повече информация:Димо Точков:0886505060..."
4,42.992378,23.634505,"v. Радотина, област София, Bulgaria",27 500 € (393 €/m 2 ) Не се начислява ДДС,70 кв.м,"Продава КЪЩА област София, с. Радотина Обява: 1j173797710102821",+двор(+4),,https://www.imot.bg/obiava-1j173797710102821-prodava-kashta-oblast-sofiya-s-radotina,"Предлага се за продажба едноетажна къща с двор и второстепенна постройка в централната част на с.Радотина. Къщата е с площ 70 кв.м. и се състои от: дневна част с трапезария и огнище, кухненски бокс, мокро помещение с баня, две стаи и веранда с външна..."
4,43.0264119,23.6619123,"v. Равна, област София, Bulgaria",49 999 € (1 000 €/m 2 ) Цената е с включено ДДС История на цената,50 кв.м,"Продава КЪЩА област София, с. Равна Обява: 1j177789205557806",+двор(+4),,https://www.imot.bg/obiava-1j177789205557806-prodava-kashta-oblast-sofiya-s-ravna,"Продавам вилен имот в годечкото село Равна, отстоящо на 57 километра от София. Предимства: - Голям парцел; - Съчетание на простор, тишина и пленителни гледки към борова гора; - Изцяло асфалтов достъп; - Без малцинства; - Читави съседи; - Привлекателн..."
4,42.903161,23.399922,"v. Реброво, област София, Bulgaria",49 000 € (613 €/m 2 ) Цената е с включено ДДС История на цената,80 кв.м,"Продава КЪЩА област София, с. Реброво Обява: 1j177314753118276","+вода(+10), +кладенец(+5), +двор(+4)",за ремонт(-15),https://www.imot.bg/obiava-1j177314753118276-prodava-kashta-oblast-sofiya-s-rebrovo,"HomeLife Point ви предлага вила в гората с бърз достъп от главен път София - Своге, на 40 км. от столицата за продажба. Имота се намира във вилна зона над с. Реброво с достъп по черен път. Строена през 1970 г., масивна постройка на два етажа и таванс..."
4,42.969191,23.298041,"v. Свидня, област София, Bulgaria",49 000 € (408 €/m 2 ) Не се начислява ДДС История на цената,120 кв.м,"Продава КЪЩА област София, с. Свидня Обява: 1j175690206516662",+двор(+4),,https://www.imot.bg/obiava-1j175690206516662-prodava-kashta-oblast-sofiya-s-svidnya,"Предлагаме на Вашето внимание къща близнак с изцяло самостоятелен двор и партиди, находяща в с.Свидня на 5 километра от гр. Своге. Имотът се намира непосредствено до центъра на село, в близост до няколко хранителни магазина, ресторант, детска градина..."
4,42.921498,22.929915,"t. Драгоман, област София, Bulgaria",30 000 € (1 071 €/m 2 ) Не се начислява ДДС,28 кв.м,"Продава ВИЛА област София, гр. Драгоман Обява: 1k178394251069709",+панорама(+4),,https://www.imot.bg/obiava-1k178394251069709-prodava-vila-oblast-sofiya-gr-dragoman,"ПАНОРАМА !!! ЧИСТ ВЪЗДУХ !!! РАВЕН ПАРЦЕЛ !!! Home2U представя на вашето внимание разположен във вилната зона на гр. Драгоман, местност Умляк. Парцела е с площ от 764м2 с правилна форма, без денивелация. В имота има построена вила с площ от 26 м2. Ви..."
4,42.7116955,24.1389525,"t. Златица, област София, Bulgaria",50 000 € (667 €/m 2 ) Не се начислява ДДС,75 кв.м,"Продава ВИЛА област София, гр. Златица Обява: 1k178420133799473",+двор(+4),,https://www.imot.bg/obiava-1k178420133799473-prodava-vila-oblast-sofiya-gr-zlatitsa,"ВИЛА В ПОДНОЖИЕТО НА СТАРА ПЛАНИНА! ГОЛЯМ ДВОР! СПОКОЙСТВИЕ И ЧИСТ ВЪЗДУХ! Home2U представя на Вашето внимание чудесна вила, разположена във вилната зона на гр. Златица   място, което съчетава тишина, чист планински въздух и впечатляващи гледки към С..."
4,42.697959,23.320934,"t. Драгоман Драгоил, област София, Bulgaria",50 000 € (625 €/m 2 ) Не се начислява ДДС История на цената,80 кв.м,"Продава ВИЛА област София, гр. Драгоман Драгоил Обява: 1k177399331960476","+ток(+10), +кладенец(+5), +двор(+4)",за ремонт(-15),https://www.imot.bg/obiava-1k177399331960476-prodava-vila-oblast-sofiya-gr-dragoman-dragoil,"Продава се вила с двор и река   на 30 мин от София (м. Дервена, Драгоил) Предлагаме за продажба самостоятелна вила, разположена в живописна и спокойна местност   м. Дервена, с. Драгоил, само на около 30 минути от София и на 500 м от магистрала Европа..."
4,42.959549,24.050391,"v. Джурово, област София, Bulgaria",36 990 € (514 €/m 2 ) Цената е с включено ДДС,72 кв.м,"Продава ВИЛА област София, с. Джурово Обява: 1k175985414519805",+двор(+4),,https://www.imot.bg/obiava-1k175985414519805-prodava-vila-oblast-sofiya-s-dzhurovo#playertag,"За повече информация обадете ни се на тел: 0882 817 459 или 02 425 68 21 и цитирайте референтния номер на имота: Sfa 88338. Отговорен брокер: Сергей Пеловски Представяме ви масивна двуетажна вила с прекрасна панорамна гледка към планината, разположен..."
4,42.97752,23.437605,"v. Лесковдол, област София, Bulgaria",40 000 € (400 €/m 2 ) Цената е с включено ДДС История на цената,100 кв.м,"Продава ВИЛА област София, с. Лесковдол Обява: 1k178695481113762",+двор(+4),,https://www.imot.bg/obiava-1k178695481113762-prodava-vila-oblast-sofiya-s-leskovdol,"Къща на два етажа, плюс таван и мазе. Двор 870 кв.м. Голяма тераса с чудесна гледка...."
4,43.0448975,23.2959666,"v. Зимевица, област София, Bulgaria",42 000 € (875 €/m 2 ) Цената е с включено ДДС История на цената,48 кв.м,"Продава ВИЛА област София, с. Зимевица Обява: 1k177910574339431",+двор(+4),,https://www.imot.bg/obiava-1k177910574339431-prodava-vila-oblast-sofiya-s-zimevitsa,"Представяме Ви,за продажба полумасивна къща в планинското село Зимевица. Застроената площ на вилата е 48кв.м.,разположена върху равен двор. Парцела е с прекрасна гледка към планината и с целогодишно живущи съседи. Вилата има следното разпределение:вх..."
4,42.9950961,23.2850265,"v. Добърчин, област София, Bulgaria",35 000 € (1 029 €/m 2 ) Не се начислява ДДС История на цената,34 кв.м,"Продава ВИЛА област София, с. Добърчин Обява: 1k178410556174670",+панорама(+4),,https://www.imot.bg/obiava-1k178410556174670-prodava-vila-oblast-sofiya-s-dobarchin,"Предлагаме на Вашето внимание, прекрасен имот с живописна панорама на тихо и спокойно място, само на 1 час от гр. София. В имота има вилна сграда, веранда и барбекю. До имота се стига по черен път с кола. Парцелът е терасиран и облагороден. Районът е..."
4,42.958874,24.05078,"v. Джурово, област София, Bulgaria",36 990 € (514 €/m 2 ) Цената е с включено ДДС,72 кв.м,"Продава ВИЛА област София, с. Джурово Обява: 1k175985414519805",+двор(+4),,https://www.imot.bg/obiava-1k175985414519805-prodava-vila-oblast-sofiya-s-dzhurovo,"За повече информация обадете ни се на тел: 0882 817 459 или 02 425 68 21 и цитирайте референтния номер на имота: Sfa 88338. Отговорен брокер: Сергей Пеловски Представяме ви масивна двуетажна вила с прекрасна панорамна гледка към планината, разположен..."
2,42.421757,23.995074,"v. Мухово, област София, Bulgaria",49 500 € (354 €/m 2 ) Не се начислява ДДС История на цената,140 кв.м,"Продава КЪЩА област София, с. Мухово Обява: 1j176043916283991","+гараж(+10), +целогодишен достъп(+12)",гредоред(-20),https://www.imot.bg/obiava-1j176043916283991-prodava-kashta-oblast-sofiya-s-muhovo,"Предлагаме Ви имот с много потенциал в живописното село Мухово, находящо се в планински район, на 22 км североизточно от град Ихтиман, до стената на язовир Тополница и само на 80 км. от гр. София. Районът се характеризира с много мек и топъл микрокли..."
0,42.310896,23.764088,"t. Долна баня, област София, Bulgaria",29 000 € (580 €/m 2 ) Цената е с включено ДДС История на цената,50 кв.м,"Продава КЪЩА област София, гр. Долна баня Обява: 1j177184416629501",,,https://www.imot.bg/obiava-1j177184416629501-prodava-kashta-oblast-sofiya-gr-dolna-banya,"РИМАР 95 ИЗКЛЮЧИТЕЛЕН ПРЕДСТАВИТЕЛ ЗА БЪЛГАРИЯ https://rimar95.bg Ви предлага къщи тип слобяеми от стоманена конструкция ЦЕНИ ОТ 500 ЕВРО ДО 950 ЕВРО/КВ.М., квадратури от 36 - 270 кв.м., външни стени с дебелина от 17 до 25 см. взависиост от конструкц..."
0,42.4384955,23.8143825,"t. Ихтиман, област София, Bulgaria",24 000 € (600 €/m 2 ) Цената е с включено ДДС История на цената,40 кв.м,"Продава КЪЩА област София, гр. Ихтиман Обява: 1j177184360859279",,,https://www.imot.bg/obiava-1j177184360859279-prodava-kashta-oblast-sofiya-gr-ihtiman,"РИМАР 95 ИЗКЛЮЧИТЕЛЕН ПРЕДСТАВИТЕЛ ЗА БЪЛГАРИЯ Ви предлага къщи тип слобяеми от стоманена конструкция, квадратури от 36 - 270 кв.м., външни стени с дебелина от 17 до 25 см. взависиост от конструкцията.с  каменна вата, завършени до ключ. Срок на изгра..."
0,42.7791399,23.1456002,"t. Божурище v. Пролеша, област София, Bulgaria",35 000 € (636 €/m 2 ) Не се начислява ДДС История на цената,55 кв.м,"Продава КЪЩА област София, гр. Божурище с.Пролеша Обява: 1j175888994414196",,,https://www.imot.bg/obiava-1j175888994414196-prodava-kashta-oblast-sofiya-gr-bozhurishte-s-prolesha,"РИМАР 95 ИЗКЛЮЧИТЕЛЕН ПРЕДСТАВИТЕЛ ЗА БЪЛГАРИЯ Ви предлага къщи тип слобяеми от стоманена конструкция, ЦЕНИ ОТ 500 ЕВРО ДО 950 ЕВРО/КВ.М., квадратури от 36 - 270 кв.м., външни стени с дебелина от 17 до 25 см. взависиост от конструкцията.с  каменна ва..."
0,43.015573,23.047406,"t. Годеч, област София, Bulgaria",45 000 € (692 €/m 2 ) Не се начислява ДДС История на цената,65 кв.м,"Продава КЪЩА област София, гр. Годеч Обява: 1j176297511755311",,,https://www.imot.bg/obiava-1j176297511755311-prodava-kashta-oblast-sofiya-gr-godech,Агенция за недвижими имоти АС 'Джей-Ди'има възможност да предложи на своите клиенти равен урбанизиран парцел със стара кирпичена постройка /65кв.м/ в гр. Годеч на пътя за село Туден. Лице на асфалтирана улица. За огледи 0898530425-Димитър Димитров...
0,43.0531788,23.4088836,"Гара Лакатник, област София, Bulgaria",50 000 € (357 €/m 2 ) Цената е с включено ДДС История на цената,140 кв.м,"Продава КЪЩА област София, Гара Лакатник Обява: 1j175871337586471",,,https://www.imot.bg/obiava-1j175871337586471-prodava-kashta-oblast-sofiya-gara-lakatnik,"На Вашето внимание,продавам къща в с.Лакатник.Селото се намира на 50км.от гр.София в красивото Искърско дефиле,сред красива природа и невероятни гледки. Къщата се състои от 2 етажа.Разпределението е следното:първия етаж,антре,помещение за баня и тоал..."
0,42.922001,22.929752,"t. Драгоман, област София, Bulgaria",25 000 € (385 €/m 2 ) Не се начислява ДДС История на цената,65 кв.м,"Продава КЪЩА област София, гр. Драгоман местност Дервен Обява: 1j174228559089812",,,https://www.imot.bg/obiava-1j174228559089812-prodava-kashta-oblast-sofiya-gr-dragoman-mestnost-derven,"Продава се едноетажна масивна къща 65 кв.м. с мазе и прилежащо дворно място от 2 декара. Имота се намира в местност 'Дервен', общ. Драгоман, в непосредствена близост до АМ 'Европа' и река 'Ежевица', на 4 км. от ГКПП-Калотина...."
0,42.8284068,23.2386674,"t. Костинброд v. Голяновци, област София, Bulgaria",28 000 € (700 €/m 2 ) Цената е с включено ДДС История на цената,40 кв.м,"Продава КЪЩА област София, гр. Костинброд с. Голяновци Обява: 1j177184308818487",,,https://www.imot.bg/obiava-1j177184308818487-prodava-kashta-oblast-sofiya-gr-kostinbrod-s-golyanovtsi,"РИМАР 95 ИЗКЛЮЧИТЕЛЕН ПРЕДСТАВИТЕЛ ЗА БЪЛГАРИЯ Ви предлага къщи тип слобяеми от стоманена конструкция, квадратури от 36 - 270 кв.м., външни стени с дебелина от 17 до 25 см. взависиост от конструкцията.с  каменна вата, завършени до ключ. Срок на изгра..."
0,42.959873,23.347804,"t. Своге, област София, Bulgaria",39 500 € (564 €/m 2 ) Не се начислява ДДС История на цената,70 кв.м,"Продава КЪЩА област София, гр. Своге Обява: 1j177381424285541",,,https://www.imot.bg/obiava-1j177381424285541-prodava-kashta-oblast-sofiya-gr-svoge,"PL Group предлага живописен имот, подходящ за релакс и отмора над град Своге. Къщата се намира на ул.Буря, кв. Джиджовица и е със застроена площ от 35 м2, на два етажа и мазе. Разпределението е следното. Етаж 1 - холна част с камина, кухня, вътрешно ..."
0,42.863901,23.364894,"v. Владо Тричков, област София, Bulgaria",37 000 € (411 €/m 2 ) Не се начислява ДДС,90 кв.м,"Продава КЪЩА област София, с. Владо Тричков Обява: 1j177988260720352",,,https://www.imot.bg/obiava-1j177988260720352-prodava-kashta-oblast-sofiya-s-vlado-trichkov,"📌 Референтен номер: 2096056 ❗ Революшън Естейт представя ЕКСКЛУЗИВНО ПРЕДЛОЖЕНИЕ къща около София, с. Владо Тричков❗ Районът предлага спокойствие, чист въздух и красива природна среда, подходяща за отдих и целогодишно живеене. Локацията осигурява уед..."
0,42.34629,23.84975,"v. Горна Василица, област София, Bulgaria",32 000 € (800 €/m 2 ) Цената е с включено ДДС История на цената,40 кв.м,"Продава КЪЩА област София, с. Горна Василица Обява: 1j178415446416483",,,https://www.imot.bg/obiava-1j178415446416483-prodava-kashta-oblast-sofiya-s-gorna-vasilitsa,"СЕРДИКА 1 недвижими имоти предлага за продажба парцел с площ от 1309 кв.м, заедно със стара керпичена постройка, разположен в район с добър достъп и потенциал за развитие. Имотът е подходящ както за жилищно строителство, така и за инвестиционен проек..."
0,43.073138,23.107778,"v. Гинци, област София, Bulgaria",27 990 € (224 €/m 2 ) Не се начислява ДДС,125 кв.м,"Продава КЪЩА област София, с. Гинци Обява: 1j177787939037855",,,https://www.imot.bg/obiava-1j177787939037855-prodava-kashta-oblast-sofiya-s-gintsi,"СПОКОЙСТВИЕ! ПАНОРАМНА ГЛЕДКА! ЧИСТ ВЪЗДУХ! Home2U представя на вашето внимание двуетажна вила в с. Гинци, м. Голяма гора, разположена в тиха и живописна вилна зона с невероятна панорамна гледка към планината.Имотът е с РЗП 125 кв.м, разположен върху..."
0,42.6982,23.321034,"v. Владо Тричков Полените, област София, Bulgaria",32 000 € (427 €/m 2 ) Не се начислява ДДС История на цената,75 кв.м,"Продава КЪЩА област София, с. Владо Тричков Полените Обява: 1j178160821321595",,,https://www.imot.bg/obiava-1j178160821321595-prodava-kashta-oblast-sofiya-s-vlado-trichkov-polenite,В imot.bg от 2018 г. alvido.imot.bg...
0,42.698407,23.321193,"v. Мала Раковица v. РАДУЙ, област София, Bulgaria",29 990 € (345 €/m 2 ) Цената е с включено ДДС История на цената,87 кв.м,"Продава КЪЩА област София, с. Мала Раковица с.РАДУЙ Обява: 1j178612795809794",,,https://www.imot.bg/obiava-1j178612795809794-prodava-kashta-oblast-sofiya-s-mala-rakovitsa-s-raduy,"Физическо лице, собственик на недвижим имот : Двуетажна масивна вилна сграда с разгърната  застроена площ от 86,60 / осемдесет и шест цяло и шестдесет стотни / кв.м., заедно с право на строеж върху урегулирания поземлен имот, в който е построена, инд..."
0,42.881542,23.389376,"v. Луково, област София, Bulgaria",37 000 € (1 156 €/m 2 ) Цената е с включено ДДС История на цената,32 кв.м,"Продава КЪЩА област София, с. Луково Обява: 1j177365232366054",,,https://www.imot.bg/obiava-1j177365232366054-prodava-kashta-oblast-sofiya-s-lukovo,"ЕКСКЛУЗИВНА ОФЕРТА! Вилен имот с целегодишен достъп в с.Луково, общ.Своге. Застроена площ на 31.5 кв.м. и разчистено дворно място от 620 кв.м. ИД:73234 За директни клиенти! БЕЗПЛАТНО СЪДЕЙСТВИЕ ЗА БАНКОВО КРЕДИТИРАНЕ! За повече информация и оглед поз..."
0,42.79134,22.9757,"v. Гургулят, област София, Bulgaria",27 900 € (698 €/m 2 ) Не се начислява ДДС История на цената,40 кв.м,"Продава КЪЩА област София, с. Гургулят Обява: 1j177851495213067",,,https://www.imot.bg/obiava-1j177851495213067-prodava-kashta-oblast-sofiya-s-gurgulyat,"Къща в китното селце Гургулят, намиращо се до гр.Сливница и на 30 минути от гр.София. Тишина и спокойствие в близост до столицата. Пътят до селото се асфалтира, а по новата магистрала се стига за по-малко от 30 мин. Къщата се състои от две стаи и кух..."
0,42.4656796,23.5180804,"v. Горни Окол, област София, Bulgaria",48 000 € (76 €/m 2 ) Цената е с включено ДДС История на цената,635 кв.м,"Продава КЪЩА област София, с. Горни Окол Обява: 1j178578420175577","+ток(+10), +кладенец(+5)",за ремонт(-15),https://www.imot.bg/obiava-1j178578420175577-prodava-kashta-oblast-sofiya-s-gorni-okol,Къща с дворно място на метри от язовир Искър в местност Пасарел красиво място на около 24 километра от Южната дъга на Околовръстното на град София . Достъпът е по 'Самокововско шосе' и около 200 метра черен път.  . Поземленият имот е с площ от 653 кв...
0,43.0398398,23.3302001,"v. Заселе, област София, Bulgaria",27 000 € (551 €/m 2 ) Цената е с включено ДДС История на цената,49 кв.м,"Продава КЪЩА област София, с. Заселе Обява: 1j172683254410109",,,https://www.imot.bg/obiava-1j172683254410109-prodava-kashta-oblast-sofiya-s-zasele,"На Вашето внимание предлагам за продажба вила в планинското село Заселе.Селото се намира в община Своге и на 50км.от град София.Сред невероятна природа и изумителни гледки.Достъпът до имота е по здрав макадам около 400м.,подходящ за лек автомобил.Дво..."
0,42.9869388,23.2523047,"v. Искрец, област София, Bulgaria",34 000 € (850 €/m 2 ) Цената е с включено ДДС История на цената,40 кв.м,"Продава КЪЩА област София, с. Искрец Обява: 1j176640545359476",,,https://www.imot.bg/obiava-1j176640545359476-prodava-kashta-oblast-sofiya-s-iskrets,"На Вашето внимание предлагам за продажба къща в китното село Искрец.Само на 40км.от град София,сред невероятна природа и уникален въздух,подходящ за хора страдащи от белодробни и сърдечни заболявания. Къщата е на два етажа,първото ниво има хол с вътр..."
0,42.698566,23.3214,"v. Макоцево Вилна зона Овче Бърдо, област София, Bulgaria",35 000 € (686 €/m 2 ) Не се начислява ДДС История на цената,51 кв.м,"Продава КЪЩА област София, с. Макоцево Вилна зона Овче Бърдо Обява: 1j178025741943327","+кладенец(+5), +сонда(+5)",панел(-10),https://www.imot.bg/obiava-1j178025741943327-prodava-kashta-oblast-sofiya-s-makotsevo-vilna-zona-ovche-bardo,"Продава се къща 51 м2 с парцел 700 м2, на 45 км. От гр. София, находяща се в област София-област, община Горна Малина, с. Макоцево, в. з. на с. Макоцево, местност Овче Бърдо. Подходящ е за отглеждане на екологично чисти продукти и място за отдих. Има..."
0,42.693771,23.705573,"v. Горна Малина, област София, Bulgaria",45 000 € (195 €/m 2 ) Цената е с включено ДДС История на цената,231 кв.м,"Продава КЪЩА област София, с. Горна Малина Обява: 1j177268112751374",,,https://www.imot.bg/obiava-1j177268112751374-prodava-kashta-oblast-sofiya-s-gorna-malina,"Проект за еднофамилна къща в етап на строителство с. Горна Малина. Възможност за закупуване на ранен етап при най-ниска цена. Проекта епроектиран със следното разпределение - 52кв Ниво -1, предвидено за  Котел, изба и складово помещение. - 104кв. Пар..."
0,42.989721,23.370768,"v. Желен, област София, Bulgaria",50 000 € (1 000 €/m 2 ) Цената е с включено ДДС История на цената,50 кв.м,"Продава КЪЩА област София, с. Желен Обява: 1j172683675829727",,,https://www.imot.bg/obiava-1j172683675829727-prodava-kashta-oblast-sofiya-s-zhelen,"Продавам къща на 46 км.е от гр.София,в самия център на слънчевото село Желен. Красиви гледки към Искърското дефиле,чист въздух и живописна природа. Сградата разполага с четири стаи,сервизно помещение,вътрешна баня и тоалетна,голяма тераса с прекрасна..."
0,42.990078,23.894525,"v. Калугерово, област София, Bulgaria",5 580 € (151 €/m 2 ) Не се начислява ДДС История на цената,37 кв.м,"Продава КЪЩА област София, с. Калугерово Обява: 1j178455488858832",,,https://www.imot.bg/obiava-1j178455488858832-prodava-kashta-oblast-sofiya-s-kalugerovo,"Имот на публична продан за период от 25. 07. 2026 г. до 25. 08. 2026 г. с начална тръжна цена 5 580 евро, по изпълнително дело 104/2025 на ЧСИ Васил Недялков, тел. за контакт: 0721 66041. Предмет на продажбата е 1/2 ид.ч. от: дворно място с площ 500 ..."
0,42.882045,23.389213,"v. Луково, област София, Bulgaria",49 500 € (990 €/m 2 ) Не се начислява ДДС История на цената,50 кв.м,"Продава КЪЩА област София, с. Луково Обява: 1j177852346705267",,,https://www.imot.bg/obiava-1j177852346705267-prodava-kashta-oblast-sofiya-s-lukovo,"Моля брокери да не се обаждат. За допълнителна информация, звънете след 19 часа...."
0,42.90278,23.400009,"v. Реброво, област София, Bulgaria",33 000 € (524 €/m 2 ) Не се начислява ДДС История на цената,63 кв.м,"Продава КЪЩА област София, с. Реброво Обява: 1j173065892551738",,,https://www.imot.bg/obiava-1j173065892551738-prodava-kashta-oblast-sofiya-s-rebrovo,"Агенция ИВ ХОУМС ЕООД има удоволствието да Ви представи Урегулиран поземлен имот с площ от 1108 кв.м. заедно с находящата се в него къща, във вилната зона на село Реброво, община Своге, област София. Разстоянието до него е около 2 км. след като се от..."
0,42.936314,24.010672,"v. Осиковица, област София, Bulgaria",40 000 € (288 €/m 2 ) Цената е с включено ДДС История на цената,139 кв.м,"Продава КЪЩА област София, с. Осиковица Обява: 1j172257036636217",,,https://www.imot.bg/obiava-1j172257036636217-prodava-kashta-oblast-sofiya-s-osikovitsa,Предлагаме ви масивна двуетажна къща във вилната зона на село Осиковица....
0,42.9064208,23.5214667,"v. Огоя, област София, Bulgaria",34 500 € (406 €/m 2 ) Цената е с включено ДДС История на цената,85 кв.м,"Продава КЪЩА област София, с. Огоя Обява: 1j171759612679198",,,https://www.imot.bg/obiava-1j171759612679198-prodava-kashta-oblast-sofiya-s-ogoya,"Home Life ви предлага красива селска къща от средата на миналия век сред прекрасни планински гледки за продажба. Село Огоя е разположено в планински район, в Западната част на Стара планина на 45 км северно от София. Намира се на 900 м надморска висо..."
0,42.902475,23.399765,"v. Реброво, област София, Bulgaria",36 000 € (720 €/m 2 ) Цената е с включено ДДС История на цената,50 кв.м,"Продава КЪЩА област София, с. Реброво Обява: 1j178034582595273",,,https://www.imot.bg/obiava-1j178034582595273-prodava-kashta-oblast-sofiya-s-rebrovo,LA MAISON предлага на вашето внимание къща в с.РЕБРОВО. Селото се намира на 30 мин от София и е подходящо за вила. Двора е терасиран с големина 1000 кв.м. Предлагаме съдействие за ипотечно кредитиране и изготвяне на пазарна оценка на имота. Обадете с...
0,42.902475,23.399375,"v. Реброво, област София, Bulgaria",24 000 € (471 €/m 2 ) Не се начислява ДДС История на цената,51 кв.м,"Продава КЪЩА област София, с. Реброво Обява: 1j175813956279525",,,https://www.imot.bg/obiava-1j175813956279525-prodava-kashta-oblast-sofiya-s-rebrovo,"Агенция за недвижими имоти 'Елтон Имоти' продава вилен имот, намиращ се над с. Реброво, м. 'Голяма полена', с впечатляващ панорамен изглед към искърското дефиле. Имотът е с площ 560 кв м, със стара къща на 2 ет, застроена на 51 кв.м. и втора едноетаж..."
0,42.832095,24.10824,"v. Ямна, област София, Bulgaria",25 000 € (357 €/m 2 ) Не се начислява ДДС История на цената,70 кв.м,"Продава КЪЩА област София, с. Ямна Обява: 1j176638450652981",,,https://www.imot.bg/obiava-1j176638450652981-prodava-kashta-oblast-sofiya-s-yamna,"СПЕШНО!!! Продава се парцелен имот с площ 4 декара, разположен в живописното село Ямна, община Етрополе   район с изключително чист въздух, тишина и природа. Имотът се намира на по-високо място, в близост до река и гори, с красиви панорамни гледки. В..."
0,42.628014,24.085293,"v. Чавдар, област София, Bulgaria",45 000 € (750 €/m 2 ) Цената е с включено ДДС История на цената,60 кв.м,"Продава КЪЩА област София, с. Чавдар Обява: 1j178541116469499",,,https://www.imot.bg/obiava-1j178541116469499-prodava-kashta-oblast-sofiya-s-chavdar,Повече информация на посочения номер....
0,43.003455,23.347545,"v. Церово, област София, Bulgaria",10 000 € (313 €/m 2 ) Не се начислява ДДС История на цената,32 кв.м,"Продава КЪЩА област София, с. Церово м.Гоничето Обява: 1j174136557181727","+вода(+10), +канализация(+10)",без вода(-20),https://www.imot.bg/obiava-1j174136557181727-prodava-kashta-oblast-sofiya-s-tserovo-m-gonicheto,"Без комисиона от купувача. Агенция за недвижими имоти Sofia City View предлага за продажба полумасивна вилна постройка във вилната зона на с.Церово, махала ,,Горничето', общ.Своге. Парцелът е 515кв.м, равен, като в съседство има други вилни постройки..."
0,42.34588,23.61041,"v. Шипочане, област София, Bulgaria",44 000 € (603 €/m 2 ) Не се начислява ДДС История на цената,73 кв.м,"Продава КЪЩА област София, с. Шипочане Обява: 1j176079650347905",,,https://www.imot.bg/obiava-1j176079650347905-prodava-kashta-oblast-sofiya-s-shipochane,"ДИВА Пропъртис предлага в продажба еднофамилна къща в тихото и спокойно село Шипочане, община Самоков на 6 км от град Самоков. Къщата е разположена в централната част на селото, самостоятелна е и съседните имоти са целогодишно обитавани. Разпределена..."
0,42.832095,24.10746,"v. Ямна, област София, Bulgaria",25 000 € (357 €/m 2 ) Не се начислява ДДС История на цената,70 кв.м,"Продава КЪЩА област София, с. Ямна Обява: 1j176638450652981",,,https://www.imot.bg/obiava-1j176638450652981-prodava-kashta-oblast-sofiya-s-yamna#playertag,"СПЕШНО!!! Продава се парцелен имот с площ 4 декара, разположен в живописното село Ямна, община Етрополе   район с изключително чист въздух, тишина и природа. Имотът се намира на по-високо място, в близост до река и гори, с красиви панорамни гледки. В..."
0,42.627114,24.085293,"v. Чавдар, област София, Bulgaria",45 000 € (750 €/m 2 ) Цената е с включено ДДС История на цената,60 кв.м,"Продава КЪЩА област София, с. Чавдар Обява: 1j178541116469499",,,https://www.imot.bg/obiava-1j178541116469499-prodava-kashta-oblast-sofiya-s-chavdar#playertag,Повече информация на посочения номер....
0,42.698666,23.321641,"v. Скравена Вилна зона, област София, Bulgaria",16 000 € (308 €/m 2 ) Не се начислява ДДС История на цената,52 кв.м,"Продава ВИЛА област София, с. Скравена Вилна зона Обява: 1k178610453479993",,,https://www.imot.bg/obiava-1k178610453479993-prodava-vila-oblast-sofiya-s-skravena-vilna-zona,Затруднен достъп до имота...
0,42.8583393,22.8990012,"v. Драготинци, област София, Bulgaria",29 000 € (853 €/m 2 ) Цената е с включено ДДС,34 кв.м,"Продава ВИЛА област София, с. Драготинци Обява: 1k173824266257036",,,https://www.imot.bg/obiava-1k173824266257036-prodava-vila-oblast-sofiya-s-dragotintsi,Представяме ви Урегулиран Поземлен имот на по-малко от час от центъра на София. Парцелът се намира на асфалтов път с едноетажна постройка 34кв.м. Зоната е подходяща за ниско строителство (до 10 м.). Токът и водата е пред парцела. От нас може да очакв...
-1,42.39201,23.63393,"v. Ново село, област София, Bulgaria",45 000 € (750 €/m 2 ) Не се начислява ДДС История на цената,60 кв.м,"Продава КЪЩА област София, с. Ново село Обява: 1j176950678745409","+ток(+10), +панорама(+4)",за ремонт(-15),https://www.imot.bg/obiava-1j176950678745409-prodava-kashta-oblast-sofiya-s-novo-selo,"Малка масивна къща в село Ново село , което се намира на 8-10 км. от гр. Самоков и в непосредствена близост до язовир Искър. Къщата разполага в сутерена с две стаи и мокро помещение. На първия етаж с голяма стая, кухня, помещение за баня, коридор и т..."
-1,42.9344339,23.2412097,"v. Чибаовци, област София, Bulgaria",38 000 € (221 €/m 2 ) Цената е с включено ДДС История на цената,172 кв.м,"Продава КЪЩА област София, с. Чибаовци Обява: 1j177796036779134","+ток(+10), +вода(+10), +панорама(+4)","недовършен(-15), панел(-10)",https://www.imot.bg/obiava-1j177796036779134-prodava-kashta-oblast-sofiya-s-chibaovtsi,"BULGARIA REAL ESTATE Ви предлага ПРОДАВА СЕ КЪЩА В СЕЛО ЧИБАОВЦИ, КОСТИНБРОД   ПРЕКРАСНА ВЪЗМОЖНОСТ С БЪРЗ ДОСТЪП ДО СОФИЯ! ID 5279 Ако мечтаете за спокоен живот, в близост до природата, само на 30 км от столицата, тази оферта е перфектен избор за Ва..."
-1,42.864206,23.36465,"v. Владо Тричков, област София, Bulgaria",13 000 € (325 €/m 2 ) Не се начислява ДДС История на цената,40 кв.м,"Продава ВИЛА област София, с. Владо Тричков Обява: 1k166135991428652","+ток(+10), +панорама(+4)",за ремонт(-15),https://www.imot.bg/obiava-1k166135991428652-prodava-vila-oblast-sofiya-s-vlado-trichkov,Малка вила за ремонт.Достъп по макадан и пътека.Съседи целогодишно живущи.На150 метра от асфалта. Панорама.Терен терасиран.Партида за ток.  Изрядни документи.Водата е от резервоар.тел.0876115191...
-3,42.8781781,22.7898121,"v. Дреатин, област София, Bulgaria",15 338.76 € (341.03 €/m 2 ) Не се начислява ДДС История на цената,45 кв.м,"Продава КЪЩА област София, с. Дреатин Обява: 1j173824150686258","+ток(+10), +вода(+10), +целогодишен достъп(+12)","гредоред(-20), за ремонт(-15)",https://www.imot.bg/obiava-1j173824150686258-prodava-kashta-oblast-sofiya-s-dreatin,"Продавам стара къща,гредоред, за ремонт в с.Дреатин до  гр. Сливница . Парцела е УПИ с ток и вода, водата е вкарана в къщата, има коридор, където може да се изгради баня с тоалетна.Покрива е сменен изцяло преди 8 години. Къщата е стара около 45 кв. м..."
-5,42.864587,23.364737,"v. Владо Тричков, област София, Bulgaria",23 000 € (605 €/m 2 ) Не се начислява ДДС История на цената,38 кв.м,"Продава ВИЛА област София, с. Владо Тричков Обява: 1k170955800119879",+ток(+10),за ремонт(-15),https://www.imot.bg/obiava-1k170955800119879-prodava-vila-oblast-sofiya-s-vlado-trichkov,Масивна вилна сграда за ремонт.С каменни основи.Партида за ток .Разрешение за строеж.Вилна зона Ромча.Терен терасиран.Достъп по черен път-макадан.Около 1 км  от  ЖП гарата....
-6,42.9932838,22.9323477,"v. Беренде, област София, Bulgaria",35 000 € (438 €/m 2 ) Не се начислява ДДС История на цената,80 кв.м,"Продава КЪЩА област София, с. Беренде Обява: 1j175310857456529","+ток(+10), +вода(+10), +двор(+4)","недовършен(-15), груб строеж(-15)",https://www.imot.bg/obiava-1j175310857456529-prodava-kashta-oblast-sofiya-s-berende,"на груб строеж, строена около 1995 год. къща на 2 етажа + таван, покрив керемиди, ЮГ, вътрешни стълби, с разрешение за строеж, недовършена,  вода, ток; - първи етаж - 2 стаи, баня и тоалетна; - втори етаж - 2 стаи с тераса пред тях; - висок таван; - ..."
-10,42.90278,23.399131,"v. Реброво, област София, Bulgaria",49 999 € (1 190 €/m 2 ) Не се начислява ДДС История на цената,42 кв.м,"Продава КЪЩА област София, с. Реброво Обява: 1j168415557058641",+сонда(+5),за ремонт(-15),https://www.imot.bg/obiava-1j168415557058641-prodava-kashta-oblast-sofiya-s-rebrovo,Предлагаме къща в с.Реброво непосредствено до Батолийска река с уникална гледка. Чисто нов ремонтиран покрив. Водата е на сонда с помпа. В съседните къщи се живее целогодишно. На 15 мин от гр. Своге и на час от София. За ремонт. Разпределение партер-...
-11,42.903161,23.399218,"v. Реброво, област София, Bulgaria",43 000 € (558 €/m 2 ) Не се начислява ДДС История на цената,77 кв.м,"Продава КЪЩА област София, с. Реброво Обява: 1j178687432450883",+двор(+4),за ремонт(-15),https://www.imot.bg/obiava-1j178687432450883-prodava-kashta-oblast-sofiya-s-rebrovo,"Едноетажна сграда за ремонт.Вкопани мазета.Кухня,хол и коридор.Баня и тоалетна отделна постройка.Двор терасиран.Достъп целогодишен.Съседи постоянно живущи.Централен водопровод.На 10 мин пешеходно от ЖПгарата,училище,детска градина,строителен магазини..."
-11,42.966962,22.848741,"v. Ново бърдо, област София, Bulgaria",40 000 € (667 €/m 2 ) Не се начислява ДДС История на цената,60 кв.м,"Продава КЪЩА област София, с. Ново бърдо Обява: 1j165840396973550",+панорама(+4),за ремонт(-15),https://www.imot.bg/obiava-1j165840396973550-prodava-kashta-oblast-sofiya-s-novo-bardo#playertag,"Уникална панорама! Чист въздух! На 60 км от София по магистрала 'Европа', и на 2 км от сръбската граница! Достъп по асфалтов път и 20 м посипка. Масивна къща, за ремонт. Два етажа, на първо ниво кухня и баня, на второ 2 спални, с външни стълби.  Къща..."
-11,42.2871841,23.6884972,"v. Радуил, област София, Bulgaria",27 000 € (443 €/m 2 ) Не се начислява ДДС,61 кв.м,"Продава КЪЩА област София, с. Радуил Обява: 1j176857469503152",+двор(+4),за ремонт(-15),https://www.imot.bg/obiava-1j176857469503152-prodava-kashta-oblast-sofiya-s-raduil,"Предлагаме Ви къща за ремонт, заедно с парцела, върху който е построена в центъра на китното курортно село Радуил. Къщата е близнак, като има отделен вход и дворното място е разделено и преградено фактически, но документално е идеална част. Къщата е ..."
-11,42.966962,22.847961,"v. Ново бърдо, област София, Bulgaria",40 000 € (667 €/m 2 ) Не се начислява ДДС История на цената,60 кв.м,"Продава КЪЩА област София, с. Ново бърдо Обява: 1j165840396973550",+панорама(+4),за ремонт(-15),https://www.imot.bg/obiava-1j165840396973550-prodava-kashta-oblast-sofiya-s-novo-bardo,"Уникална панорама! Чист въздух! На 60 км от София по магистрала 'Европа', и на 2 км от сръбската граница! Достъп по асфалтов път и 20 м посипка. Масивна къща, за ремонт. Два етажа, на първо ниво кухня и баня, на второ 2 спални, с външни стълби.  Къща..."
-11,42.8613795,23.5796627,"v. Широки дол, област София, Bulgaria",30 000 € (500 €/m 2 ) Не се начислява ДДС История на цената,60 кв.м,"Продава КЪЩА област София, с. Широки дол Обява: 1j173824485223792",+панорама(+4),за ремонт(-15),https://www.imot.bg/obiava-1j173824485223792-prodava-kashta-oblast-sofiya-s-shiroki-dol,"Предлага ме ви хубав парцел във високата част на селото с хубава панорама. Имота е с площ 600 кв.м. В него има стара масивна къща за ремонт, която разполага с по една стая на етаж. Изложението е запад/юг. Достъпа е 50 метра черен път до асфалта...."
-15,42.555813,23.710986,"v. Вакарел, област София, Bulgaria",38 000 € (253 €/m 2 ) Цената е без ДДС,150 кв.м,"Продава КЪЩА област София, с. Вакарел Обява: 1j177331912683826",,груб строеж(-15),https://www.imot.bg/obiava-1j177331912683826-prodava-kashta-oblast-sofiya-s-vakarel,"ИМОТА Е В С. БЕЛИЦА ! ! ! 45 МИНУТИ ОТ СОФИЯ !!! ВЪЗМОЖНОСТ ЗА ДОВЪРШВАНЕ ПО СОБСТВЕН ПРОЕКТ !!! ПРИРОДА, ЧИСТ ВЪЗДУХ И СПОКОЙСТВИЕ !!! Представяме на вашето внимание къща на груб строеж в с. Белица, община Ихтиман. Селото се намира в живописен район..."
-15,42.497,23.88945,"v. Белица, област София, Bulgaria",38 000 € (253 €/m 2 ) Цената е с включено ДДС,150 кв.м,"Продава КЪЩА област София, с. Белица Обява: 1j177331823189460",,груб строеж(-15),https://www.imot.bg/obiava-1j177331823189460-prodava-kashta-oblast-sofiya-s-belitsa,"45 МИНУТИ ОТ СОФИЯ !!! ВЪЗМОЖНОСТ ЗА ДОВЪРШВАНЕ ПО СОБСТВЕН ПРОЕКТ !!! ПРИРОДА, ЧИСТ ВЪЗДУХ И СПОКОЙСТВИЕ !!! Представяме на вашето внимание къща на груб строеж в с. Белица, община Ихтиман. Селото се намира в живописен район на Средна гора, само на о..."
-15,43.11503,23.393021,"v. Миланово, област София, Bulgaria",31 000 € (221 €/m 2 ) Не се начислява ДДС История на цената,140 кв.м,"Продава КЪЩА област София, с. Миланово Обява: 1j178695997134697",,за ремонт(-15),https://www.imot.bg/obiava-1j178695997134697-prodava-kashta-oblast-sofiya-s-milanovo,"Къща в с. Миланово , общ. Своге, Софийска област. Масивна двуетажна жилищна сграда със застроена площ 70 кв.м и РЗП 140 кв.м и полумасивна стопанска сграда със застроена площ 48кв.м. Двете сгради са разположени в парцел с площ 1950кв.м Къщите са за р..."
-15,42.9936979,24.0100123,"v. Видраре, област София, Bulgaria",40 000 € (313 €/m 2 ) Не се начислява ДДС История на цената,128 кв.м,"Продава ВИЛА област София, с. Видраре Обява: 1k159421392184071",,недовършен(-15),https://www.imot.bg/obiava-1k159421392184071-prodava-vila-oblast-sofiya-s-vidrare,"www.asavia-imoti.com Имотът се намира в с.Видраре, център. Вилата е недовършена , няма изградени комуникации, застроена площ 64кв.м.- партер от два гаража,вкопани мази, два жилищни етажа състоящи се от входни антрета , просторни всекидневни, по две с..."
-20,42.958874,24.050001,"v. Джурово, област София, Bulgaria",25 000 € (313 €/m 2 ) Не се начислява ДДС История на цената,80 кв.м,"Продава КЪЩА област София, с. Джурово Обява: 1j174954611711445",,гредоред(-20),https://www.imot.bg/obiava-1j174954611711445-prodava-kashta-oblast-sofiya-s-dzhurovo,"MVP GROUP REAL ESTATE Продава къща в село Джурово на един час от град София. В парцела са разположени две постройки: Основна къща със следното разпределение партерен етаж две помещения едното е механа със камина  с Водна риза и стая, втори етаж корид..."
-25,42.992881,23.634342,"v. Радотина, област София, Bulgaria",28 500 € (259 €/m 2 ) Не се начислява ДДС История на цената,110 кв.м,"Продава КЪЩА област София, с. Радотина Обява: 1j177547522975191",+гараж(+10),"гредоред(-20), за ремонт(-15)",https://www.imot.bg/obiava-1j177547522975191-prodava-kashta-oblast-sofiya-s-radotina,"🏘 Селото се намира на 17 km от гр.Ботевград и на 83 km от София, на 1 km от подножието на Ржана планина, от двете страни на р.Рударка. 🚗 Селото е с асфалтова пътна мрежа, водопровод, газова мрежа, улично осветление, работещ магазин, църква, читалище ..."
-35,42.8695773,22.9405068,"v. Извор, област София, Bulgaria",37 000 € (529 €/m 2 ) Цената е с включено ДДС История на цената,70 кв.м,"Продава КЪЩА област София, с. Извор Обява: 1j177278934583310",,"гредоред(-20), за ремонт(-15)",https://www.imot.bg/obiava-1j177278934583310-prodava-kashta-oblast-sofiya-s-izvor,"Предлагаме за продажба едноетажна къща, разположена в спокойно и живописно село Извор! Имотът е с площ от 70 кв.м., със следното разпределение: три стаи, кухня и предверие, както и сутерен, подходящ за склад или изба! Къщата е гредоред и е за ремонт,..."
-35,43.015573,23.046626,"t. Годеч, област София, Bulgaria",49 500 € (604 €/m 2 ) Не се начислява ДДС История на цената,82 кв.м,"Продава КЪЩА област София, гр. Годеч Обява: 1j178490324328885",,"гредоред(-20), за ремонт(-15)",https://www.imot.bg/obiava-1j178490324328885-prodava-kashta-oblast-sofiya-gr-godech,"Предлагаме на Вашето внимание имот в гр. Годеч, кв. Найденова махала, сред природа и чист въздух. Къщата е построена в средата на 70-те години, на 2 етапа - две от стаите са кирпичени, две са тухлени. Има изградено помещение за баня с тоалетна. Конст..."
