<?xml version='1.0' encoding='utf-8'?>
<kml xmlns="http://www.opengis.net/kml/2.2">
  <Document>
    <Schema id="PropertySchema" name="PropertySchema">
      <SimpleField name="Score" type="int" />
      <SimpleField name="Price" type="string" />
      <SimpleField name="Size" type="string" />
      <SimpleField name="URL" type="string" />
    </Schema>
    <Style id="style_red">
      <IconStyle>
        <Icon>
          <href>http://maps.google.com/mapfiles/ms/icons/red-dot.png</href>
        </Icon>
      </IconStyle>
    </Style>
    <Style id="style_yellow">
      <IconStyle>
        <Icon>
          <href>http://maps.google.com/mapfiles/ms/icons/yellow-dot.png</href>
        </Icon>
      </IconStyle>
    </Style>
    <Style id="style_green">
      <IconStyle>
        <Icon>
          <href>http://maps.google.com/mapfiles/ms/icons/green-dot.png</href>
        </Icon>
      </IconStyle>
    </Style>
    <Placemark>
      <name>Продава КЪЩА област Перник, с. Еловдол Обява: 1j176874261989404 (33 000 €)</name>
      <ExtendedData>
        <SchemaData schemaUrl="#PropertySchema">
          <SimpleData name="Price">33 000 €</SimpleData>
          <SimpleData name="Size">96 кв.м</SimpleData>
          <SimpleData name="URL">https://www.imot.bg/obiava-1j176874261989404-prodava-kashta-oblast-pernik-s-elovdol</SimpleData>
        </SchemaData>
      </ExtendedData>
      <styleUrl>#style_green</styleUrl>
      <description>&lt;![CDATA[
            &lt;div style="font-family: sans-serif; max-width: 320px;"&gt;
                &lt;img src="https://cdn3.focus.bg/imot/photosimotbg/1/404//big/1j176874261989404_m9.jpg" style="width:100%; height:auto; max-height:220px; object-fit:cover; border-radius:6px; margin-bottom:12px;"/&gt;
                &lt;hr style="border:0; border-top:1px solid #ccc; margin:10px 0;"/&gt;
                &lt;p style="margin:4px 0;"&gt;&lt;b&gt;Matched:&lt;/b&gt; +акт 16(+25), +паркомясто(+8), +ток(+10), +вода(+10), +канализация(+10), +отопление(+5), +двор(+4)&lt;/p&gt;
                &lt;p style="margin:4px 0;"&gt;&lt;b&gt;Penalties:&lt;/b&gt; None&lt;/p&gt;
                &lt;hr style="border:0; border-top:1px solid #ccc; margin:10px 0;"/&gt;
                &lt;p style="margin-top:6px; color:#444;"&gt;&lt;b&gt;Description:&lt;/b&gt;&lt;/p&gt;
                &lt;p style="color:#555; font-size:13px; line-height:1.4;"&gt;459382 Продавам ексклузивно триетажна къща с централен водопровод и голям двор от 2050 кв. м, в с. Еловдол. Намира се на 2 км от центъра на селото, на 60 км западно от София и на 16 кв. от гр. Брезник. Има обитаеми къщи от две страни на имота. Вода в...&lt;/p&gt;
            &lt;/div&gt;
        ]]&gt;</description>
      <Point>
        <coordinates>22.744591,42.622777,0</coordinates>
      </Point>
    </Placemark>
    <Placemark>
      <name>Продава КЪЩА област Перник, с. Расник Обява: 1j178272310730342 (38 000 €)</name>
      <ExtendedData>
        <SchemaData schemaUrl="#PropertySchema">
          <SimpleData name="Price">38 000 €</SimpleData>
          <SimpleData name="Size">60 кв.м</SimpleData>
          <SimpleData name="URL">https://www.imot.bg/obiava-1j178272310730342-prodava-kashta-oblast-pernik-s-rasnik</SimpleData>
        </SchemaData>
      </ExtendedData>
      <styleUrl>#style_green</styleUrl>
      <description>&lt;![CDATA[
            &lt;div style="font-family: sans-serif; max-width: 320px;"&gt;
                &lt;img src="https://imotstatic2.focus.bg/imot/photosimotbg/1/342//big/1j178272310730342_ie.jpg" style="width:100%; height:auto; max-height:220px; object-fit:cover; border-radius:6px; margin-bottom:12px;"/&gt;
                &lt;hr style="border:0; border-top:1px solid #ccc; margin:10px 0;"/&gt;
                &lt;p style="margin:4px 0;"&gt;&lt;b&gt;Matched:&lt;/b&gt; +гараж(+10), +ток(+10), +вода(+10), +канализация(+10), +кладенец(+5), +двор(+4)&lt;/p&gt;
                &lt;p style="margin:4px 0;"&gt;&lt;b&gt;Penalties:&lt;/b&gt; None&lt;/p&gt;
                &lt;hr style="border:0; border-top:1px solid #ccc; margin:10px 0;"/&gt;
                &lt;p style="margin-top:6px; color:#444;"&gt;&lt;b&gt;Description:&lt;/b&gt;&lt;/p&gt;
                &lt;p style="color:#555; font-size:13px; line-height:1.4;"&gt;Стара къща в с.Расник, обл.Перник с площ от 60 кв.м. и двор от 620 кв.м. Допълнително в имота има стопански сгради и гараж. Канализация, кладенец, партиди за ток и вода. Разпределение на къщата: първи етаж - кухня, стая; втори етаж - три стаи. ИД:745...&lt;/p&gt;
            &lt;/div&gt;
        ]]&gt;</description>
      <Point>
        <coordinates>22.9981,42.70167,0</coordinates>
      </Point>
    </Placemark>
    <Placemark>
      <name>Продава КЪЩА област Перник, с. Расник Обява: 1j177772341524205 (45 000 €)</name>
      <ExtendedData>
        <SchemaData schemaUrl="#PropertySchema">
          <SimpleData name="Price">45 000 €</SimpleData>
          <SimpleData name="Size">60 кв.м</SimpleData>
          <SimpleData name="URL">https://www.imot.bg/obiava-1j177772341524205-prodava-kashta-oblast-pernik-s-rasnik</SimpleData>
        </SchemaData>
      </ExtendedData>
      <styleUrl>#style_green</styleUrl>
      <description>&lt;![CDATA[
            &lt;div style="font-family: sans-serif; max-width: 320px;"&gt;
                &lt;img src="https://imotstatic1.focus.bg/imot/photosimotbg/1/205//big/1j177772341524205_NH.jpg" style="width:100%; height:auto; max-height:220px; object-fit:cover; border-radius:6px; margin-bottom:12px;"/&gt;
                &lt;hr style="border:0; border-top:1px solid #ccc; margin:10px 0;"/&gt;
                &lt;p style="margin:4px 0;"&gt;&lt;b&gt;Matched:&lt;/b&gt; +нова(+12), +ток(+10), +вода(+10), +целогодишен достъп(+12), +кладенец(+5)&lt;/p&gt;
                &lt;p style="margin:4px 0;"&gt;&lt;b&gt;Penalties:&lt;/b&gt; None&lt;/p&gt;
                &lt;hr style="border:0; border-top:1px solid #ccc; margin:10px 0;"/&gt;
                &lt;p style="margin-top:6px; color:#444;"&gt;&lt;b&gt;Description:&lt;/b&gt;&lt;/p&gt;
                &lt;p style="color:#555; font-size:13px; line-height:1.4;"&gt;Продавам УПИ 870 кв.м в с. Расник обл.Перник - Къща /около 60 кв.м/ за СЪБАРЯНЕ + Селскостопанска постройка за СЪБАРЯНЕ отразени в документите, което улеснява бъдещото петно за строеж! - Имотът разполага с активни партиди за Ток и Вода - огромно пред...&lt;/p&gt;
            &lt;/div&gt;
        ]]&gt;</description>
      <Point>
        <coordinates>22.99849,42.701445,0</coordinates>
      </Point>
    </Placemark>
    <Placemark>
      <name>Продава КЪЩА област Перник, с. Горни Романци Обява: 1j178126450857904 (26 000 €)</name>
      <ExtendedData>
        <SchemaData schemaUrl="#PropertySchema">
          <SimpleData name="Price">26 000 €</SimpleData>
          <SimpleData name="Size">55 кв.м</SimpleData>
          <SimpleData name="URL">https://www.imot.bg/obiava-1j178126450857904-prodava-kashta-oblast-pernik-s-gorni-romantsi</SimpleData>
        </SchemaData>
      </ExtendedData>
      <styleUrl>#style_green</styleUrl>
      <description>&lt;![CDATA[
            &lt;div style="font-family: sans-serif; max-width: 320px;"&gt;
                &lt;img src="https://imotstatic4.focus.bg/imot/photosimotbg/1/904//big/1j178126450857904_VY.jpg" style="width:100%; height:auto; max-height:220px; object-fit:cover; border-radius:6px; margin-bottom:12px;"/&gt;
                &lt;hr style="border:0; border-top:1px solid #ccc; margin:10px 0;"/&gt;
                &lt;p style="margin:4px 0;"&gt;&lt;b&gt;Matched:&lt;/b&gt; +ток(+10), +вода(+10), +целогодишен достъп(+12), +кладенец(+5), +панорама(+4), +двор(+4)&lt;/p&gt;
                &lt;p style="margin:4px 0;"&gt;&lt;b&gt;Penalties:&lt;/b&gt; None&lt;/p&gt;
                &lt;hr style="border:0; border-top:1px solid #ccc; margin:10px 0;"/&gt;
                &lt;p style="margin-top:6px; color:#444;"&gt;&lt;b&gt;Description:&lt;/b&gt;&lt;/p&gt;
                &lt;p style="color:#555; font-size:13px; line-height:1.4;"&gt;🏡 Къща с двор 630 кв.м. в живописно село до Брезник   асфалтов достъп, ток, вода и прекрасна панорама! Скала Ди предлага за продажба имот с отличен потенциал в с. Горни Романци, само на 5 км от гр. Брезник. Парцелът е с площ 630 кв.м. правилна правоъ...&lt;/p&gt;
            &lt;/div&gt;
        ]]&gt;</description>
      <Point>
        <coordinates>22.892217,42.783417,0</coordinates>
      </Point>
    </Placemark>
    <Placemark>
      <name>Продава КЪЩА област Перник, с. Мурено Обява: 1j171126276280425 (45 000 €)</name>
      <ExtendedData>
        <SchemaData schemaUrl="#PropertySchema">
          <SimpleData name="Price">45 000 €</SimpleData>
          <SimpleData name="Size">36 кв.м</SimpleData>
          <SimpleData name="URL">https://www.imot.bg/obiava-1j171126276280425-prodava-kashta-oblast-pernik-s-mureno</SimpleData>
        </SchemaData>
      </ExtendedData>
      <styleUrl>#style_green</styleUrl>
      <description>&lt;![CDATA[
            &lt;div style="font-family: sans-serif; max-width: 320px;"&gt;
                &lt;img src="https://imotstatic4.focus.bg/imot/photosimotbg/1/425//big/1j171126276280425_TZ.jpg" style="width:100%; height:auto; max-height:220px; object-fit:cover; border-radius:6px; margin-bottom:12px;"/&gt;
                &lt;hr style="border:0; border-top:1px solid #ccc; margin:10px 0;"/&gt;
                &lt;p style="margin:4px 0;"&gt;&lt;b&gt;Matched:&lt;/b&gt; +гараж(+10), +вода(+10), +целогодишен достъп(+12), +панорама(+4), +двор(+4)&lt;/p&gt;
                &lt;p style="margin:4px 0;"&gt;&lt;b&gt;Penalties:&lt;/b&gt; None&lt;/p&gt;
                &lt;hr style="border:0; border-top:1px solid #ccc; margin:10px 0;"/&gt;
                &lt;p style="margin-top:6px; color:#444;"&gt;&lt;b&gt;Description:&lt;/b&gt;&lt;/p&gt;
                &lt;p style="color:#555; font-size:13px; line-height:1.4;"&gt;Агенция Бела Ви предлага къща в село Мурено с площ 36кв м .Тухла, плоча на два етажа с външни стълби.Първи етаж се състои от кухня, дневна,килер кото може да се преустрои в баня ,тераса която е усвоена . Втори етаж са две просторни стаи и тераса с пр...&lt;/p&gt;
            &lt;/div&gt;
        ]]&gt;</description>
      <Point>
        <coordinates>22.719852,42.62659,0</coordinates>
      </Point>
    </Placemark>
    <Placemark>
      <name>Продава ВИЛА област Перник, с. Борнарево Обява: 1k175319946375576 (46 000 €)</name>
      <ExtendedData>
        <SchemaData schemaUrl="#PropertySchema">
          <SimpleData name="Price">46 000 €</SimpleData>
          <SimpleData name="Size">50 кв.м</SimpleData>
          <SimpleData name="URL">https://www.imot.bg/obiava-1k175319946375576-prodava-vila-oblast-pernik-s-bornarevo</SimpleData>
        </SchemaData>
      </ExtendedData>
      <styleUrl>#style_green</styleUrl>
      <description>&lt;![CDATA[
            &lt;div style="font-family: sans-serif; max-width: 320px;"&gt;
                &lt;img src="https://cdn3.focus.bg/imot/photosimotbg/1/576//big/1k175319946375576_ye.jpg" style="width:100%; height:auto; max-height:220px; object-fit:cover; border-radius:6px; margin-bottom:12px;"/&gt;
                &lt;hr style="border:0; border-top:1px solid #ccc; margin:10px 0;"/&gt;
                &lt;p style="margin:4px 0;"&gt;&lt;b&gt;Matched:&lt;/b&gt; +гараж(+10), +ток(+10), +вода(+10), +кладенец(+5), +двор(+4)&lt;/p&gt;
                &lt;p style="margin:4px 0;"&gt;&lt;b&gt;Penalties:&lt;/b&gt; None&lt;/p&gt;
                &lt;hr style="border:0; border-top:1px solid #ccc; margin:10px 0;"/&gt;
                &lt;p style="margin-top:6px; color:#444;"&gt;&lt;b&gt;Description:&lt;/b&gt;&lt;/p&gt;
                &lt;p style="color:#555; font-size:13px; line-height:1.4;"&gt;АТРАКТИВНА ВИЛА С ГАРАЖ И 500 КВ.М ДВОР   С. БОРНАРЕВО, ОБЩ. РАДОМИР Агенция  Тангра Пропъртис  предлага за продажба уютна двуетажна къща с голям двор, разположена в с. Борнарево, община Радомир, област Перник. Имотът е чудесен избор за хора, които т...&lt;/p&gt;
            &lt;/div&gt;
        ]]&gt;</description>
      <Point>
        <coordinates>22.932405,42.536877,0</coordinates>
      </Point>
    </Placemark>
    <Placemark>
      <name>Продава ВИЛА област Перник, с. Кондофрей Обява: 1k177866047660675 (25 564 €)</name>
      <ExtendedData>
        <SchemaData schemaUrl="#PropertySchema">
          <SimpleData name="Price">25 564 €</SimpleData>
          <SimpleData name="Size">47 кв.м</SimpleData>
          <SimpleData name="URL">https://www.imot.bg/obiava-1k177866047660675-prodava-vila-oblast-pernik-s-kondofrey</SimpleData>
        </SchemaData>
      </ExtendedData>
      <styleUrl>#style_green</styleUrl>
      <description>&lt;![CDATA[
            &lt;div style="font-family: sans-serif; max-width: 320px;"&gt;
                &lt;img src="https://imotstatic1.focus.bg/imot/photosimotbg/1/675//big/1k177866047660675_AC.jpg" style="width:100%; height:auto; max-height:220px; object-fit:cover; border-radius:6px; margin-bottom:12px;"/&gt;
                &lt;hr style="border:0; border-top:1px solid #ccc; margin:10px 0;"/&gt;
                &lt;p style="margin:4px 0;"&gt;&lt;b&gt;Matched:&lt;/b&gt; +гараж(+10), +ток(+10), +вода(+10), +сонда(+5), +двор(+4)&lt;/p&gt;
                &lt;p style="margin:4px 0;"&gt;&lt;b&gt;Penalties:&lt;/b&gt; None&lt;/p&gt;
                &lt;hr style="border:0; border-top:1px solid #ccc; margin:10px 0;"/&gt;
                &lt;p style="margin-top:6px; color:#444;"&gt;&lt;b&gt;Description:&lt;/b&gt;&lt;/p&gt;
                &lt;p style="color:#555; font-size:13px; line-height:1.4;"&gt;Сердика 1 Недвижими имоти предлага живописен имот (двор 1093 кв.м) с бунгало и голям гараж до борова гора. Дворно място: 1093 кв.м, изцяло оградено, с лека и много приятна денивелация. Жилищна сграда: Застроена площ от 47 кв.м със стабилна основа, го...&lt;/p&gt;
            &lt;/div&gt;
        ]]&gt;</description>
      <Point>
        <coordinates>23.005714,42.42747,0</coordinates>
      </Point>
    </Placemark>
    <Placemark>
      <name>Продава КЪЩА област Перник, с. Светля Обява: 1j175921248809628 (23 000 €)</name>
      <ExtendedData>
        <SchemaData schemaUrl="#PropertySchema">
          <SimpleData name="Price">23 000 €</SimpleData>
          <SimpleData name="Size">1640 кв.м</SimpleData>
          <SimpleData name="URL">https://www.imot.bg/obiava-1j175921248809628-prodava-kashta-oblast-pernik-s-svetlya</SimpleData>
        </SchemaData>
      </ExtendedData>
      <styleUrl>#style_green</styleUrl>
      <description>&lt;![CDATA[
            &lt;div style="font-family: sans-serif; max-width: 320px;"&gt;
                &lt;img src="https://cdn3.focus.bg/imot/photosimotbg/1/628//big/1j175921248809628_Ym.jpg" style="width:100%; height:auto; max-height:220px; object-fit:cover; border-radius:6px; margin-bottom:12px;"/&gt;
                &lt;hr style="border:0; border-top:1px solid #ccc; margin:10px 0;"/&gt;
                &lt;p style="margin:4px 0;"&gt;&lt;b&gt;Matched:&lt;/b&gt; +ток(+10), +вода(+10), +целогодишен достъп(+12), +кладенец(+5)&lt;/p&gt;
                &lt;p style="margin:4px 0;"&gt;&lt;b&gt;Penalties:&lt;/b&gt; None&lt;/p&gt;
                &lt;hr style="border:0; border-top:1px solid #ccc; margin:10px 0;"/&gt;
                &lt;p style="margin-top:6px; color:#444;"&gt;&lt;b&gt;Description:&lt;/b&gt;&lt;/p&gt;
                &lt;p style="color:#555; font-size:13px; line-height:1.4;"&gt;Имота се продава от Собственик. Намира се в Центъра на с. Светля, община Ковачевци, обл. Перник и е на 50 км от гр. София. Имота е с обща площ 1640 кв м.,има кладенец и е с актуални партиди за вода и ток. В селото има много добре снабден магазин за х...&lt;/p&gt;
            &lt;/div&gt;
        ]]&gt;</description>
      <Point>
        <coordinates>22.799419,42.595643,0</coordinates>
      </Point>
    </Placemark>
    <Placemark>
      <name>Продава КЪЩА област Перник, с. Владимир Обява: 1j171860957880093 (29 654.93 €)</name>
      <ExtendedData>
        <SchemaData schemaUrl="#PropertySchema">
          <SimpleData name="Price">29 654.93 €</SimpleData>
          <SimpleData name="Size">60 кв.м</SimpleData>
          <SimpleData name="URL">https://www.imot.bg/obiava-1j171860957880093-prodava-kashta-oblast-pernik-s-vladimir</SimpleData>
        </SchemaData>
      </ExtendedData>
      <styleUrl>#style_green</styleUrl>
      <description>&lt;![CDATA[
            &lt;div style="font-family: sans-serif; max-width: 320px;"&gt;
                &lt;img src="https://imotstatic3.focus.bg/imot/photosimotbg/1/093//big/1j171860957880093_5k.jpg" style="width:100%; height:auto; max-height:220px; object-fit:cover; border-radius:6px; margin-bottom:12px;"/&gt;
                &lt;hr style="border:0; border-top:1px solid #ccc; margin:10px 0;"/&gt;
                &lt;p style="margin:4px 0;"&gt;&lt;b&gt;Matched:&lt;/b&gt; +ток(+10), +вода(+10), +целогодишен достъп(+12), +двор(+4)&lt;/p&gt;
                &lt;p style="margin:4px 0;"&gt;&lt;b&gt;Penalties:&lt;/b&gt; None&lt;/p&gt;
                &lt;hr style="border:0; border-top:1px solid #ccc; margin:10px 0;"/&gt;
                &lt;p style="margin-top:6px; color:#444;"&gt;&lt;b&gt;Description:&lt;/b&gt;&lt;/p&gt;
                &lt;p style="color:#555; font-size:13px; line-height:1.4;"&gt;Масивна едноетажна къща върху мазета построена в двор от 1395кв.м. Имота е в близост до централната част на селото, наоколо няма много съседи.Целогодишен достъп. Къщата се състои от входно антре, вестибюл и три стаи.Няма вътрешен санитарен възел. Ток...&lt;/p&gt;
            &lt;/div&gt;
        ]]&gt;</description>
      <Point>
        <coordinates>23.0826,42.44158,0</coordinates>
      </Point>
    </Placemark>
    <Placemark>
      <name>Продава КЪЩА област Перник, с. Долни Романци Обява: 1j178194263309482 (49 000 €)</name>
      <ExtendedData>
        <SchemaData schemaUrl="#PropertySchema">
          <SimpleData name="Price">49 000 €</SimpleData>
          <SimpleData name="Size">80 кв.м</SimpleData>
          <SimpleData name="URL">https://www.imot.bg/obiava-1j178194263309482-prodava-kashta-oblast-pernik-s-dolni-romantsi</SimpleData>
        </SchemaData>
      </ExtendedData>
      <styleUrl>#style_green</styleUrl>
      <description>&lt;![CDATA[
            &lt;div style="font-family: sans-serif; max-width: 320px;"&gt;
                &lt;img src="https://imotstatic3.focus.bg/imot/photosimotbg/1/482//big/1j178194263309482_tl.jpg" style="width:100%; height:auto; max-height:220px; object-fit:cover; border-radius:6px; margin-bottom:12px;"/&gt;
                &lt;hr style="border:0; border-top:1px solid #ccc; margin:10px 0;"/&gt;
                &lt;p style="margin:4px 0;"&gt;&lt;b&gt;Matched:&lt;/b&gt; +ток(+10), +вода(+10), +целогодишен достъп(+12), +двор(+4)&lt;/p&gt;
                &lt;p style="margin:4px 0;"&gt;&lt;b&gt;Penalties:&lt;/b&gt; None&lt;/p&gt;
                &lt;hr style="border:0; border-top:1px solid #ccc; margin:10px 0;"/&gt;
                &lt;p style="margin-top:6px; color:#444;"&gt;&lt;b&gt;Description:&lt;/b&gt;&lt;/p&gt;
                &lt;p style="color:#555; font-size:13px; line-height:1.4;"&gt;Продава се масивна двуетажна къща с двор в с. Долни Романци, община Брезник. Имотът се намира в тих и живописен район, само на около 10 км от гр. Брезник и 50 км от София. Подходящ е както за постоянно живеене, така и за ваканционен имот сред чист въ...&lt;/p&gt;
            &lt;/div&gt;
        ]]&gt;</description>
      <Point>
        <coordinates>22.907239,42.76912,0</coordinates>
      </Point>
    </Placemark>
    <Placemark>
      <name>Продава КЪЩА област Перник, с. Станьовци Обява: 1j168846325174968 (11 500 €)</name>
      <ExtendedData>
        <SchemaData schemaUrl="#PropertySchema">
          <SimpleData name="Price">11 500 €</SimpleData>
          <SimpleData name="Size">50 кв.м</SimpleData>
          <SimpleData name="URL">https://www.imot.bg/obiava-1j168846325174968-prodava-kashta-oblast-pernik-s-stanyovtsi</SimpleData>
        </SchemaData>
      </ExtendedData>
      <styleUrl>#style_green</styleUrl>
      <description>&lt;![CDATA[
            &lt;div style="font-family: sans-serif; max-width: 320px;"&gt;
                &lt;img src="https://imotstatic4.focus.bg/imot/photosimotbg/1/968//big/1r168846325174968_Vd.jpg" style="width:100%; height:auto; max-height:220px; object-fit:cover; border-radius:6px; margin-bottom:12px;"/&gt;
                &lt;hr style="border:0; border-top:1px solid #ccc; margin:10px 0;"/&gt;
                &lt;p style="margin:4px 0;"&gt;&lt;b&gt;Matched:&lt;/b&gt; +ток(+10), +вода(+10), +целогодишен достъп(+12), +панорама(+4)&lt;/p&gt;
                &lt;p style="margin:4px 0;"&gt;&lt;b&gt;Penalties:&lt;/b&gt; None&lt;/p&gt;
                &lt;hr style="border:0; border-top:1px solid #ccc; margin:10px 0;"/&gt;
                &lt;p style="margin-top:6px; color:#444;"&gt;&lt;b&gt;Description:&lt;/b&gt;&lt;/p&gt;
                &lt;p style="color:#555; font-size:13px; line-height:1.4;"&gt;55 км западно от околовръстния път на гр. София. Полупланинско село с живописна природа. Имотът, който предлагаме на Вашето внимание представлява УПИ с площ от 680 кв. м. Имотът е равен с целогодишен достъп. В него има стара къща и стопанска сграда, ...&lt;/p&gt;
            &lt;/div&gt;
        ]]&gt;</description>
      <Point>
        <coordinates>22.733104,42.689255,0</coordinates>
      </Point>
    </Placemark>
    <Placemark>
      <name>Продава ВИЛА област Перник, с. Берайнци Обява: 1k177417239122910 (26 000 €)</name>
      <ExtendedData>
        <SchemaData schemaUrl="#PropertySchema">
          <SimpleData name="Price">26 000 €</SimpleData>
          <SimpleData name="Size">70 кв.м</SimpleData>
          <SimpleData name="URL">https://www.imot.bg/obiava-1k177417239122910-prodava-vila-oblast-pernik-s-berayntsi</SimpleData>
        </SchemaData>
      </ExtendedData>
      <styleUrl>#style_green</styleUrl>
      <description>&lt;![CDATA[
            &lt;div style="font-family: sans-serif; max-width: 320px;"&gt;
                &lt;img src="https://cdn3.focus.bg/imot/photosimotbg/1/910//big/1k177417239122910_xz.jpg" style="width:100%; height:auto; max-height:220px; object-fit:cover; border-radius:6px; margin-bottom:12px;"/&gt;
                &lt;hr style="border:0; border-top:1px solid #ccc; margin:10px 0;"/&gt;
                &lt;p style="margin:4px 0;"&gt;&lt;b&gt;Matched:&lt;/b&gt; +ток(+10), +вода(+10), +целогодишен достъп(+12), +двор(+4)&lt;/p&gt;
                &lt;p style="margin:4px 0;"&gt;&lt;b&gt;Penalties:&lt;/b&gt; None&lt;/p&gt;
                &lt;hr style="border:0; border-top:1px solid #ccc; margin:10px 0;"/&gt;
                &lt;p style="margin-top:6px; color:#444;"&gt;&lt;b&gt;Description:&lt;/b&gt;&lt;/p&gt;
                &lt;p style="color:#555; font-size:13px; line-height:1.4;"&gt;Продава вила в с.Бейранци 70кв.м, двор 800кв.м. Вилата е с целогодишен достъп, с постоянно живущи съседи, ток, вода в имота.Намира се на 70км от гр.София и 6км от гр. Трън.Двора е с лека денивилация, с невероятна гледка. Разпределение на вилата: първ...&lt;/p&gt;
            &lt;/div&gt;
        ]]&gt;</description>
      <Point>
        <coordinates>22.5936521,42.8083931,0</coordinates>
      </Point>
    </Placemark>
    <Placemark>
      <name>Продава КЪЩА област Перник, с. Борнарево Обява: 1j178654934710619 (46 000 €)</name>
      <ExtendedData>
        <SchemaData schemaUrl="#PropertySchema">
          <SimpleData name="Price">46 000 €</SimpleData>
          <SimpleData name="Size">100 кв.м</SimpleData>
          <SimpleData name="URL">https://www.imot.bg/obiava-1j178654934710619-prodava-kashta-oblast-pernik-s-bornarevo</SimpleData>
        </SchemaData>
      </ExtendedData>
      <styleUrl>#style_green</styleUrl>
      <description>&lt;![CDATA[
            &lt;div style="font-family: sans-serif; max-width: 320px;"&gt;
                &lt;img src="https://imotstatic4.focus.bg/imot/photosimotbg/1/619//big/1j178654934710619_bA.jpg" style="width:100%; height:auto; max-height:220px; object-fit:cover; border-radius:6px; margin-bottom:12px;"/&gt;
                &lt;hr style="border:0; border-top:1px solid #ccc; margin:10px 0;"/&gt;
                &lt;p style="margin:4px 0;"&gt;&lt;b&gt;Matched:&lt;/b&gt; +гараж(+10), +ток(+10), +вода(+10), +кладенец(+5)&lt;/p&gt;
                &lt;p style="margin:4px 0;"&gt;&lt;b&gt;Penalties:&lt;/b&gt; None&lt;/p&gt;
                &lt;hr style="border:0; border-top:1px solid #ccc; margin:10px 0;"/&gt;
                &lt;p style="margin-top:6px; color:#444;"&gt;&lt;b&gt;Description:&lt;/b&gt;&lt;/p&gt;
                &lt;p style="color:#555; font-size:13px; line-height:1.4;"&gt;с. Борнарево отстои на 35 км от околовръстния път на гр. София (от квартал Княжево) и на 1,5 км от гр. Радомир. Имотът, който предлагаме на Вашето внимание представлява дворно място с площ от 500 кв. метра ведно с жилищна сграда (тухла/плоча) със зас...&lt;/p&gt;
            &lt;/div&gt;
        ]]&gt;</description>
      <Point>
        <coordinates>22.932757,42.536708,0</coordinates>
      </Point>
    </Placemark>
    <Placemark>
      <name>Продава КЪЩА област Перник, с. Копаница Обява: 1j177375638902804 (11 000 €)</name>
      <ExtendedData>
        <SchemaData schemaUrl="#PropertySchema">
          <SimpleData name="Price">11 000 €</SimpleData>
          <SimpleData name="Size">73 кв.м</SimpleData>
          <SimpleData name="URL">https://www.imot.bg/obiava-1j177375638902804-prodava-kashta-oblast-pernik-s-kopanitsa</SimpleData>
        </SchemaData>
      </ExtendedData>
      <styleUrl>#style_green</styleUrl>
      <description>&lt;![CDATA[
            &lt;div style="font-family: sans-serif; max-width: 320px;"&gt;
                &lt;img src="https://imotstatic3.focus.bg/imot/photosimotbg/1/804//big/1j177375638902804_yV.jpg" style="width:100%; height:auto; max-height:220px; object-fit:cover; border-radius:6px; margin-bottom:12px;"/&gt;
                &lt;hr style="border:0; border-top:1px solid #ccc; margin:10px 0;"/&gt;
                &lt;p style="margin:4px 0;"&gt;&lt;b&gt;Matched:&lt;/b&gt; +нова(+12), +ток(+10), +кладенец(+5), +панорама(+4), +двор(+4)&lt;/p&gt;
                &lt;p style="margin:4px 0;"&gt;&lt;b&gt;Penalties:&lt;/b&gt; None&lt;/p&gt;
                &lt;hr style="border:0; border-top:1px solid #ccc; margin:10px 0;"/&gt;
                &lt;p style="margin-top:6px; color:#444;"&gt;&lt;b&gt;Description:&lt;/b&gt;&lt;/p&gt;
                &lt;p style="color:#555; font-size:13px; line-height:1.4;"&gt;КОД- 4161; Търсите спокойствие, чист въздух и простор? Предлагаме за продажба голямо дворно място, разположено в живописната и тиха махала  Якимова    крайният район на село Копаница, осигуряващ уединение и прекрасна природа. ОСНОВНИ ПАРАМЕТРИ: Площ ...&lt;/p&gt;
            &lt;/div&gt;
        ]]&gt;</description>
      <Point>
        <coordinates>22.934966,42.573802,0</coordinates>
      </Point>
    </Placemark>
    <Placemark>
      <name>Продава КЪЩА област Перник, гр. Радомир Обява: 1j177148953796861 (49 900 €)</name>
      <ExtendedData>
        <SchemaData schemaUrl="#PropertySchema">
          <SimpleData name="Price">49 900 €</SimpleData>
          <SimpleData name="Size">176 кв.м</SimpleData>
          <SimpleData name="URL">https://www.imot.bg/obiava-1j177148953796861-prodava-kashta-oblast-pernik-gr-radomir</SimpleData>
        </SchemaData>
      </ExtendedData>
      <styleUrl>#style_green</styleUrl>
      <description>&lt;![CDATA[
            &lt;div style="font-family: sans-serif; max-width: 320px;"&gt;
                &lt;img src="https://imotstatic1.focus.bg/imot/photosimotbg/1/861//big/1j177148953796861_nQ.jpg" style="width:100%; height:auto; max-height:220px; object-fit:cover; border-radius:6px; margin-bottom:12px;"/&gt;
                &lt;hr style="border:0; border-top:1px solid #ccc; margin:10px 0;"/&gt;
                &lt;p style="margin:4px 0;"&gt;&lt;b&gt;Matched:&lt;/b&gt; +ток(+10), +вода(+10), +канализация(+10), +двор(+4)&lt;/p&gt;
                &lt;p style="margin:4px 0;"&gt;&lt;b&gt;Penalties:&lt;/b&gt; None&lt;/p&gt;
                &lt;hr style="border:0; border-top:1px solid #ccc; margin:10px 0;"/&gt;
                &lt;p style="margin-top:6px; color:#444;"&gt;&lt;b&gt;Description:&lt;/b&gt;&lt;/p&gt;
                &lt;p style="color:#555; font-size:13px; line-height:1.4;"&gt;ЕРА Надежда предлага за продажба двуетажна къща с площ от 176 кв.м (88 кв.м на етаж)  и двор 1514 кв.м  разположен в обитаем централен район в кв. Върба, гр. Радомир, с добра достъпност и комуникаций. Дворът е с равен терен, ъглов на две улици, което...&lt;/p&gt;
            &lt;/div&gt;
        ]]&gt;</description>
      <Point>
        <coordinates>22.96291,42.54661,0</coordinates>
      </Point>
    </Placemark>
    <Placemark>
      <name>Продава КЪЩА област Перник, с. Смиров дол Обява: 1j178499144563533 (42 000 €)</name>
      <ExtendedData>
        <SchemaData schemaUrl="#PropertySchema">
          <SimpleData name="Price">42 000 €</SimpleData>
          <SimpleData name="Size">190 кв.м</SimpleData>
          <SimpleData name="URL">https://www.imot.bg/obiava-1j178499144563533-prodava-kashta-oblast-pernik-s-smirov-dol</SimpleData>
        </SchemaData>
      </ExtendedData>
      <styleUrl>#style_green</styleUrl>
      <description>&lt;![CDATA[
            &lt;div style="font-family: sans-serif; max-width: 320px;"&gt;
                &lt;img src="https://imotstatic4.focus.bg/imot/photosimotbg/1/533//big/1j178499144563533_4a.jpg" style="width:100%; height:auto; max-height:220px; object-fit:cover; border-radius:6px; margin-bottom:12px;"/&gt;
                &lt;hr style="border:0; border-top:1px solid #ccc; margin:10px 0;"/&gt;
                &lt;p style="margin:4px 0;"&gt;&lt;b&gt;Matched:&lt;/b&gt; +гараж(+10), +ток(+10), +вода(+10), +двор(+4)&lt;/p&gt;
                &lt;p style="margin:4px 0;"&gt;&lt;b&gt;Penalties:&lt;/b&gt; None&lt;/p&gt;
                &lt;hr style="border:0; border-top:1px solid #ccc; margin:10px 0;"/&gt;
                &lt;p style="margin-top:6px; color:#444;"&gt;&lt;b&gt;Description:&lt;/b&gt;&lt;/p&gt;
                &lt;p style="color:#555; font-size:13px; line-height:1.4;"&gt;ID на имота: RP00002 Риълти Партнърс продава масивна триетажна къща в с. Смиров дол, област Перник   имот, разположен в тиха и спокойна част на селото, в непосредствена близост до гората и сред красива природна среда. Къщата е тухлено строителство с ...&lt;/p&gt;
            &lt;/div&gt;
        ]]&gt;</description>
      <Point>
        <coordinates>22.730605,42.561306,0</coordinates>
      </Point>
    </Placemark>
    <Placemark>
      <name>Продава КЪЩА област Перник, с. Банкя Обява: 1j177746852338151 (7 500 €)</name>
      <ExtendedData>
        <SchemaData schemaUrl="#PropertySchema">
          <SimpleData name="Price">7 500 €</SimpleData>
          <SimpleData name="Size">35 кв.м</SimpleData>
          <SimpleData name="URL">https://www.imot.bg/obiava-1j177746852338151-prodava-kashta-oblast-pernik-s-bankya</SimpleData>
        </SchemaData>
      </ExtendedData>
      <styleUrl>#style_green</styleUrl>
      <description>&lt;![CDATA[
            &lt;div style="font-family: sans-serif; max-width: 320px;"&gt;
                &lt;img src="https://cdn3.focus.bg/imot/photosimotbg/1/151//big/1j177746852338151_Fa.jpg" style="width:100%; height:auto; max-height:220px; object-fit:cover; border-radius:6px; margin-bottom:12px;"/&gt;
                &lt;hr style="border:0; border-top:1px solid #ccc; margin:10px 0;"/&gt;
                &lt;p style="margin:4px 0;"&gt;&lt;b&gt;Matched:&lt;/b&gt; +ток(+10), +вода(+10), +целогодишен достъп(+12)&lt;/p&gt;
                &lt;p style="margin:4px 0;"&gt;&lt;b&gt;Penalties:&lt;/b&gt; None&lt;/p&gt;
                &lt;hr style="border:0; border-top:1px solid #ccc; margin:10px 0;"/&gt;
                &lt;p style="margin-top:6px; color:#444;"&gt;&lt;b&gt;Description:&lt;/b&gt;&lt;/p&gt;
                &lt;p style="color:#555; font-size:13px; line-height:1.4;"&gt;72 км западно от София и само на 5 км от гр. Трън - живописно планинско селце, кацнало на граничната бразда със Сърбия. Имотът, който Ви предлагаме за продажба представлява 1/2 идеална част от УПИ с площ от 250 м2, м/у къщи, заедно с построената в не...&lt;/p&gt;
            &lt;/div&gt;
        ]]&gt;</description>
      <Point>
        <coordinates>22.680459,42.863833,0</coordinates>
      </Point>
    </Placemark>
    <Placemark>
      <name>Продава КЪЩА област Перник, с. Велковци Обява: 1j167276777401484 (38 000 €)</name>
      <ExtendedData>
        <SchemaData schemaUrl="#PropertySchema">
          <SimpleData name="Price">38 000 €</SimpleData>
          <SimpleData name="Size">116 кв.м</SimpleData>
          <SimpleData name="URL">https://www.imot.bg/obiava-1j167276777401484-prodava-kashta-oblast-pernik-s-velkovtsi</SimpleData>
        </SchemaData>
      </ExtendedData>
      <styleUrl>#style_green</styleUrl>
      <description>&lt;![CDATA[
            &lt;div style="font-family: sans-serif; max-width: 320px;"&gt;
                &lt;img src="https://imotstatic3.focus.bg/imot/photosimotbg/1/484//big/1j167276777401484_td.jpg" style="width:100%; height:auto; max-height:220px; object-fit:cover; border-radius:6px; margin-bottom:12px;"/&gt;
                &lt;hr style="border:0; border-top:1px solid #ccc; margin:10px 0;"/&gt;
                &lt;p style="margin:4px 0;"&gt;&lt;b&gt;Matched:&lt;/b&gt; +ток(+10), +вода(+10), +целогодишен достъп(+12)&lt;/p&gt;
                &lt;p style="margin:4px 0;"&gt;&lt;b&gt;Penalties:&lt;/b&gt; None&lt;/p&gt;
                &lt;hr style="border:0; border-top:1px solid #ccc; margin:10px 0;"/&gt;
                &lt;p style="margin-top:6px; color:#444;"&gt;&lt;b&gt;Description:&lt;/b&gt;&lt;/p&gt;
                &lt;p style="color:#555; font-size:13px; line-height:1.4;"&gt;X Property предлага за продажба масивна, тухлена двуетажна къща в с.Велковци. Има застроена площ 58кв.м и следното разпределение: -първи етаж- дневна с кухня, помещениеза баня и складово помещение и тераса - втори етаж- три спални и тераса Къщата е с...&lt;/p&gt;
            &lt;/div&gt;
        ]]&gt;</description>
      <Point>
        <coordinates>22.944707,42.66735,0</coordinates>
      </Point>
    </Placemark>
    <Placemark>
      <name>Продава КЪЩА област Перник, с. Долни Раковец Обява: 1j174431859591479 (39 880.77 €)</name>
      <ExtendedData>
        <SchemaData schemaUrl="#PropertySchema">
          <SimpleData name="Price">39 880.77 €</SimpleData>
          <SimpleData name="Size">72 кв.м</SimpleData>
          <SimpleData name="URL">https://www.imot.bg/obiava-1j174431859591479-prodava-kashta-oblast-pernik-s-dolni-rakovets</SimpleData>
        </SchemaData>
      </ExtendedData>
      <styleUrl>#style_green</styleUrl>
      <description>&lt;![CDATA[
            &lt;div style="font-family: sans-serif; max-width: 320px;"&gt;
                &lt;img src="https://imotstatic4.focus.bg/imot/photosimotbg/1/479//big/1j174431859591479_WW.jpg" style="width:100%; height:auto; max-height:220px; object-fit:cover; border-radius:6px; margin-bottom:12px;"/&gt;
                &lt;hr style="border:0; border-top:1px solid #ccc; margin:10px 0;"/&gt;
                &lt;p style="margin:4px 0;"&gt;&lt;b&gt;Matched:&lt;/b&gt; +ток(+10), +вода(+10), +целогодишен достъп(+12)&lt;/p&gt;
                &lt;p style="margin:4px 0;"&gt;&lt;b&gt;Penalties:&lt;/b&gt; None&lt;/p&gt;
                &lt;hr style="border:0; border-top:1px solid #ccc; margin:10px 0;"/&gt;
                &lt;p style="margin-top:6px; color:#444;"&gt;&lt;b&gt;Description:&lt;/b&gt;&lt;/p&gt;
                &lt;p style="color:#555; font-size:13px; line-height:1.4;"&gt;MENTOR ESTATE ви предлага  къща в село Долни Раковец. Къщата се намира в тиха и спокойна улица в близост до центъра на селото, парцела е равен и слънчев . В имота има ток и вода. Селото и района се отличават с чист въздух и невероятна природа, също т...&lt;/p&gt;
            &lt;/div&gt;
        ]]&gt;</description>
      <Point>
        <coordinates>23.007773,42.473364,0</coordinates>
      </Point>
    </Placemark>
    <Placemark>
      <name>Продава КЪЩА област Перник, с. Зелениград Обява: 1j177565940310181 (30 000 €)</name>
      <ExtendedData>
        <SchemaData schemaUrl="#PropertySchema">
          <SimpleData name="Price">30 000 €</SimpleData>
          <SimpleData name="Size">75 кв.м</SimpleData>
          <SimpleData name="URL">https://www.imot.bg/obiava-1j177565940310181-prodava-kashta-oblast-pernik-s-zelenigrad</SimpleData>
        </SchemaData>
      </ExtendedData>
      <styleUrl>#style_green</styleUrl>
      <description>&lt;![CDATA[
            &lt;div style="font-family: sans-serif; max-width: 320px;"&gt;
                &lt;img src="https://imotstatic3.focus.bg/imot/photosimotbg/1/181//big/1j177565940310181_rA.jpg" style="width:100%; height:auto; max-height:220px; object-fit:cover; border-radius:6px; margin-bottom:12px;"/&gt;
                &lt;hr style="border:0; border-top:1px solid #ccc; margin:10px 0;"/&gt;
                &lt;p style="margin:4px 0;"&gt;&lt;b&gt;Matched:&lt;/b&gt; +ток(+10), +вода(+10), +целогодишен достъп(+12)&lt;/p&gt;
                &lt;p style="margin:4px 0;"&gt;&lt;b&gt;Penalties:&lt;/b&gt; None&lt;/p&gt;
                &lt;hr style="border:0; border-top:1px solid #ccc; margin:10px 0;"/&gt;
                &lt;p style="margin-top:6px; color:#444;"&gt;&lt;b&gt;Description:&lt;/b&gt;&lt;/p&gt;
                &lt;p style="color:#555; font-size:13px; line-height:1.4;"&gt;81 км северозападно от изхода на град София (от квартал Княжево) - с. Зелениград е погранично и полупланинско село, разположено на южните склонове на планината Руй, недалеч от сръбско-българската граница. Имотът, който представяме на Вашето внимание ...&lt;/p&gt;
            &lt;/div&gt;
        ]]&gt;</description>
      <Point>
        <coordinates>22.56045,42.83895,0</coordinates>
      </Point>
    </Placemark>
    <Placemark>
      <name>Продава КЪЩА област Перник, с. Зелениград Обява: 1j177282539851987 (30 600 €)</name>
      <ExtendedData>
        <SchemaData schemaUrl="#PropertySchema">
          <SimpleData name="Price">30 600 €</SimpleData>
          <SimpleData name="Size">80 кв.м</SimpleData>
          <SimpleData name="URL">https://www.imot.bg/obiava-1j177282539851987-prodava-kashta-oblast-pernik-s-zelenigrad</SimpleData>
        </SchemaData>
      </ExtendedData>
      <styleUrl>#style_green</styleUrl>
      <description>&lt;![CDATA[
            &lt;div style="font-family: sans-serif; max-width: 320px;"&gt;
                &lt;img src="https://imotstatic1.focus.bg/imot/photosimotbg/1/987//big/1j177282539851987_QX.jpg" style="width:100%; height:auto; max-height:220px; object-fit:cover; border-radius:6px; margin-bottom:12px;"/&gt;
                &lt;hr style="border:0; border-top:1px solid #ccc; margin:10px 0;"/&gt;
                &lt;p style="margin:4px 0;"&gt;&lt;b&gt;Matched:&lt;/b&gt; +ток(+10), +вода(+10), +целогодишен достъп(+12)&lt;/p&gt;
                &lt;p style="margin:4px 0;"&gt;&lt;b&gt;Penalties:&lt;/b&gt; None&lt;/p&gt;
                &lt;hr style="border:0; border-top:1px solid #ccc; margin:10px 0;"/&gt;
                &lt;p style="margin-top:6px; color:#444;"&gt;&lt;b&gt;Description:&lt;/b&gt;&lt;/p&gt;
                &lt;p style="color:#555; font-size:13px; line-height:1.4;"&gt;Продава се къща в село Зелениград, в подножеието на планина Руй. Къщата се състои от 2 етажа. На 1-и етаж има стая, коридор, баня с тоалетна. Таванският етаж е с достатъчна височина, за да бъде използван като жилищен. Имотът е с целогодишен достъп. И...&lt;/p&gt;
            &lt;/div&gt;
        ]]&gt;</description>
      <Point>
        <coordinates>22.560878,42.838639,0</coordinates>
      </Point>
    </Placemark>
    <Placemark>
      <name>Продава КЪЩА област Перник, с. Ноевци Обява: 1j176458057823334 (43 000 €)</name>
      <ExtendedData>
        <SchemaData schemaUrl="#PropertySchema">
          <SimpleData name="Price">43 000 €</SimpleData>
          <SimpleData name="Size">45 кв.м</SimpleData>
          <SimpleData name="URL">https://www.imot.bg/obiava-1j176458057823334-prodava-kashta-oblast-pernik-s-noevtsi</SimpleData>
        </SchemaData>
      </ExtendedData>
      <styleUrl>#style_green</styleUrl>
      <description>&lt;![CDATA[
            &lt;div style="font-family: sans-serif; max-width: 320px;"&gt;
                &lt;img src="https://imotstatic1.focus.bg/imot/photosimotbg/1/334//big/1j176458057823334_H9.jpg" style="width:100%; height:auto; max-height:220px; object-fit:cover; border-radius:6px; margin-bottom:12px;"/&gt;
                &lt;hr style="border:0; border-top:1px solid #ccc; margin:10px 0;"/&gt;
                &lt;p style="margin:4px 0;"&gt;&lt;b&gt;Matched:&lt;/b&gt; +ток(+10), +вода(+10), +целогодишен достъп(+12)&lt;/p&gt;
                &lt;p style="margin:4px 0;"&gt;&lt;b&gt;Penalties:&lt;/b&gt; None&lt;/p&gt;
                &lt;hr style="border:0; border-top:1px solid #ccc; margin:10px 0;"/&gt;
                &lt;p style="margin-top:6px; color:#444;"&gt;&lt;b&gt;Description:&lt;/b&gt;&lt;/p&gt;
                &lt;p style="color:#555; font-size:13px; line-height:1.4;"&gt;Предлагаме за продажба две къщи, със застроена площ от 45 кв.м. и 25 кв.м., построени в УПИ от 806 кв.м., в центъра на с. Ноевци,  което се  намира на 20 км северозападно от Перник и на около 56 км. от София. Сградите подлежат на ремонт и реновиране,...&lt;/p&gt;
            &lt;/div&gt;
        ]]&gt;</description>
      <Point>
        <coordinates>22.874262,42.675885,0</coordinates>
      </Point>
    </Placemark>
    <Placemark>
      <name>Продава КЪЩА област Перник, с. Долна Мелна махала Будиновци Обява: 1j168637036398912 (15 338 €)</name>
      <ExtendedData>
        <SchemaData schemaUrl="#PropertySchema">
          <SimpleData name="Price">15 338 €</SimpleData>
          <SimpleData name="Size">30 кв.м</SimpleData>
          <SimpleData name="URL">https://www.imot.bg/obiava-1j168637036398912-prodava-kashta-oblast-pernik-s-dolna-melna-mahala-budinovtsi</SimpleData>
        </SchemaData>
      </ExtendedData>
      <styleUrl>#style_green</styleUrl>
      <description>&lt;![CDATA[
            &lt;div style="font-family: sans-serif; max-width: 320px;"&gt;
                &lt;img src="https://cdn3.focus.bg/imot/photosimotbg/1/912//big/1j168637036398912_Er.jpg" style="width:100%; height:auto; max-height:220px; object-fit:cover; border-radius:6px; margin-bottom:12px;"/&gt;
                &lt;hr style="border:0; border-top:1px solid #ccc; margin:10px 0;"/&gt;
                &lt;p style="margin:4px 0;"&gt;&lt;b&gt;Matched:&lt;/b&gt; +нова(+12), +ток(+10), +кладенец(+5), +панорама(+4)&lt;/p&gt;
                &lt;p style="margin:4px 0;"&gt;&lt;b&gt;Penalties:&lt;/b&gt; None&lt;/p&gt;
                &lt;hr style="border:0; border-top:1px solid #ccc; margin:10px 0;"/&gt;
                &lt;p style="margin-top:6px; color:#444;"&gt;&lt;b&gt;Description:&lt;/b&gt;&lt;/p&gt;
                &lt;p style="color:#555; font-size:13px; line-height:1.4;"&gt;Агенция Тера Булгари предлага на Вашето внимание 2/3 от къща, представляващи - голяма стая, сервизно помещение и коридор, заедно с 2/18 от имот с площ 3200 кв.м. равняващи се на 354 кв.м. Отделен вход. Собствена партида за ток. Нова ел. инсталация-че...&lt;/p&gt;
            &lt;/div&gt;
        ]]&gt;</description>
      <Point>
        <coordinates>22.527584,42.674611,0</coordinates>
      </Point>
    </Placemark>
    <Placemark>
      <name>Продава КЪЩА област Перник, с. Долна Мелна махала Будиновци Обява: 1j168637036398912 (15 338 €)</name>
      <ExtendedData>
        <SchemaData schemaUrl="#PropertySchema">
          <SimpleData name="Price">15 338 €</SimpleData>
          <SimpleData name="Size">30 кв.м</SimpleData>
          <SimpleData name="URL">https://www.imot.bg/obiava-1j168637036398912-prodava-kashta-oblast-pernik-s-dolna-melna-mahala-budinovtsi#playertag</SimpleData>
        </SchemaData>
      </ExtendedData>
      <styleUrl>#style_green</styleUrl>
      <description>&lt;![CDATA[
            &lt;div style="font-family: sans-serif; max-width: 320px;"&gt;
                &lt;img src="https://cdn3.focus.bg/imot/photosimotbg/1/912//big/1j168637036398912_Er.jpg" style="width:100%; height:auto; max-height:220px; object-fit:cover; border-radius:6px; margin-bottom:12px;"/&gt;
                &lt;hr style="border:0; border-top:1px solid #ccc; margin:10px 0;"/&gt;
                &lt;p style="margin:4px 0;"&gt;&lt;b&gt;Matched:&lt;/b&gt; +нова(+12), +ток(+10), +кладенец(+5), +панорама(+4)&lt;/p&gt;
                &lt;p style="margin:4px 0;"&gt;&lt;b&gt;Penalties:&lt;/b&gt; None&lt;/p&gt;
                &lt;hr style="border:0; border-top:1px solid #ccc; margin:10px 0;"/&gt;
                &lt;p style="margin-top:6px; color:#444;"&gt;&lt;b&gt;Description:&lt;/b&gt;&lt;/p&gt;
                &lt;p style="color:#555; font-size:13px; line-height:1.4;"&gt;Агенция Тера Булгари предлага на Вашето внимание 2/3 от къща, представляващи - голяма стая, сервизно помещение и коридор, заедно с 2/18 от имот с площ 3200 кв.м. равняващи се на 354 кв.м. Отделен вход. Собствена партида за ток. Нова ел. инсталация-че...&lt;/p&gt;
            &lt;/div&gt;
        ]]&gt;</description>
      <Point>
        <coordinates>22.527584,42.673711,0</coordinates>
      </Point>
    </Placemark>
    <Placemark>
      <name>Продава КЪЩА област Перник, гр. Радомир жк.Върба Обява: 1j172579022538788 (45 000 €)</name>
      <ExtendedData>
        <SchemaData schemaUrl="#PropertySchema">
          <SimpleData name="Price">45 000 €</SimpleData>
          <SimpleData name="Size">30 кв.м</SimpleData>
          <SimpleData name="URL">https://www.imot.bg/obiava-1j172579022538788-prodava-kashta-oblast-pernik-gr-radomir-zhk-varba</SimpleData>
        </SchemaData>
      </ExtendedData>
      <styleUrl>#style_yellow</styleUrl>
      <description>&lt;![CDATA[
            &lt;div style="font-family: sans-serif; max-width: 320px;"&gt;
                &lt;img src="https://imotstatic2.focus.bg/imot/photosimotbg/1/788//big/1j172579022538788_1P.jpg" style="width:100%; height:auto; max-height:220px; object-fit:cover; border-radius:6px; margin-bottom:12px;"/&gt;
                &lt;hr style="border:0; border-top:1px solid #ccc; margin:10px 0;"/&gt;
                &lt;p style="margin:4px 0;"&gt;&lt;b&gt;Matched:&lt;/b&gt; +гараж(+10), +ток(+10), +вода(+10)&lt;/p&gt;
                &lt;p style="margin:4px 0;"&gt;&lt;b&gt;Penalties:&lt;/b&gt; None&lt;/p&gt;
                &lt;hr style="border:0; border-top:1px solid #ccc; margin:10px 0;"/&gt;
                &lt;p style="margin-top:6px; color:#444;"&gt;&lt;b&gt;Description:&lt;/b&gt;&lt;/p&gt;
                &lt;p style="color:#555; font-size:13px; line-height:1.4;"&gt;Агенция Тангра пропъртис продава малка паянтовя къщичка и гараж с дворно място от 922 кв.м в гр.Радомир,жк.Върба. Двора е равен и ограден с активна партида за ток и вода. Добра локация и излаз на черен път . За това и други атрактивни предложения в р...&lt;/p&gt;
            &lt;/div&gt;
        ]]&gt;</description>
      <Point>
        <coordinates>22.96336,42.54616,0</coordinates>
      </Point>
    </Placemark>
    <Placemark>
      <name>Продава КЪЩА област Перник, с. Габровдол Обява: 1j167354830932961 (32 211.39 €)</name>
      <ExtendedData>
        <SchemaData schemaUrl="#PropertySchema">
          <SimpleData name="Price">32 211.39 €</SimpleData>
          <SimpleData name="Size">80 кв.м</SimpleData>
          <SimpleData name="URL">https://www.imot.bg/obiava-1j167354830932961-prodava-kashta-oblast-pernik-s-gabrovdol</SimpleData>
        </SchemaData>
      </ExtendedData>
      <styleUrl>#style_yellow</styleUrl>
      <description>&lt;![CDATA[
            &lt;div style="font-family: sans-serif; max-width: 320px;"&gt;
                &lt;img src="https://cdn3.focus.bg/imot/photosimotbg/1/961//big/1j167354830932961_SV.jpg" style="width:100%; height:auto; max-height:220px; object-fit:cover; border-radius:6px; margin-bottom:12px;"/&gt;
                &lt;hr style="border:0; border-top:1px solid #ccc; margin:10px 0;"/&gt;
                &lt;p style="margin:4px 0;"&gt;&lt;b&gt;Matched:&lt;/b&gt; +гараж(+10), +ток(+10), +вода(+10)&lt;/p&gt;
                &lt;p style="margin:4px 0;"&gt;&lt;b&gt;Penalties:&lt;/b&gt; None&lt;/p&gt;
                &lt;hr style="border:0; border-top:1px solid #ccc; margin:10px 0;"/&gt;
                &lt;p style="margin-top:6px; color:#444;"&gt;&lt;b&gt;Description:&lt;/b&gt;&lt;/p&gt;
                &lt;p style="color:#555; font-size:13px; line-height:1.4;"&gt;X Property предлага за продажнба къща тухла/плоча с разгъната застроена площ 80кв.м. в УПИ от 413кв.м. Двора е ограден с минимална денивелация Къщата е със следното разпределение: -сутерен: мазе и гараж -етаж: две стаи -таван: може да се обособят три...&lt;/p&gt;
            &lt;/div&gt;
        ]]&gt;</description>
      <Point>
        <coordinates>22.791299,42.644014,0</coordinates>
      </Point>
    </Placemark>
    <Placemark>
      <name>Продава КЪЩА област Перник, гр. Брезник Обява: 1j178522697096873 (43 000 €)</name>
      <ExtendedData>
        <SchemaData schemaUrl="#PropertySchema">
          <SimpleData name="Price">43 000 €</SimpleData>
          <SimpleData name="Size">75 кв.м</SimpleData>
          <SimpleData name="URL">https://www.imot.bg/obiava-1j178522697096873-prodava-kashta-oblast-pernik-gr-breznik</SimpleData>
        </SchemaData>
      </ExtendedData>
      <styleUrl>#style_yellow</styleUrl>
      <description>&lt;![CDATA[
            &lt;div style="font-family: sans-serif; max-width: 320px;"&gt;
                &lt;img src="https://cdn3.focus.bg/imot/photosimotbg/1/873//big/1j178522697096873_5p.jpg" style="width:100%; height:auto; max-height:220px; object-fit:cover; border-radius:6px; margin-bottom:12px;"/&gt;
                &lt;hr style="border:0; border-top:1px solid #ccc; margin:10px 0;"/&gt;
                &lt;p style="margin:4px 0;"&gt;&lt;b&gt;Matched:&lt;/b&gt; +ток(+10), +вода(+10), +канализация(+10)&lt;/p&gt;
                &lt;p style="margin:4px 0;"&gt;&lt;b&gt;Penalties:&lt;/b&gt; None&lt;/p&gt;
                &lt;hr style="border:0; border-top:1px solid #ccc; margin:10px 0;"/&gt;
                &lt;p style="margin-top:6px; color:#444;"&gt;&lt;b&gt;Description:&lt;/b&gt;&lt;/p&gt;
                &lt;p style="color:#555; font-size:13px; line-height:1.4;"&gt;Парцелът с размери 781кв.м. се намира на теритотията на гр.Брезник, Област Перник. Спокоен и актуално развиващ се малък град. На 1 час път от София. Върху имота има застроени 2 броя постройки: 'временна' и постоянна къща. Налични канализация , вода и...&lt;/p&gt;
            &lt;/div&gt;
        ]]&gt;</description>
      <Point>
        <coordinates>22.9103497,42.7397669,0</coordinates>
      </Point>
    </Placemark>
    <Placemark>
      <name>Продава КЪЩА област Перник, с. Копаница Обява: 1j171903641027577 (35 790.43 €)</name>
      <ExtendedData>
        <SchemaData schemaUrl="#PropertySchema">
          <SimpleData name="Price">35 790.43 €</SimpleData>
          <SimpleData name="Size">100 кв.м</SimpleData>
          <SimpleData name="URL">https://www.imot.bg/obiava-1j171903641027577-prodava-kashta-oblast-pernik-s-kopanitsa</SimpleData>
        </SchemaData>
      </ExtendedData>
      <styleUrl>#style_yellow</styleUrl>
      <description>&lt;![CDATA[
            &lt;div style="font-family: sans-serif; max-width: 320px;"&gt;
                &lt;img src="https://imotstatic3.focus.bg/imot/photosimotbg/1/577//big/1j171903641027577_Ym.jpg" style="width:100%; height:auto; max-height:220px; object-fit:cover; border-radius:6px; margin-bottom:12px;"/&gt;
                &lt;hr style="border:0; border-top:1px solid #ccc; margin:10px 0;"/&gt;
                &lt;p style="margin:4px 0;"&gt;&lt;b&gt;Matched:&lt;/b&gt; +гараж(+10), +ток(+10), +вода(+10)&lt;/p&gt;
                &lt;p style="margin:4px 0;"&gt;&lt;b&gt;Penalties:&lt;/b&gt; None&lt;/p&gt;
                &lt;hr style="border:0; border-top:1px solid #ccc; margin:10px 0;"/&gt;
                &lt;p style="margin-top:6px; color:#444;"&gt;&lt;b&gt;Description:&lt;/b&gt;&lt;/p&gt;
                &lt;p style="color:#555; font-size:13px; line-height:1.4;"&gt;Агенция Кибела продава самостоятелна къща в с.Копаница между Перник и Радомир, с железобетонни плочи, на 2 етажа с гараж и мазе. На 1 етаж - З стаи с коридор,санитарен възел, на 2 етаж - 2 стаи и коридор. Има допълнителен голям навес, който може да с...&lt;/p&gt;
            &lt;/div&gt;
        ]]&gt;</description>
      <Point>
        <coordinates>22.935356,42.573127,0</coordinates>
      </Point>
    </Placemark>
    <Placemark>
      <name>Продава КЪЩА област Перник, с. Смиров дол Обява: 1j172983906682746 (46 000 €)</name>
      <ExtendedData>
        <SchemaData schemaUrl="#PropertySchema">
          <SimpleData name="Price">46 000 €</SimpleData>
          <SimpleData name="Size">190 кв.м</SimpleData>
          <SimpleData name="URL">https://www.imot.bg/obiava-1j172983906682746-prodava-kashta-oblast-pernik-s-smirov-dol</SimpleData>
        </SchemaData>
      </ExtendedData>
      <styleUrl>#style_yellow</styleUrl>
      <description>&lt;![CDATA[
            &lt;div style="font-family: sans-serif; max-width: 320px;"&gt;
                &lt;img src="https://imotstatic2.focus.bg/imot/photosimotbg/1/746//big/1j172983906682746_JR.jpg" style="width:100%; height:auto; max-height:220px; object-fit:cover; border-radius:6px; margin-bottom:12px;"/&gt;
                &lt;hr style="border:0; border-top:1px solid #ccc; margin:10px 0;"/&gt;
                &lt;p style="margin:4px 0;"&gt;&lt;b&gt;Matched:&lt;/b&gt; +гараж(+10), +ток(+10), +вода(+10)&lt;/p&gt;
                &lt;p style="margin:4px 0;"&gt;&lt;b&gt;Penalties:&lt;/b&gt; None&lt;/p&gt;
                &lt;hr style="border:0; border-top:1px solid #ccc; margin:10px 0;"/&gt;
                &lt;p style="margin-top:6px; color:#444;"&gt;&lt;b&gt;Description:&lt;/b&gt;&lt;/p&gt;
                &lt;p style="color:#555; font-size:13px; line-height:1.4;"&gt;MENTOR ESTATE ви предлага   къща на три етажа в село Смиров дол.Къщата се намира в тиха и спокойна улица в края на селото.Имота е равен,слънчев и е в непосредсвена близост до гората. В имота има гараж и две помощни постройки,едната е стопанска, а дру...&lt;/p&gt;
            &lt;/div&gt;
        ]]&gt;</description>
      <Point>
        <coordinates>22.730605,42.560406,0</coordinates>
      </Point>
    </Placemark>
    <Placemark>
      <name>Продава ВИЛА област Перник, с. Борнарево Обява: 1k176331190061214 (20 451.68 €)</name>
      <ExtendedData>
        <SchemaData schemaUrl="#PropertySchema">
          <SimpleData name="Price">20 451.68 €</SimpleData>
          <SimpleData name="Size">35 кв.м</SimpleData>
          <SimpleData name="URL">https://www.imot.bg/obiava-1k176331190061214-prodava-vila-oblast-pernik-s-bornarevo</SimpleData>
        </SchemaData>
      </ExtendedData>
      <styleUrl>#style_yellow</styleUrl>
      <description>&lt;![CDATA[
            &lt;div style="font-family: sans-serif; max-width: 320px;"&gt;
                &lt;img src="https://imotstatic2.focus.bg/imot/photosimotbg/1/214//big/1k176331190061214_vx.jpg" style="width:100%; height:auto; max-height:220px; object-fit:cover; border-radius:6px; margin-bottom:12px;"/&gt;
                &lt;hr style="border:0; border-top:1px solid #ccc; margin:10px 0;"/&gt;
                &lt;p style="margin:4px 0;"&gt;&lt;b&gt;Matched:&lt;/b&gt; +ток(+10), +вода(+10), +кладенец(+5), +сонда(+5)&lt;/p&gt;
                &lt;p style="margin:4px 0;"&gt;&lt;b&gt;Penalties:&lt;/b&gt; None&lt;/p&gt;
                &lt;hr style="border:0; border-top:1px solid #ccc; margin:10px 0;"/&gt;
                &lt;p style="margin-top:6px; color:#444;"&gt;&lt;b&gt;Description:&lt;/b&gt;&lt;/p&gt;
                &lt;p style="color:#555; font-size:13px; line-height:1.4;"&gt;Агенция Тангра продава Вилна сграда тип бунгало в село Борнарево,общ.Радомир,обл.Перник. Имота се намира в Пандзърски чифлик и е с лека денивелация. Достъп по черен път . Активна партида за ток и СОТ инсталация. Бунгалото е с две помещения и веранда....&lt;/p&gt;
            &lt;/div&gt;
        ]]&gt;</description>
      <Point>
        <coordinates>22.932844,42.536327,0</coordinates>
      </Point>
    </Placemark>
    <Placemark>
      <name>Продава КЪЩА област Перник, с. Мурено център Обява: 1j174945668700725 (49 000 €)</name>
      <ExtendedData>
        <SchemaData schemaUrl="#PropertySchema">
          <SimpleData name="Price">49 000 €</SimpleData>
          <SimpleData name="Size">72 кв.м</SimpleData>
          <SimpleData name="URL">https://www.imot.bg/obiava-1j174945668700725-prodava-kashta-oblast-pernik-s-mureno-tsentar</SimpleData>
        </SchemaData>
      </ExtendedData>
      <styleUrl>#style_yellow</styleUrl>
      <description>&lt;![CDATA[
            &lt;div style="font-family: sans-serif; max-width: 320px;"&gt;
                &lt;img src="https://imotstatic3.focus.bg/imot/photosimotbg/1/725//big/1j174945668700725_DH.jpg" style="width:100%; height:auto; max-height:220px; object-fit:cover; border-radius:6px; margin-bottom:12px;"/&gt;
                &lt;hr style="border:0; border-top:1px solid #ccc; margin:10px 0;"/&gt;
                &lt;p style="margin:4px 0;"&gt;&lt;b&gt;Matched:&lt;/b&gt; +гараж(+10), +ток(+10), +кладенец(+5), +двор(+4)&lt;/p&gt;
                &lt;p style="margin:4px 0;"&gt;&lt;b&gt;Penalties:&lt;/b&gt; None&lt;/p&gt;
                &lt;hr style="border:0; border-top:1px solid #ccc; margin:10px 0;"/&gt;
                &lt;p style="margin-top:6px; color:#444;"&gt;&lt;b&gt;Description:&lt;/b&gt;&lt;/p&gt;
                &lt;p style="color:#555; font-size:13px; line-height:1.4;"&gt;Прекрасна къща с равен двор, тухла, плоча,видео наблюдение .Намира се на 300 метра от центъра на селото. Състои се от 1-ви ет.- входно антре, две стаи, помещение за баня, външно стълбище, 2-ри ет.- две самостоятелни непреходни стаи. В двора има кладе...&lt;/p&gt;
            &lt;/div&gt;
        ]]&gt;</description>
      <Point>
        <coordinates>22.720242,42.625915,0</coordinates>
      </Point>
    </Placemark>
    <Placemark>
      <name>Продава КЪЩА област Перник, с. Поцърненци Обява: 1j177576354342559 (35 000 €)</name>
      <ExtendedData>
        <SchemaData schemaUrl="#PropertySchema">
          <SimpleData name="Price">35 000 €</SimpleData>
          <SimpleData name="Size">160 кв.м</SimpleData>
          <SimpleData name="URL">https://www.imot.bg/obiava-1j177576354342559-prodava-kashta-oblast-pernik-s-potsarnentsi</SimpleData>
        </SchemaData>
      </ExtendedData>
      <styleUrl>#style_yellow</styleUrl>
      <description>&lt;![CDATA[
            &lt;div style="font-family: sans-serif; max-width: 320px;"&gt;
                &lt;img src="https://imotstatic3.focus.bg/imot/photosimotbg/1/559//big/1j177576354342559_Ed.jpg" style="width:100%; height:auto; max-height:220px; object-fit:cover; border-radius:6px; margin-bottom:12px;"/&gt;
                &lt;hr style="border:0; border-top:1px solid #ccc; margin:10px 0;"/&gt;
                &lt;p style="margin:4px 0;"&gt;&lt;b&gt;Matched:&lt;/b&gt; +ток(+10), +вода(+10), +сонда(+5), +двор(+4)&lt;/p&gt;
                &lt;p style="margin:4px 0;"&gt;&lt;b&gt;Penalties:&lt;/b&gt; None&lt;/p&gt;
                &lt;hr style="border:0; border-top:1px solid #ccc; margin:10px 0;"/&gt;
                &lt;p style="margin-top:6px; color:#444;"&gt;&lt;b&gt;Description:&lt;/b&gt;&lt;/p&gt;
                &lt;p style="color:#555; font-size:13px; line-height:1.4;"&gt;ТАНГРА ПРОПЪРТИС  предлага на Вашето внимание къща в с. Поцърненци,общ. Радомир,обл. Перник Предлагаме ви стара къща с двор 600 км. м. разположена във високата част на село Поцърненци, община Радомир, област Перник. Имотът се намира в спокойна и живо...&lt;/p&gt;
            &lt;/div&gt;
        ]]&gt;</description>
      <Point>
        <coordinates>22.888407,42.491902,0</coordinates>
      </Point>
    </Placemark>
    <Placemark>
      <name>Продава ВИЛА област Перник, с. Радуй Обява: 1k178491870854066 (49 000 €)</name>
      <ExtendedData>
        <SchemaData schemaUrl="#PropertySchema">
          <SimpleData name="Price">49 000 €</SimpleData>
          <SimpleData name="Size">53 кв.м</SimpleData>
          <SimpleData name="URL">https://www.imot.bg/obiava-1k178491870854066-prodava-vila-oblast-pernik-s-raduy</SimpleData>
        </SchemaData>
      </ExtendedData>
      <styleUrl>#style_yellow</styleUrl>
      <description>&lt;![CDATA[
            &lt;div style="font-family: sans-serif; max-width: 320px;"&gt;
                &lt;img src="https://imotstatic4.focus.bg/imot/photosimotbg/1/066//big/1k178491870854066_Ju.jpg" style="width:100%; height:auto; max-height:220px; object-fit:cover; border-radius:6px; margin-bottom:12px;"/&gt;
                &lt;hr style="border:0; border-top:1px solid #ccc; margin:10px 0;"/&gt;
                &lt;p style="margin:4px 0;"&gt;&lt;b&gt;Matched:&lt;/b&gt; +ток(+10), +вода(+10), +сонда(+5), +двор(+4)&lt;/p&gt;
                &lt;p style="margin:4px 0;"&gt;&lt;b&gt;Penalties:&lt;/b&gt; None&lt;/p&gt;
                &lt;hr style="border:0; border-top:1px solid #ccc; margin:10px 0;"/&gt;
                &lt;p style="margin-top:6px; color:#444;"&gt;&lt;b&gt;Description:&lt;/b&gt;&lt;/p&gt;
                &lt;p style="color:#555; font-size:13px; line-height:1.4;"&gt;'МАКС' недвижими имоти ПРОДАВА: Уютна и добре поддържана едноетажна вила с 53 кв.м застроена площ и 600 кв.м двор, разположена в спокойното село Радуй, област Перник. Имотът предлага комфорт, спокойствие и отлични условия за почивка или целогодишно ж...&lt;/p&gt;
            &lt;/div&gt;
        ]]&gt;</description>
      <Point>
        <coordinates>23.0218767,42.730704,0</coordinates>
      </Point>
    </Placemark>
    <Placemark>
      <name>Продава КЪЩА област Перник, с. Поцърненци Обява: 1j178206263755904 (35 000 €)</name>
      <ExtendedData>
        <SchemaData schemaUrl="#PropertySchema">
          <SimpleData name="Price">35 000 €</SimpleData>
          <SimpleData name="Size">75 кв.м</SimpleData>
          <SimpleData name="URL">https://www.imot.bg/obiava-1j178206263755904-prodava-kashta-oblast-pernik-s-potsarnentsi</SimpleData>
        </SchemaData>
      </ExtendedData>
      <styleUrl>#style_yellow</styleUrl>
      <description>&lt;![CDATA[
            &lt;div style="font-family: sans-serif; max-width: 320px;"&gt;
                &lt;img src="https://cdn3.focus.bg/imot/photosimotbg/1/904//big/1j178206263755904_13.jpg" style="width:100%; height:auto; max-height:220px; object-fit:cover; border-radius:6px; margin-bottom:12px;"/&gt;
                &lt;hr style="border:0; border-top:1px solid #ccc; margin:10px 0;"/&gt;
                &lt;p style="margin:4px 0;"&gt;&lt;b&gt;Matched:&lt;/b&gt; +ток(+10), +вода(+10), +асфалт(+8)&lt;/p&gt;
                &lt;p style="margin:4px 0;"&gt;&lt;b&gt;Penalties:&lt;/b&gt; None&lt;/p&gt;
                &lt;hr style="border:0; border-top:1px solid #ccc; margin:10px 0;"/&gt;
                &lt;p style="margin-top:6px; color:#444;"&gt;&lt;b&gt;Description:&lt;/b&gt;&lt;/p&gt;
                &lt;p style="color:#555; font-size:13px; line-height:1.4;"&gt;Продава в село Поцърненци парцел от 875 кв.м с къща застроена площ от 50 кв.м - кухненска част с трапезария и спалня, мазе, допълващо застрояване от 25 кв.м. Вода от бунар, ток, външен санитарен възел, достъп - асфалт и 50 метра черен път. Обявената ...&lt;/p&gt;
            &lt;/div&gt;
        ]]&gt;</description>
      <Point>
        <coordinates>22.888759,42.491733,0</coordinates>
      </Point>
    </Placemark>
    <Placemark>
      <name>Продава КЪЩА област Перник, с. Кошарево Обява: 1j178499093279557 (21 500 €)</name>
      <ExtendedData>
        <SchemaData schemaUrl="#PropertySchema">
          <SimpleData name="Price">21 500 €</SimpleData>
          <SimpleData name="Size">75 кв.м</SimpleData>
          <SimpleData name="URL">https://www.imot.bg/obiava-1j178499093279557-prodava-kashta-oblast-pernik-s-kosharevo</SimpleData>
        </SchemaData>
      </ExtendedData>
      <styleUrl>#style_yellow</styleUrl>
      <description>&lt;![CDATA[
            &lt;div style="font-family: sans-serif; max-width: 320px;"&gt;
                &lt;img src="https://imotstatic3.focus.bg/imot/photosimotbg/1/557//big/1j178499093279557_MS.jpg" style="width:100%; height:auto; max-height:220px; object-fit:cover; border-radius:6px; margin-bottom:12px;"/&gt;
                &lt;hr style="border:0; border-top:1px solid #ccc; margin:10px 0;"/&gt;
                &lt;p style="margin:4px 0;"&gt;&lt;b&gt;Matched:&lt;/b&gt; +ток(+10), +вода(+10), +канализация(+10), +целогодишен достъп(+12), +кладенец(+5)&lt;/p&gt;
                &lt;p style="margin:4px 0;"&gt;&lt;b&gt;Penalties:&lt;/b&gt; гредоред(-20)&lt;/p&gt;
                &lt;hr style="border:0; border-top:1px solid #ccc; margin:10px 0;"/&gt;
                &lt;p style="margin-top:6px; color:#444;"&gt;&lt;b&gt;Description:&lt;/b&gt;&lt;/p&gt;
                &lt;p style="color:#555; font-size:13px; line-height:1.4;"&gt;ID на имота: RP22218 Риълти Партнърс продава, дворно място с две къщи в с. Кошарево, общ. Брезник, обл. Перник. Имота е 550 кв. м., в регулация. Основната къща е гредоред, близнак с къщата от съседния имот и се състои от сутерен, които е изцяло от ка...&lt;/p&gt;
            &lt;/div&gt;
        ]]&gt;</description>
      <Point>
        <coordinates>22.7730081,42.6711347,0</coordinates>
      </Point>
    </Placemark>
    <Placemark>
      <name>Продава КЪЩА област Перник, с. Поцърненци Обява: 1j177502619679891 (50 000 €)</name>
      <ExtendedData>
        <SchemaData schemaUrl="#PropertySchema">
          <SimpleData name="Price">50 000 €</SimpleData>
          <SimpleData name="Size">50 кв.м</SimpleData>
          <SimpleData name="URL">https://www.imot.bg/obiava-1j177502619679891-prodava-kashta-oblast-pernik-s-potsarnentsi</SimpleData>
        </SchemaData>
      </ExtendedData>
      <styleUrl>#style_yellow</styleUrl>
      <description>&lt;![CDATA[
            &lt;div style="font-family: sans-serif; max-width: 320px;"&gt;
                &lt;img src="https://imotstatic2.focus.bg/imot/photosimotbg/1/891//big/1j177502619679891_Mi.jpg" style="width:100%; height:auto; max-height:220px; object-fit:cover; border-radius:6px; margin-bottom:12px;"/&gt;
                &lt;hr style="border:0; border-top:1px solid #ccc; margin:10px 0;"/&gt;
                &lt;p style="margin:4px 0;"&gt;&lt;b&gt;Matched:&lt;/b&gt; +ток(+10), +вода(+10), +целогодишен достъп(+12), +кладенец(+5), +двор(+4)&lt;/p&gt;
                &lt;p style="margin:4px 0;"&gt;&lt;b&gt;Penalties:&lt;/b&gt; за ремонт(-15)&lt;/p&gt;
                &lt;hr style="border:0; border-top:1px solid #ccc; margin:10px 0;"/&gt;
                &lt;p style="margin-top:6px; color:#444;"&gt;&lt;b&gt;Description:&lt;/b&gt;&lt;/p&gt;
                &lt;p style="color:#555; font-size:13px; line-height:1.4;"&gt;Недвижими имоти Гарант, продава урегулиран поземлен имот с площ от 1650 кв.м. в с. Пъцърненци, общ. Радомир. Имотът е с целогодишен достъп по асфалтов път. В парцела има едноетажна къща (50 кв.м.), за ремонт, както и стопанска постройка. ? Ток   с па...&lt;/p&gt;
            &lt;/div&gt;
        ]]&gt;</description>
      <Point>
        <coordinates>22.888845,42.491352,0</coordinates>
      </Point>
    </Placemark>
    <Placemark>
      <name>Продава ВИЛА област Перник, с. Режанци Обява: 1k173090223677223 (30 000 €)</name>
      <ExtendedData>
        <SchemaData schemaUrl="#PropertySchema">
          <SimpleData name="Price">30 000 €</SimpleData>
          <SimpleData name="Size">27 кв.м</SimpleData>
          <SimpleData name="URL">https://www.imot.bg/obiava-1k173090223677223-prodava-vila-oblast-pernik-s-rezhantsi</SimpleData>
        </SchemaData>
      </ExtendedData>
      <styleUrl>#style_yellow</styleUrl>
      <description>&lt;![CDATA[
            &lt;div style="font-family: sans-serif; max-width: 320px;"&gt;
                &lt;img src="https://imotstatic3.focus.bg/imot/photosimotbg/1/223//big/1k173090223677223_Ck.jpg" style="width:100%; height:auto; max-height:220px; object-fit:cover; border-radius:6px; margin-bottom:12px;"/&gt;
                &lt;hr style="border:0; border-top:1px solid #ccc; margin:10px 0;"/&gt;
                &lt;p style="margin:4px 0;"&gt;&lt;b&gt;Matched:&lt;/b&gt; +обзаведен(+15), +вода(+10)&lt;/p&gt;
                &lt;p style="margin:4px 0;"&gt;&lt;b&gt;Penalties:&lt;/b&gt; None&lt;/p&gt;
                &lt;hr style="border:0; border-top:1px solid #ccc; margin:10px 0;"/&gt;
                &lt;p style="margin-top:6px; color:#444;"&gt;&lt;b&gt;Description:&lt;/b&gt;&lt;/p&gt;
                &lt;p style="color:#555; font-size:13px; line-height:1.4;"&gt;Жилищен контейнер с площ от 27 кв.м., ситуиран върху бетонен фундамент с площ от 70 кв. м. Обзаведен с ново кухненско оборудване, нови мебели, електроуреди, климатик, бяла и черна техника. Състои се от дневна с кухненски бокс, спалня и баня с тоалетн...&lt;/p&gt;
            &lt;/div&gt;
        ]]&gt;</description>
      <Point>
        <coordinates>22.8489811,42.7200979,0</coordinates>
      </Point>
    </Placemark>
    <Placemark>
      <name>Продава КЪЩА област Перник, с. Гигинци Обява: 1j174171802848290 (27 500 €)</name>
      <ExtendedData>
        <SchemaData schemaUrl="#PropertySchema">
          <SimpleData name="Price">27 500 €</SimpleData>
          <SimpleData name="Size">918 кв.м</SimpleData>
          <SimpleData name="URL">https://www.imot.bg/obiava-1j174171802848290-prodava-kashta-oblast-pernik-s-gigintsi</SimpleData>
        </SchemaData>
      </ExtendedData>
      <styleUrl>#style_yellow</styleUrl>
      <description>&lt;![CDATA[
            &lt;div style="font-family: sans-serif; max-width: 320px;"&gt;
                &lt;img src="https://imotstatic1.focus.bg/imot/photosimotbg/1/290//big/1r174171802848290_1p.jpg" style="width:100%; height:auto; max-height:220px; object-fit:cover; border-radius:6px; margin-bottom:12px;"/&gt;
                &lt;hr style="border:0; border-top:1px solid #ccc; margin:10px 0;"/&gt;
                &lt;p style="margin:4px 0;"&gt;&lt;b&gt;Matched:&lt;/b&gt; +ток(+10), +вода(+10), +кладенец(+5)&lt;/p&gt;
                &lt;p style="margin:4px 0;"&gt;&lt;b&gt;Penalties:&lt;/b&gt; None&lt;/p&gt;
                &lt;hr style="border:0; border-top:1px solid #ccc; margin:10px 0;"/&gt;
                &lt;p style="margin-top:6px; color:#444;"&gt;&lt;b&gt;Description:&lt;/b&gt;&lt;/p&gt;
                &lt;p style="color:#555; font-size:13px; line-height:1.4;"&gt;Цена 27500 евро. Обадете ни се на 0884324703 за допълнителна информация и организиране на огледи в удобно за вас време. Агенция Тера Булгари предлага на Вашето внимание урегулиран поземлен имот със стара паянтова къща. Сградата е със застроена площ о...&lt;/p&gt;
            &lt;/div&gt;
        ]]&gt;</description>
      <Point>
        <coordinates>22.81268,42.661949,0</coordinates>
      </Point>
    </Placemark>
    <Placemark>
      <name>Продава КЪЩА област Перник, с. Гигинци Обява: 1j174171802848290 (27 500 €)</name>
      <ExtendedData>
        <SchemaData schemaUrl="#PropertySchema">
          <SimpleData name="Price">27 500 €</SimpleData>
          <SimpleData name="Size">918 кв.м</SimpleData>
          <SimpleData name="URL">https://www.imot.bg/obiava-1j174171802848290-prodava-kashta-oblast-pernik-s-gigintsi#playertag</SimpleData>
        </SchemaData>
      </ExtendedData>
      <styleUrl>#style_yellow</styleUrl>
      <description>&lt;![CDATA[
            &lt;div style="font-family: sans-serif; max-width: 320px;"&gt;
                &lt;img src="https://imotstatic1.focus.bg/imot/photosimotbg/1/290//big/1r174171802848290_1p.jpg" style="width:100%; height:auto; max-height:220px; object-fit:cover; border-radius:6px; margin-bottom:12px;"/&gt;
                &lt;hr style="border:0; border-top:1px solid #ccc; margin:10px 0;"/&gt;
                &lt;p style="margin:4px 0;"&gt;&lt;b&gt;Matched:&lt;/b&gt; +ток(+10), +вода(+10), +кладенец(+5)&lt;/p&gt;
                &lt;p style="margin:4px 0;"&gt;&lt;b&gt;Penalties:&lt;/b&gt; None&lt;/p&gt;
                &lt;hr style="border:0; border-top:1px solid #ccc; margin:10px 0;"/&gt;
                &lt;p style="margin-top:6px; color:#444;"&gt;&lt;b&gt;Description:&lt;/b&gt;&lt;/p&gt;
                &lt;p style="color:#555; font-size:13px; line-height:1.4;"&gt;Цена 27500 евро. Обадете ни се на 0884324703 за допълнителна информация и организиране на огледи в удобно за вас време. Агенция Тера Булгари предлага на Вашето внимание урегулиран поземлен имот със стара паянтова къща. Сградата е със застроена площ о...&lt;/p&gt;
            &lt;/div&gt;
        ]]&gt;</description>
      <Point>
        <coordinates>22.81268,42.661049,0</coordinates>
      </Point>
    </Placemark>
    <Placemark>
      <name>Продава КЪЩА област Перник, с. Негованци Обява: 1j177364800695834 (32 300 €)</name>
      <ExtendedData>
        <SchemaData schemaUrl="#PropertySchema">
          <SimpleData name="Price">32 300 €</SimpleData>
          <SimpleData name="Size">100 кв.м</SimpleData>
          <SimpleData name="URL">https://www.imot.bg/obiava-1j177364800695834-prodava-kashta-oblast-pernik-s-negovantsi</SimpleData>
        </SchemaData>
      </ExtendedData>
      <styleUrl>#style_yellow</styleUrl>
      <description>&lt;![CDATA[
            &lt;div style="font-family: sans-serif; max-width: 320px;"&gt;
                &lt;img src="https://imotstatic2.focus.bg/imot/photosimotbg/1/834//big/1j177364800695834_ke.jpg" style="width:100%; height:auto; max-height:220px; object-fit:cover; border-radius:6px; margin-bottom:12px;"/&gt;
                &lt;hr style="border:0; border-top:1px solid #ccc; margin:10px 0;"/&gt;
                &lt;p style="margin:4px 0;"&gt;&lt;b&gt;Matched:&lt;/b&gt; +ток(+10), +вода(+10), +кладенец(+5)&lt;/p&gt;
                &lt;p style="margin:4px 0;"&gt;&lt;b&gt;Penalties:&lt;/b&gt; None&lt;/p&gt;
                &lt;hr style="border:0; border-top:1px solid #ccc; margin:10px 0;"/&gt;
                &lt;p style="margin-top:6px; color:#444;"&gt;&lt;b&gt;Description:&lt;/b&gt;&lt;/p&gt;
                &lt;p style="color:#555; font-size:13px; line-height:1.4;"&gt;ОТ СОБСТВЕНИК! Продава парцел с площ от 2770 кв.м,заедно с едноетажна,стара,тухлена къща в село Негованци, област Перник. Къщата се състои от коридор,три стаи,сутерен-две мазета. Двора е парцелиран в две отдерни УПИ- та ,всяко с площ съответно от 172...&lt;/p&gt;
            &lt;/div&gt;
        ]]&gt;</description>
      <Point>
        <coordinates>22.947769,42.458343,0</coordinates>
      </Point>
    </Placemark>
    <Placemark>
      <name>Продава КЪЩА област Перник, с. Гърло Обява: 1j174661440064336 (50 000 €)</name>
      <ExtendedData>
        <SchemaData schemaUrl="#PropertySchema">
          <SimpleData name="Price">50 000 €</SimpleData>
          <SimpleData name="Size">75 кв.м</SimpleData>
          <SimpleData name="URL">https://www.imot.bg/obiava-1j174661440064336-prodava-kashta-oblast-pernik-s-garlo</SimpleData>
        </SchemaData>
      </ExtendedData>
      <styleUrl>#style_yellow</styleUrl>
      <description>&lt;![CDATA[
            &lt;div style="font-family: sans-serif; max-width: 320px;"&gt;
                &lt;img src="https://imotstatic3.focus.bg/imot/photosimotbg/1/336//big/1j174661440064336_oQ.jpg" style="width:100%; height:auto; max-height:220px; object-fit:cover; border-radius:6px; margin-bottom:12px;"/&gt;
                &lt;hr style="border:0; border-top:1px solid #ccc; margin:10px 0;"/&gt;
                &lt;p style="margin:4px 0;"&gt;&lt;b&gt;Matched:&lt;/b&gt; +ток(+10), +вода(+10), +кладенец(+5)&lt;/p&gt;
                &lt;p style="margin:4px 0;"&gt;&lt;b&gt;Penalties:&lt;/b&gt; None&lt;/p&gt;
                &lt;hr style="border:0; border-top:1px solid #ccc; margin:10px 0;"/&gt;
                &lt;p style="margin-top:6px; color:#444;"&gt;&lt;b&gt;Description:&lt;/b&gt;&lt;/p&gt;
                &lt;p style="color:#555; font-size:13px; line-height:1.4;"&gt;Продава се урегулиран поземлен имот /УПИ/, с площ от 1390 кв.м., находящ се в с. Гърло, общ. Брезник, обл. Перник. В имота е построена двуетажна полумасивна жилищна сграда със застроена площ от 75 кв.м. и масивна сграда /хамбар/ - 23 кв.м. И двете сг...&lt;/p&gt;
            &lt;/div&gt;
        ]]&gt;</description>
      <Point>
        <coordinates>22.848086,42.7608145,0</coordinates>
      </Point>
    </Placemark>
    <Placemark>
      <name>Продава КЪЩА област Перник, с. Николаево Обява: 1j175328956000726 (44 483 €)</name>
      <ExtendedData>
        <SchemaData schemaUrl="#PropertySchema">
          <SimpleData name="Price">44 483 €</SimpleData>
          <SimpleData name="Size">42 кв.м</SimpleData>
          <SimpleData name="URL">https://www.imot.bg/obiava-1j175328956000726-prodava-kashta-oblast-pernik-s-nikolaevo</SimpleData>
        </SchemaData>
      </ExtendedData>
      <styleUrl>#style_yellow</styleUrl>
      <description>&lt;![CDATA[
            &lt;div style="font-family: sans-serif; max-width: 320px;"&gt;
                &lt;img src="https://imotstatic4.focus.bg/imot/photosimotbg/1/726//big/1j175328956000726_2x.jpg" style="width:100%; height:auto; max-height:220px; object-fit:cover; border-radius:6px; margin-bottom:12px;"/&gt;
                &lt;hr style="border:0; border-top:1px solid #ccc; margin:10px 0;"/&gt;
                &lt;p style="margin:4px 0;"&gt;&lt;b&gt;Matched:&lt;/b&gt; +ток(+10), +вода(+10), +кладенец(+5)&lt;/p&gt;
                &lt;p style="margin:4px 0;"&gt;&lt;b&gt;Penalties:&lt;/b&gt; None&lt;/p&gt;
                &lt;hr style="border:0; border-top:1px solid #ccc; margin:10px 0;"/&gt;
                &lt;p style="margin-top:6px; color:#444;"&gt;&lt;b&gt;Description:&lt;/b&gt;&lt;/p&gt;
                &lt;p style="color:#555; font-size:13px; line-height:1.4;"&gt;Китно селце на 2 км от гр. Радомир, разположено на хълм. Предлагаме на Вашето внимание малка сглобяема вила с РЗП - 42 м2, строеж от 1997г., която предлага следното разпределение --&gt; I-ви етаж: малка кухня, стая и веранда. Външни метални стълби към I...&lt;/p&gt;
            &lt;/div&gt;
        ]]&gt;</description>
      <Point>
        <coordinates>22.93312,42.55301,0</coordinates>
      </Point>
    </Placemark>
    <Placemark>
      <name>Продава ВИЛА област Перник, с. Червена могила Обява: 1k175710057636847 (38 500 €)</name>
      <ExtendedData>
        <SchemaData schemaUrl="#PropertySchema">
          <SimpleData name="Price">38 500 €</SimpleData>
          <SimpleData name="Size">36 кв.м</SimpleData>
          <SimpleData name="URL">https://www.imot.bg/obiava-1k175710057636847-prodava-vila-oblast-pernik-s-chervena-mogila</SimpleData>
        </SchemaData>
      </ExtendedData>
      <styleUrl>#style_yellow</styleUrl>
      <description>&lt;![CDATA[
            &lt;div style="font-family: sans-serif; max-width: 320px;"&gt;
                &lt;img src="https://imotstatic2.focus.bg/imot/photosimotbg/1/847//big/1k175710057636847_6e.jpg" style="width:100%; height:auto; max-height:220px; object-fit:cover; border-radius:6px; margin-bottom:12px;"/&gt;
                &lt;hr style="border:0; border-top:1px solid #ccc; margin:10px 0;"/&gt;
                &lt;p style="margin:4px 0;"&gt;&lt;b&gt;Matched:&lt;/b&gt; +ток(+10), +вода(+10), +кладенец(+5)&lt;/p&gt;
                &lt;p style="margin:4px 0;"&gt;&lt;b&gt;Penalties:&lt;/b&gt; None&lt;/p&gt;
                &lt;hr style="border:0; border-top:1px solid #ccc; margin:10px 0;"/&gt;
                &lt;p style="margin-top:6px; color:#444;"&gt;&lt;b&gt;Description:&lt;/b&gt;&lt;/p&gt;
                &lt;p style="color:#555; font-size:13px; line-height:1.4;"&gt;Агенция Тангра пропъртис продава ВИЛА в с.Червена могила ,обл.Перник. Сградата е тип бунгало със ЗП от 36 кв.м изградено в дворно място с площ от 450 кв.м. Разполага със две спални помещения и кухня . Външна тоалетна . Активна партида за ток и вода. ...&lt;/p&gt;
            &lt;/div&gt;
        ]]&gt;</description>
      <Point>
        <coordinates>23.001479,42.515521,0</coordinates>
      </Point>
    </Placemark>
    <Placemark>
      <name>Продава ВИЛА област Перник, с. Николаево Обява: 1k178151811577947 (45 000 €)</name>
      <ExtendedData>
        <SchemaData schemaUrl="#PropertySchema">
          <SimpleData name="Price">45 000 €</SimpleData>
          <SimpleData name="Size">42 кв.м</SimpleData>
          <SimpleData name="URL">https://www.imot.bg/obiava-1k178151811577947-prodava-vila-oblast-pernik-s-nikolaevo</SimpleData>
        </SchemaData>
      </ExtendedData>
      <styleUrl>#style_yellow</styleUrl>
      <description>&lt;![CDATA[
            &lt;div style="font-family: sans-serif; max-width: 320px;"&gt;
                &lt;img src="https://imotstatic1.focus.bg/imot/photosimotbg/1/947//big/1k178151811577947_uJ.jpg" style="width:100%; height:auto; max-height:220px; object-fit:cover; border-radius:6px; margin-bottom:12px;"/&gt;
                &lt;hr style="border:0; border-top:1px solid #ccc; margin:10px 0;"/&gt;
                &lt;p style="margin:4px 0;"&gt;&lt;b&gt;Matched:&lt;/b&gt; +ток(+10), +вода(+10), +кладенец(+5)&lt;/p&gt;
                &lt;p style="margin:4px 0;"&gt;&lt;b&gt;Penalties:&lt;/b&gt; None&lt;/p&gt;
                &lt;hr style="border:0; border-top:1px solid #ccc; margin:10px 0;"/&gt;
                &lt;p style="margin-top:6px; color:#444;"&gt;&lt;b&gt;Description:&lt;/b&gt;&lt;/p&gt;
                &lt;p style="color:#555; font-size:13px; line-height:1.4;"&gt;Агенция Бела Ви предлага за продажба в китно селце на 2 км от гр. Радомир, разположено на хълм в село Николаево. Предлагаме на Вашето внимание малка сглобяема вила с РЗП - 42 м2, строеж от 1997г., която предлага следното разпределение --&gt; I-ви етаж: ...&lt;/p&gt;
            &lt;/div&gt;
        ]]&gt;</description>
      <Point>
        <coordinates>22.93351,42.552335,0</coordinates>
      </Point>
    </Placemark>
    <Placemark>
      <name>Продава КЪЩА област Перник, с. Борнарево Махала Кайчови ливади Обява: 1j178815589951615 (27 000 €)</name>
      <ExtendedData>
        <SchemaData schemaUrl="#PropertySchema">
          <SimpleData name="Price">27 000 €</SimpleData>
          <SimpleData name="Size">92 кв.м</SimpleData>
          <SimpleData name="URL">https://www.imot.bg/obiava-1j178815589951615-prodava-kashta-oblast-pernik-s-bornarevo-mahala-kaychovi-livadi</SimpleData>
        </SchemaData>
      </ExtendedData>
      <styleUrl>#style_yellow</styleUrl>
      <description>&lt;![CDATA[
            &lt;div style="font-family: sans-serif; max-width: 320px;"&gt;
                &lt;img src="https://imotstatic1.focus.bg/imot/photosimotbg/1/615//big/1j178815589951615_Kx.jpg" style="width:100%; height:auto; max-height:220px; object-fit:cover; border-radius:6px; margin-bottom:12px;"/&gt;
                &lt;hr style="border:0; border-top:1px solid #ccc; margin:10px 0;"/&gt;
                &lt;p style="margin:4px 0;"&gt;&lt;b&gt;Matched:&lt;/b&gt; +ток(+10), +кладенец(+5), +сонда(+5), +двор(+4)&lt;/p&gt;
                &lt;p style="margin:4px 0;"&gt;&lt;b&gt;Penalties:&lt;/b&gt; None&lt;/p&gt;
                &lt;hr style="border:0; border-top:1px solid #ccc; margin:10px 0;"/&gt;
                &lt;p style="margin-top:6px; color:#444;"&gt;&lt;b&gt;Description:&lt;/b&gt;&lt;/p&gt;
                &lt;p style="color:#555; font-size:13px; line-height:1.4;"&gt;АГЕНЦИЯ ТАНГРА ПРОПЪРТИС ПРОДАВА  ВИЛА/КЪЩА В С. БОРНАРЕВО, ОБЩ. РАДОМИР Агенция  Тангра Пропъртис  предлага за продажба двуетажна вилна сграда в с. Борнарево, община Радомир, област Перник. Имотът е с 46 кв.м застроена площ, разпределени на два жили...&lt;/p&gt;
            &lt;/div&gt;
        ]]&gt;</description>
      <Point>
        <coordinates>22.9326,42.536022,0</coordinates>
      </Point>
    </Placemark>
    <Placemark>
      <name>Продава КЪЩА област Перник, с. Зелениград Обява: 1j175021092327852 (34 800 €)</name>
      <ExtendedData>
        <SchemaData schemaUrl="#PropertySchema">
          <SimpleData name="Price">34 800 €</SimpleData>
          <SimpleData name="Size">120 кв.м</SimpleData>
          <SimpleData name="URL">https://www.imot.bg/obiava-1j175021092327852-prodava-kashta-oblast-pernik-s-zelenigrad</SimpleData>
        </SchemaData>
      </ExtendedData>
      <styleUrl>#style_yellow</styleUrl>
      <description>&lt;![CDATA[
            &lt;div style="font-family: sans-serif; max-width: 320px;"&gt;
                &lt;img src="https://imotstatic2.focus.bg/imot/photosimotbg/1/852//big/1j175021092327852_Xs.jpg" style="width:100%; height:auto; max-height:220px; object-fit:cover; border-radius:6px; margin-bottom:12px;"/&gt;
                &lt;hr style="border:0; border-top:1px solid #ccc; margin:10px 0;"/&gt;
                &lt;p style="margin:4px 0;"&gt;&lt;b&gt;Matched:&lt;/b&gt; +ток(+10), +вода(+10), +двор(+4)&lt;/p&gt;
                &lt;p style="margin:4px 0;"&gt;&lt;b&gt;Penalties:&lt;/b&gt; None&lt;/p&gt;
                &lt;hr style="border:0; border-top:1px solid #ccc; margin:10px 0;"/&gt;
                &lt;p style="margin-top:6px; color:#444;"&gt;&lt;b&gt;Description:&lt;/b&gt;&lt;/p&gt;
                &lt;p style="color:#555; font-size:13px; line-height:1.4;"&gt;Спешно продава.Масивна къща тухла -плоча, в центъра  на планинското село Зелениград.На 9км от гр. Трън и на 58км от гр.Перник.Къщата се състои от два жилищни етажа и тавански етаж.На етаж по около 40 кв.м.Нуждае е се от малки ремонтни работи.Това поз...&lt;/p&gt;
            &lt;/div&gt;
        ]]&gt;</description>
      <Point>
        <coordinates>22.560715,42.838136,0</coordinates>
      </Point>
    </Placemark>
    <Placemark>
      <name>Продава КЪЩА област Перник, с. Кленовик Обява: 1j174894689476773 (45 000 €)</name>
      <ExtendedData>
        <SchemaData schemaUrl="#PropertySchema">
          <SimpleData name="Price">45 000 €</SimpleData>
          <SimpleData name="Size">170 кв.м</SimpleData>
          <SimpleData name="URL">https://www.imot.bg/obiava-1j174894689476773-prodava-kashta-oblast-pernik-s-klenovik</SimpleData>
        </SchemaData>
      </ExtendedData>
      <styleUrl>#style_yellow</styleUrl>
      <description>&lt;![CDATA[
            &lt;div style="font-family: sans-serif; max-width: 320px;"&gt;
                &lt;img src="https://imotstatic4.focus.bg/imot/photosimotbg/1/773//big/1j174894689476773_Cv.jpg" style="width:100%; height:auto; max-height:220px; object-fit:cover; border-radius:6px; margin-bottom:12px;"/&gt;
                &lt;hr style="border:0; border-top:1px solid #ccc; margin:10px 0;"/&gt;
                &lt;p style="margin:4px 0;"&gt;&lt;b&gt;Matched:&lt;/b&gt; +вода(+10), +канализация(+10), +двор(+4)&lt;/p&gt;
                &lt;p style="margin:4px 0;"&gt;&lt;b&gt;Penalties:&lt;/b&gt; None&lt;/p&gt;
                &lt;hr style="border:0; border-top:1px solid #ccc; margin:10px 0;"/&gt;
                &lt;p style="margin-top:6px; color:#444;"&gt;&lt;b&gt;Description:&lt;/b&gt;&lt;/p&gt;
                &lt;p style="color:#555; font-size:13px; line-height:1.4;"&gt;Агенция за имоти Скала Ди продава триетажна къща с РЗП 170 кв.м и двор от 470 кв.м в екологично чист район.Спокойно и тихо селце с постояно обитавани къщи, разположено в северния пояс на Колош планина и само на 65 километра от София посока Кюстендил....&lt;/p&gt;
            &lt;/div&gt;
        ]]&gt;</description>
      <Point>
        <coordinates>22.920977,42.4228367,0</coordinates>
      </Point>
    </Placemark>
    <Placemark>
      <name>Продава КЪЩА област Перник, с. Лобош Обява: 1j178452712808184 (25 000 €)</name>
      <ExtendedData>
        <SchemaData schemaUrl="#PropertySchema">
          <SimpleData name="Price">25 000 €</SimpleData>
          <SimpleData name="Size">74 кв.м</SimpleData>
          <SimpleData name="URL">https://www.imot.bg/obiava-1j178452712808184-prodava-kashta-oblast-pernik-s-lobosh</SimpleData>
        </SchemaData>
      </ExtendedData>
      <styleUrl>#style_yellow</styleUrl>
      <description>&lt;![CDATA[
            &lt;div style="font-family: sans-serif; max-width: 320px;"&gt;
                &lt;img src="https://imotstatic1.focus.bg/imot/photosimotbg/1/184//big/1j178452712808184_6H.jpg" style="width:100%; height:auto; max-height:220px; object-fit:cover; border-radius:6px; margin-bottom:12px;"/&gt;
                &lt;hr style="border:0; border-top:1px solid #ccc; margin:10px 0;"/&gt;
                &lt;p style="margin:4px 0;"&gt;&lt;b&gt;Matched:&lt;/b&gt; +ток(+10), +вода(+10), +двор(+4)&lt;/p&gt;
                &lt;p style="margin:4px 0;"&gt;&lt;b&gt;Penalties:&lt;/b&gt; None&lt;/p&gt;
                &lt;hr style="border:0; border-top:1px solid #ccc; margin:10px 0;"/&gt;
                &lt;p style="margin-top:6px; color:#444;"&gt;&lt;b&gt;Description:&lt;/b&gt;&lt;/p&gt;
                &lt;p style="color:#555; font-size:13px; line-height:1.4;"&gt;Продавам стара къща с двор в село Лобош, на 56 км. от София. Селото се намира до язовир  Пчелина . В имота има ток и вода /има партиди/. Дворът е урегулиран - УПИ, с площ от 868 кв.м. Къщата е 74 кв.м., има и допълнителна стопанска сграда - 68 кв.м. ...&lt;/p&gt;
            &lt;/div&gt;
        ]]&gt;</description>
      <Point>
        <coordinates>22.813547,42.505259,0</coordinates>
      </Point>
    </Placemark>
    <Placemark>
      <name>Продава КЪЩА област Перник, с. Кондофрей Обява: 1j177919067331780 (45 000 €)</name>
      <ExtendedData>
        <SchemaData schemaUrl="#PropertySchema">
          <SimpleData name="Price">45 000 €</SimpleData>
          <SimpleData name="Size">70 кв.м</SimpleData>
          <SimpleData name="URL">https://www.imot.bg/obiava-1j177919067331780-prodava-kashta-oblast-pernik-s-kondofrey</SimpleData>
        </SchemaData>
      </ExtendedData>
      <styleUrl>#style_yellow</styleUrl>
      <description>&lt;![CDATA[
            &lt;div style="font-family: sans-serif; max-width: 320px;"&gt;
                &lt;img src="https://imotstatic4.focus.bg/imot/photosimotbg/1/780//big/1j177919067331780_9S.jpg" style="width:100%; height:auto; max-height:220px; object-fit:cover; border-radius:6px; margin-bottom:12px;"/&gt;
                &lt;hr style="border:0; border-top:1px solid #ccc; margin:10px 0;"/&gt;
                &lt;p style="margin:4px 0;"&gt;&lt;b&gt;Matched:&lt;/b&gt; +ток(+10), +вода(+10), +двор(+4)&lt;/p&gt;
                &lt;p style="margin:4px 0;"&gt;&lt;b&gt;Penalties:&lt;/b&gt; None&lt;/p&gt;
                &lt;hr style="border:0; border-top:1px solid #ccc; margin:10px 0;"/&gt;
                &lt;p style="margin-top:6px; color:#444;"&gt;&lt;b&gt;Description:&lt;/b&gt;&lt;/p&gt;
                &lt;p style="color:#555; font-size:13px; line-height:1.4;"&gt;Агенция Тангра пропъртис продава стара къща с двор   с. Кондофрей, ,общ.Радомир. Представяме Ви къща с напълно обновен покрив, сменени дограми , разположен в спокойно и предпочитно село   с. Кондофрей, област Перник, с бърз достъп до София по АМ  Стр...&lt;/p&gt;
            &lt;/div&gt;
        ]]&gt;</description>
      <Point>
        <coordinates>23.006066,42.427301,0</coordinates>
      </Point>
    </Placemark>
    <Placemark>
      <name>Продава КЪЩА област Перник, с. Расник Обява: 1j177917884473998 (45 000 €)</name>
      <ExtendedData>
        <SchemaData schemaUrl="#PropertySchema">
          <SimpleData name="Price">45 000 €</SimpleData>
          <SimpleData name="Size">60 кв.м</SimpleData>
          <SimpleData name="URL">https://www.imot.bg/obiava-1j177917884473998-prodava-kashta-oblast-pernik-s-rasnik</SimpleData>
        </SchemaData>
      </ExtendedData>
      <styleUrl>#style_yellow</styleUrl>
      <description>&lt;![CDATA[
            &lt;div style="font-family: sans-serif; max-width: 320px;"&gt;
                &lt;img src="https://cdn3.focus.bg/imot/photosimotbg/1/998//big/1j177917884473998_33.jpg" style="width:100%; height:auto; max-height:220px; object-fit:cover; border-radius:6px; margin-bottom:12px;"/&gt;
                &lt;hr style="border:0; border-top:1px solid #ccc; margin:10px 0;"/&gt;
                &lt;p style="margin:4px 0;"&gt;&lt;b&gt;Matched:&lt;/b&gt; +ток(+10), +вода(+10), +двор(+4)&lt;/p&gt;
                &lt;p style="margin:4px 0;"&gt;&lt;b&gt;Penalties:&lt;/b&gt; None&lt;/p&gt;
                &lt;hr style="border:0; border-top:1px solid #ccc; margin:10px 0;"/&gt;
                &lt;p style="margin-top:6px; color:#444;"&gt;&lt;b&gt;Description:&lt;/b&gt;&lt;/p&gt;
                &lt;p style="color:#555; font-size:13px; line-height:1.4;"&gt;Едноетажна къща за тотален ремонт в с.Расник, общ.Перник със застроена площ от 60 кв.м. и двор от 870 кв.м. Допълнителни помощни постройки в имота. На асфалтова улица, ток, вода. Селото се намира на 15 км от Перник и на 40 км от София. Характеризира ...&lt;/p&gt;
            &lt;/div&gt;
        ]]&gt;</description>
      <Point>
        <coordinates>22.99849,42.700995,0</coordinates>
      </Point>
    </Placemark>
    <Placemark>
      <name>Продава КЪЩА област Перник, с. Ръжавец Обява: 1j173057699762765 (38 587 €)</name>
      <ExtendedData>
        <SchemaData schemaUrl="#PropertySchema">
          <SimpleData name="Price">38 587 €</SimpleData>
          <SimpleData name="Size">131 кв.м</SimpleData>
          <SimpleData name="URL">https://www.imot.bg/obiava-1j173057699762765-prodava-kashta-oblast-pernik-s-razhavets</SimpleData>
        </SchemaData>
      </ExtendedData>
      <styleUrl>#style_yellow</styleUrl>
      <description>&lt;![CDATA[
            &lt;div style="font-family: sans-serif; max-width: 320px;"&gt;
                &lt;img src="https://cdn3.focus.bg/imot/photosimotbg/1/765//big/1j173057699762765_iW.jpg" style="width:100%; height:auto; max-height:220px; object-fit:cover; border-radius:6px; margin-bottom:12px;"/&gt;
                &lt;hr style="border:0; border-top:1px solid #ccc; margin:10px 0;"/&gt;
                &lt;p style="margin:4px 0;"&gt;&lt;b&gt;Matched:&lt;/b&gt; +ток(+10), +вода(+10), +панорама(+4)&lt;/p&gt;
                &lt;p style="margin:4px 0;"&gt;&lt;b&gt;Penalties:&lt;/b&gt; None&lt;/p&gt;
                &lt;hr style="border:0; border-top:1px solid #ccc; margin:10px 0;"/&gt;
                &lt;p style="margin-top:6px; color:#444;"&gt;&lt;b&gt;Description:&lt;/b&gt;&lt;/p&gt;
                &lt;p style="color:#555; font-size:13px; line-height:1.4;"&gt;Обадете ни се на 0884324703 за допълнителна информация и организиране на огледи в удобно за вас време. Агенция Тера Булгари предлага на Вашето внимание три етажна къща със застроена площ от 39 квадратни метра  заедно с бунгало ( готово за ползване ) ...&lt;/p&gt;
            &lt;/div&gt;
        ]]&gt;</description>
      <Point>
        <coordinates>22.728531,42.712298,0</coordinates>
      </Point>
    </Placemark>
    <Placemark>
      <name>Продава ВИЛА област Перник, с. Касилаг Обява: 1k169279144984180 (13 293.59 €)</name>
      <ExtendedData>
        <SchemaData schemaUrl="#PropertySchema">
          <SimpleData name="Price">13 293.59 €</SimpleData>
          <SimpleData name="Size">20 кв.м</SimpleData>
          <SimpleData name="URL">https://www.imot.bg/obiava-1k169279144984180-prodava-vila-oblast-pernik-s-kasilag</SimpleData>
        </SchemaData>
      </ExtendedData>
      <styleUrl>#style_yellow</styleUrl>
      <description>&lt;![CDATA[
            &lt;div style="font-family: sans-serif; max-width: 320px;"&gt;
                &lt;img src="https://imotstatic1.focus.bg/imot/photosimotbg/1/180//big/1k169279144984180_RV.jpg" style="width:100%; height:auto; max-height:220px; object-fit:cover; border-radius:6px; margin-bottom:12px;"/&gt;
                &lt;hr style="border:0; border-top:1px solid #ccc; margin:10px 0;"/&gt;
                &lt;p style="margin:4px 0;"&gt;&lt;b&gt;Matched:&lt;/b&gt; +ток(+10), +вода(+10), +двор(+4)&lt;/p&gt;
                &lt;p style="margin:4px 0;"&gt;&lt;b&gt;Penalties:&lt;/b&gt; None&lt;/p&gt;
                &lt;hr style="border:0; border-top:1px solid #ccc; margin:10px 0;"/&gt;
                &lt;p style="margin-top:6px; color:#444;"&gt;&lt;b&gt;Description:&lt;/b&gt;&lt;/p&gt;
                &lt;p style="color:#555; font-size:13px; line-height:1.4;"&gt;Парцел с малка вила от 20 кв със търпимост и двор от 410 кв.м. Вилата не е годна за живеене ,но има партида за ток и вода . Двора е с денивелация и е за почистване.Селото е в подножието на планина Колош....&lt;/p&gt;
            &lt;/div&gt;
        ]]&gt;</description>
      <Point>
        <coordinates>22.975342,42.421765,0</coordinates>
      </Point>
    </Placemark>
    <Placemark>
      <name>Продава КЪЩА област Перник, с. Ярджиловци Обява: 1j152762511793974 (50 000 €)</name>
      <ExtendedData>
        <SchemaData schemaUrl="#PropertySchema">
          <SimpleData name="Price">50 000 €</SimpleData>
          <SimpleData name="Size">100 кв.м</SimpleData>
          <SimpleData name="URL">https://www.imot.bg/obiava-1j152762511793974-prodava-kashta-oblast-pernik-s-yardzhilovtsi</SimpleData>
        </SchemaData>
      </ExtendedData>
      <styleUrl>#style_yellow</styleUrl>
      <description>&lt;![CDATA[
            &lt;div style="font-family: sans-serif; max-width: 320px;"&gt;
                &lt;img src="https://imotstatic3.focus.bg/imot/photosimotbg/1/974//big/1j152762511793974_1.pic" style="width:100%; height:auto; max-height:220px; object-fit:cover; border-radius:6px; margin-bottom:12px;"/&gt;
                &lt;hr style="border:0; border-top:1px solid #ccc; margin:10px 0;"/&gt;
                &lt;p style="margin:4px 0;"&gt;&lt;b&gt;Matched:&lt;/b&gt; +ток(+10), +вода(+10), +двор(+4)&lt;/p&gt;
                &lt;p style="margin:4px 0;"&gt;&lt;b&gt;Penalties:&lt;/b&gt; None&lt;/p&gt;
                &lt;hr style="border:0; border-top:1px solid #ccc; margin:10px 0;"/&gt;
                &lt;p style="margin-top:6px; color:#444;"&gt;&lt;b&gt;Description:&lt;/b&gt;&lt;/p&gt;
                &lt;p style="color:#555; font-size:13px; line-height:1.4;"&gt;Имотът се намира на 35 км. западно от София, в границите на община Перник. Представлява двуетажна масивна жилищна сграда с голям двор - 1000 кв.м. Разпределение: първи етаж   хол с преход към две стаи и помещение, което може да бъде преустроено в сан...&lt;/p&gt;
            &lt;/div&gt;
        ]]&gt;</description>
      <Point>
        <coordinates>22.942787,42.632842,0</coordinates>
      </Point>
    </Placemark>
    <Placemark>
      <name>Продава ВИЛА област Перник, с. Ръжавец Обява: 1k173058207682827 (38 587 €)</name>
      <ExtendedData>
        <SchemaData schemaUrl="#PropertySchema">
          <SimpleData name="Price">38 587 €</SimpleData>
          <SimpleData name="Size">131 кв.м</SimpleData>
          <SimpleData name="URL">https://www.imot.bg/obiava-1k173058207682827-prodava-vila-oblast-pernik-s-razhavets</SimpleData>
        </SchemaData>
      </ExtendedData>
      <styleUrl>#style_yellow</styleUrl>
      <description>&lt;![CDATA[
            &lt;div style="font-family: sans-serif; max-width: 320px;"&gt;
                &lt;img src="https://imotstatic1.focus.bg/imot/photosimotbg/1/827//big/1k173058207682827_iv.jpg" style="width:100%; height:auto; max-height:220px; object-fit:cover; border-radius:6px; margin-bottom:12px;"/&gt;
                &lt;hr style="border:0; border-top:1px solid #ccc; margin:10px 0;"/&gt;
                &lt;p style="margin:4px 0;"&gt;&lt;b&gt;Matched:&lt;/b&gt; +ток(+10), +вода(+10), +панорама(+4)&lt;/p&gt;
                &lt;p style="margin:4px 0;"&gt;&lt;b&gt;Penalties:&lt;/b&gt; None&lt;/p&gt;
                &lt;hr style="border:0; border-top:1px solid #ccc; margin:10px 0;"/&gt;
                &lt;p style="margin-top:6px; color:#444;"&gt;&lt;b&gt;Description:&lt;/b&gt;&lt;/p&gt;
                &lt;p style="color:#555; font-size:13px; line-height:1.4;"&gt;Обадете ни се на 0884324703 за допълнителна информация и организиране на огледи в удобно за вас време. Агенция Тера Булгари предлага на Вашето внимание три етажна къща със застроена площ от 39 квадратни метра  заедно с бунгало ( готово за ползване ) ...&lt;/p&gt;
            &lt;/div&gt;
        ]]&gt;</description>
      <Point>
        <coordinates>22.728959,42.711987,0</coordinates>
      </Point>
    </Placemark>
    <Placemark>
      <name>Продава ВИЛА област Перник, с. Ръжавец Обява: 1k173058207682827 (38 587 €)</name>
      <ExtendedData>
        <SchemaData schemaUrl="#PropertySchema">
          <SimpleData name="Price">38 587 €</SimpleData>
          <SimpleData name="Size">131 кв.м</SimpleData>
          <SimpleData name="URL">https://www.imot.bg/obiava-1k173058207682827-prodava-vila-oblast-pernik-s-razhavets#playertag</SimpleData>
        </SchemaData>
      </ExtendedData>
      <styleUrl>#style_yellow</styleUrl>
      <description>&lt;![CDATA[
            &lt;div style="font-family: sans-serif; max-width: 320px;"&gt;
                &lt;img src="https://imotstatic1.focus.bg/imot/photosimotbg/1/827//big/1k173058207682827_iv.jpg" style="width:100%; height:auto; max-height:220px; object-fit:cover; border-radius:6px; margin-bottom:12px;"/&gt;
                &lt;hr style="border:0; border-top:1px solid #ccc; margin:10px 0;"/&gt;
                &lt;p style="margin:4px 0;"&gt;&lt;b&gt;Matched:&lt;/b&gt; +ток(+10), +вода(+10), +панорама(+4)&lt;/p&gt;
                &lt;p style="margin:4px 0;"&gt;&lt;b&gt;Penalties:&lt;/b&gt; None&lt;/p&gt;
                &lt;hr style="border:0; border-top:1px solid #ccc; margin:10px 0;"/&gt;
                &lt;p style="margin-top:6px; color:#444;"&gt;&lt;b&gt;Description:&lt;/b&gt;&lt;/p&gt;
                &lt;p style="color:#555; font-size:13px; line-height:1.4;"&gt;Обадете ни се на 0884324703 за допълнителна информация и организиране на огледи в удобно за вас време. Агенция Тера Булгари предлага на Вашето внимание три етажна къща със застроена площ от 39 квадратни метра  заедно с бунгало ( готово за ползване ) ...&lt;/p&gt;
            &lt;/div&gt;
        ]]&gt;</description>
      <Point>
        <coordinates>22.728795,42.711484,0</coordinates>
      </Point>
    </Placemark>
    <Placemark>
      <name>Продава КЪЩА област Перник, с. Банкя Обява: 1j176798220599128 (7 500 €)</name>
      <ExtendedData>
        <SchemaData schemaUrl="#PropertySchema">
          <SimpleData name="Price">7 500 €</SimpleData>
          <SimpleData name="Size">35 кв.м</SimpleData>
          <SimpleData name="URL">https://www.imot.bg/obiava-1j176798220599128-prodava-kashta-oblast-pernik-s-bankya</SimpleData>
        </SchemaData>
      </ExtendedData>
      <styleUrl>#style_yellow</styleUrl>
      <description>&lt;![CDATA[
            &lt;div style="font-family: sans-serif; max-width: 320px;"&gt;
                &lt;img src="https://imotstatic4.focus.bg/imot/photosimotbg/1/128//big/1j176798220599128_lo.jpg" style="width:100%; height:auto; max-height:220px; object-fit:cover; border-radius:6px; margin-bottom:12px;"/&gt;
                &lt;hr style="border:0; border-top:1px solid #ccc; margin:10px 0;"/&gt;
                &lt;p style="margin:4px 0;"&gt;&lt;b&gt;Matched:&lt;/b&gt; +вода(+10), +целогодишен достъп(+12)&lt;/p&gt;
                &lt;p style="margin:4px 0;"&gt;&lt;b&gt;Penalties:&lt;/b&gt; None&lt;/p&gt;
                &lt;hr style="border:0; border-top:1px solid #ccc; margin:10px 0;"/&gt;
                &lt;p style="margin-top:6px; color:#444;"&gt;&lt;b&gt;Description:&lt;/b&gt;&lt;/p&gt;
                &lt;p style="color:#555; font-size:13px; line-height:1.4;"&gt;Продава се къща в с. Банкя, общ. Трън на 1 етаж. Състой се от 2 големи стаи и мазе. Дворното място е 1/2 идеална част от 500 кв. м. Има целогодишен достъп по асфалтиран път. Централен водопровод с минерална вода. Намира се в близост до минералния бас...&lt;/p&gt;
            &lt;/div&gt;
        ]]&gt;</description>
      <Point>
        <coordinates>22.680459,42.862933,0</coordinates>
      </Point>
    </Placemark>
    <Placemark>
      <name>Продава КЪЩА област Перник, с. Долни Романци Обява: 1j167345566648680 (48 000 €)</name>
      <ExtendedData>
        <SchemaData schemaUrl="#PropertySchema">
          <SimpleData name="Price">48 000 €</SimpleData>
          <SimpleData name="Size">117 кв.м</SimpleData>
          <SimpleData name="URL">https://www.imot.bg/obiava-1j167345566648680-prodava-kashta-oblast-pernik-s-dolni-romantsi</SimpleData>
        </SchemaData>
      </ExtendedData>
      <styleUrl>#style_yellow</styleUrl>
      <description>&lt;![CDATA[
            &lt;div style="font-family: sans-serif; max-width: 320px;"&gt;
                &lt;img src="https://imotstatic1.focus.bg/imot/photosimotbg/1/680//big/1j167345566648680_TP.jpg" style="width:100%; height:auto; max-height:220px; object-fit:cover; border-radius:6px; margin-bottom:12px;"/&gt;
                &lt;hr style="border:0; border-top:1px solid #ccc; margin:10px 0;"/&gt;
                &lt;p style="margin:4px 0;"&gt;&lt;b&gt;Matched:&lt;/b&gt; +вода(+10), +целогодишен достъп(+12)&lt;/p&gt;
                &lt;p style="margin:4px 0;"&gt;&lt;b&gt;Penalties:&lt;/b&gt; None&lt;/p&gt;
                &lt;hr style="border:0; border-top:1px solid #ccc; margin:10px 0;"/&gt;
                &lt;p style="margin-top:6px; color:#444;"&gt;&lt;b&gt;Description:&lt;/b&gt;&lt;/p&gt;
                &lt;p style="color:#555; font-size:13px; line-height:1.4;"&gt;Урегулиран Поземлен имот/дворно място/ с площ  от 737 квадратни метра, равен терен, целогодишен достъп, заедно с построената в същото дворно място: - Жилищна сграда, състояща се от партерен етаж/гаражи/ и два жилищни етажа със застроена площ от 39 кв...&lt;/p&gt;
            &lt;/div&gt;
        ]]&gt;</description>
      <Point>
        <coordinates>22.907629,42.768445,0</coordinates>
      </Point>
    </Placemark>
    <Placemark>
      <name>Продава КЪЩА област Перник, с. Лобош Обява: 1j178490281697226 (28 000 €)</name>
      <ExtendedData>
        <SchemaData schemaUrl="#PropertySchema">
          <SimpleData name="Price">28 000 €</SimpleData>
          <SimpleData name="Size">58 кв.м</SimpleData>
          <SimpleData name="URL">https://www.imot.bg/obiava-1j178490281697226-prodava-kashta-oblast-pernik-s-lobosh</SimpleData>
        </SchemaData>
      </ExtendedData>
      <styleUrl>#style_yellow</styleUrl>
      <description>&lt;![CDATA[
            &lt;div style="font-family: sans-serif; max-width: 320px;"&gt;
                &lt;img src="https://imotstatic2.focus.bg/imot/photosimotbg/1/226//big/1j178490281697226_AN.jpg" style="width:100%; height:auto; max-height:220px; object-fit:cover; border-radius:6px; margin-bottom:12px;"/&gt;
                &lt;hr style="border:0; border-top:1px solid #ccc; margin:10px 0;"/&gt;
                &lt;p style="margin:4px 0;"&gt;&lt;b&gt;Matched:&lt;/b&gt; +нова(+12), +ток(+10)&lt;/p&gt;
                &lt;p style="margin:4px 0;"&gt;&lt;b&gt;Penalties:&lt;/b&gt; None&lt;/p&gt;
                &lt;hr style="border:0; border-top:1px solid #ccc; margin:10px 0;"/&gt;
                &lt;p style="margin-top:6px; color:#444;"&gt;&lt;b&gt;Description:&lt;/b&gt;&lt;/p&gt;
                &lt;p style="color:#555; font-size:13px; line-height:1.4;"&gt;Epicenter Real Estate ви предлага ЕКСКЛУЗИВНО за продажба парцел със стара къща в живописното село Лобош само на 5 мин. от язовир Пчелина и на 65 км. от София. Имотът е с площ от 700 кв.м, като по-голямата част от терена е равна, което го прави отлич...&lt;/p&gt;
            &lt;/div&gt;
        ]]&gt;</description>
      <Point>
        <coordinates>22.813899,42.50509,0</coordinates>
      </Point>
    </Placemark>
    <Placemark>
      <name>Продава КЪЩА област Перник, с. Ракиловци Обява: 1j178731426006729 (50 000 €)</name>
      <ExtendedData>
        <SchemaData schemaUrl="#PropertySchema">
          <SimpleData name="Price">50 000 €</SimpleData>
          <SimpleData name="Size">158 кв.м</SimpleData>
          <SimpleData name="URL">https://www.imot.bg/obiava-1j178731426006729-prodava-kashta-oblast-pernik-s-rakilovtsi</SimpleData>
        </SchemaData>
      </ExtendedData>
      <styleUrl>#style_yellow</styleUrl>
      <description>&lt;![CDATA[
            &lt;div style="font-family: sans-serif; max-width: 320px;"&gt;
                &lt;img src="https://imotstatic1.focus.bg/imot/photosimotbg/1/729//big/1j178731426006729_Jf.jpg" style="width:100%; height:auto; max-height:220px; object-fit:cover; border-radius:6px; margin-bottom:12px;"/&gt;
                &lt;hr style="border:0; border-top:1px solid #ccc; margin:10px 0;"/&gt;
                &lt;p style="margin:4px 0;"&gt;&lt;b&gt;Matched:&lt;/b&gt; +гараж(+10), +целогодишен достъп(+12)&lt;/p&gt;
                &lt;p style="margin:4px 0;"&gt;&lt;b&gt;Penalties:&lt;/b&gt; None&lt;/p&gt;
                &lt;hr style="border:0; border-top:1px solid #ccc; margin:10px 0;"/&gt;
                &lt;p style="margin-top:6px; color:#444;"&gt;&lt;b&gt;Description:&lt;/b&gt;&lt;/p&gt;
                &lt;p style="color:#555; font-size:13px; line-height:1.4;"&gt;2 МАСИВНИ КЪЩИ,ГОЛЯМ ОГРАДЕН ПАНОРАМЕН ПАРЦЕЛ,ЦЕНТРАЛЕН ВОДОПОВОД,ЦЕЛОГОДИШЕН ДОСТЪП.Агенция Кибела предлага отлична инвестиция за покупка на 2 масивни къщи , намиращи се на тихо място в селото,в близост до центъра.Разпределението на първата къща със...&lt;/p&gt;
            &lt;/div&gt;
        ]]&gt;</description>
      <Point>
        <coordinates>22.8076181,42.5449269,0</coordinates>
      </Point>
    </Placemark>
    <Placemark>
      <name>Продава КЪЩА област Перник, с. Поцърненци Обява: 1j170548962486361 (38 000 €)</name>
      <ExtendedData>
        <SchemaData schemaUrl="#PropertySchema">
          <SimpleData name="Price">38 000 €</SimpleData>
          <SimpleData name="Size">80 кв.м</SimpleData>
          <SimpleData name="URL">https://www.imot.bg/obiava-1j170548962486361-prodava-kashta-oblast-pernik-s-potsarnentsi</SimpleData>
        </SchemaData>
      </ExtendedData>
      <styleUrl>#style_yellow</styleUrl>
      <description>&lt;![CDATA[
            &lt;div style="font-family: sans-serif; max-width: 320px;"&gt;
                &lt;img src="https://imotstatic4.focus.bg/imot/photosimotbg/1/361//big/1j170548962486361_J6.jpg" style="width:100%; height:auto; max-height:220px; object-fit:cover; border-radius:6px; margin-bottom:12px;"/&gt;
                &lt;hr style="border:0; border-top:1px solid #ccc; margin:10px 0;"/&gt;
                &lt;p style="margin:4px 0;"&gt;&lt;b&gt;Matched:&lt;/b&gt; +целогодишен достъп(+12), +кладенец(+5), +двор(+4)&lt;/p&gt;
                &lt;p style="margin:4px 0;"&gt;&lt;b&gt;Penalties:&lt;/b&gt; None&lt;/p&gt;
                &lt;hr style="border:0; border-top:1px solid #ccc; margin:10px 0;"/&gt;
                &lt;p style="margin-top:6px; color:#444;"&gt;&lt;b&gt;Description:&lt;/b&gt;&lt;/p&gt;
                &lt;p style="color:#555; font-size:13px; line-height:1.4;"&gt;Агенция Бела Ви продава къща - вертикален близнак в с. Поцърненци общ. Радомир. Тухла плоча с външни стълби. Застроената площ на имота е 40кв.м. с 400 кв.м. двор. Първи етаж - кухня и дневна. Втори етаж - 2 спални. Водата е от кладенец. С целогодишен...&lt;/p&gt;
            &lt;/div&gt;
        ]]&gt;</description>
      <Point>
        <coordinates>22.888602,42.491047,0</coordinates>
      </Point>
    </Placemark>
    <Placemark>
      <name>Продава КЪЩА област Перник, с. Лобош Обява: 1j178117727460811 (35 000 €)</name>
      <ExtendedData>
        <SchemaData schemaUrl="#PropertySchema">
          <SimpleData name="Price">35 000 €</SimpleData>
          <SimpleData name="Size">90 кв.м</SimpleData>
          <SimpleData name="URL">https://www.imot.bg/obiava-1j178117727460811-prodava-kashta-oblast-pernik-s-lobosh</SimpleData>
        </SchemaData>
      </ExtendedData>
      <styleUrl>#style_yellow</styleUrl>
      <description>&lt;![CDATA[
            &lt;div style="font-family: sans-serif; max-width: 320px;"&gt;
                &lt;img src="https://imotstatic4.focus.bg/imot/photosimotbg/1/811//big/1j178117727460811_Q5.jpg" style="width:100%; height:auto; max-height:220px; object-fit:cover; border-radius:6px; margin-bottom:12px;"/&gt;
                &lt;hr style="border:0; border-top:1px solid #ccc; margin:10px 0;"/&gt;
                &lt;p style="margin:4px 0;"&gt;&lt;b&gt;Matched:&lt;/b&gt; +ток(+10), +вода(+10), +целогодишен достъп(+12), +панорама(+4)&lt;/p&gt;
                &lt;p style="margin:4px 0;"&gt;&lt;b&gt;Penalties:&lt;/b&gt; груб строеж(-15)&lt;/p&gt;
                &lt;hr style="border:0; border-top:1px solid #ccc; margin:10px 0;"/&gt;
                &lt;p style="margin-top:6px; color:#444;"&gt;&lt;b&gt;Description:&lt;/b&gt;&lt;/p&gt;
                &lt;p style="color:#555; font-size:13px; line-height:1.4;"&gt;55 км югозападно от околовръстния път на гр. София (от кв. 'Княжево'). Имотът, който предлагаме на Вашето внимание представлява масивна къща тухла/ж.б. плоча, завършен груб строеж, на 2 етажа (първият е измазан), с вътрешни стълби между тях. ЗП - 45 ...&lt;/p&gt;
            &lt;/div&gt;
        ]]&gt;</description>
      <Point>
        <coordinates>22.813986,42.504709,0</coordinates>
      </Point>
    </Placemark>
    <Placemark>
      <name>Продава КЪЩА област Перник, гр. Батановци Обява: 1j178186161212640 (18 000 €)</name>
      <ExtendedData>
        <SchemaData schemaUrl="#PropertySchema">
          <SimpleData name="Price">18 000 €</SimpleData>
          <SimpleData name="Size">30 кв.м</SimpleData>
          <SimpleData name="URL">https://www.imot.bg/obiava-1j178186161212640-prodava-kashta-oblast-pernik-gr-batanovtsi</SimpleData>
        </SchemaData>
      </ExtendedData>
      <styleUrl>#style_yellow</styleUrl>
      <description>&lt;![CDATA[
            &lt;div style="font-family: sans-serif; max-width: 320px;"&gt;
                &lt;img src="https://imotstatic3.focus.bg/imot/photosimotbg/1/640//big/1j178186161212640_qJ.jpg" style="width:100%; height:auto; max-height:220px; object-fit:cover; border-radius:6px; margin-bottom:12px;"/&gt;
                &lt;hr style="border:0; border-top:1px solid #ccc; margin:10px 0;"/&gt;
                &lt;p style="margin:4px 0;"&gt;&lt;b&gt;Matched:&lt;/b&gt; +ток(+10), +вода(+10)&lt;/p&gt;
                &lt;p style="margin:4px 0;"&gt;&lt;b&gt;Penalties:&lt;/b&gt; None&lt;/p&gt;
                &lt;hr style="border:0; border-top:1px solid #ccc; margin:10px 0;"/&gt;
                &lt;p style="margin-top:6px; color:#444;"&gt;&lt;b&gt;Description:&lt;/b&gt;&lt;/p&gt;
                &lt;p style="color:#555; font-size:13px; line-height:1.4;"&gt;Къщата е на калкан. Състои се от две стаи и коридор.Парцел 300 кв.,ток и вода. Телефон за контакти: 0897963638 - Албена Александрова...&lt;/p&gt;
            &lt;/div&gt;
        ]]&gt;</description>
      <Point>
        <coordinates>22.955263,42.601096,0</coordinates>
      </Point>
    </Placemark>
    <Placemark>
      <name>Продава КЪЩА област Перник, гр. Трън Обява: 1j176312151958104 (27 000 €)</name>
      <ExtendedData>
        <SchemaData schemaUrl="#PropertySchema">
          <SimpleData name="Price">27 000 €</SimpleData>
          <SimpleData name="Size">75 кв.м</SimpleData>
          <SimpleData name="URL">https://www.imot.bg/obiava-1j176312151958104-prodava-kashta-oblast-pernik-gr-tran</SimpleData>
        </SchemaData>
      </ExtendedData>
      <styleUrl>#style_yellow</styleUrl>
      <description>&lt;![CDATA[
            &lt;div style="font-family: sans-serif; max-width: 320px;"&gt;
                &lt;img src="https://imotstatic1.focus.bg/imot/photosimotbg/1/104//big/1j176312151958104_9v.jpg" style="width:100%; height:auto; max-height:220px; object-fit:cover; border-radius:6px; margin-bottom:12px;"/&gt;
                &lt;hr style="border:0; border-top:1px solid #ccc; margin:10px 0;"/&gt;
                &lt;p style="margin:4px 0;"&gt;&lt;b&gt;Matched:&lt;/b&gt; +ток(+10), +вода(+10)&lt;/p&gt;
                &lt;p style="margin:4px 0;"&gt;&lt;b&gt;Penalties:&lt;/b&gt; None&lt;/p&gt;
                &lt;hr style="border:0; border-top:1px solid #ccc; margin:10px 0;"/&gt;
                &lt;p style="margin-top:6px; color:#444;"&gt;&lt;b&gt;Description:&lt;/b&gt;&lt;/p&gt;
                &lt;p style="color:#555; font-size:13px; line-height:1.4;"&gt;Предлагаме на Вашето внимание урегулиран поземлен имот с площ от 2700 кв. метра ведно с построените в него: 1. Жилищна сграда на 2 етажа със застроена площ 75 кв. метра и 2. Две стопански постройки, всяка с площ от около 20 кв. метра. Ток и вода от ц...&lt;/p&gt;
            &lt;/div&gt;
        ]]&gt;</description>
      <Point>
        <coordinates>22.651767,42.835855,0</coordinates>
      </Point>
    </Placemark>
    <Placemark>
      <name>Продава КЪЩА област Перник, с. Глоговица Обява: 1j174844755605943 (13 000 €)</name>
      <ExtendedData>
        <SchemaData schemaUrl="#PropertySchema">
          <SimpleData name="Price">13 000 €</SimpleData>
          <SimpleData name="Size">40 кв.м</SimpleData>
          <SimpleData name="URL">https://www.imot.bg/obiava-1j174844755605943-prodava-kashta-oblast-pernik-s-glogovitsa</SimpleData>
        </SchemaData>
      </ExtendedData>
      <styleUrl>#style_yellow</styleUrl>
      <description>&lt;![CDATA[
            &lt;div style="font-family: sans-serif; max-width: 320px;"&gt;
                &lt;img src="https://imotstatic2.focus.bg/imot/photosimotbg/1/943//big/1j174844755605943_e4.jpg" style="width:100%; height:auto; max-height:220px; object-fit:cover; border-radius:6px; margin-bottom:12px;"/&gt;
                &lt;hr style="border:0; border-top:1px solid #ccc; margin:10px 0;"/&gt;
                &lt;p style="margin:4px 0;"&gt;&lt;b&gt;Matched:&lt;/b&gt; +ток(+10), +вода(+10)&lt;/p&gt;
                &lt;p style="margin:4px 0;"&gt;&lt;b&gt;Penalties:&lt;/b&gt; None&lt;/p&gt;
                &lt;hr style="border:0; border-top:1px solid #ccc; margin:10px 0;"/&gt;
                &lt;p style="margin-top:6px; color:#444;"&gt;&lt;b&gt;Description:&lt;/b&gt;&lt;/p&gt;
                &lt;p style="color:#555; font-size:13px; line-height:1.4;"&gt;с. Глоговица се намира в подножието на Ерул планина, на 72 км западно от околовръстния път на гр. София (от кв.  Княжево ), и е разположено на около 900 метра надморска височина. Предлагаме на Вашето внимание поземлен имот (ПИ) с площ от 1008 кв. мет...&lt;/p&gt;
            &lt;/div&gt;
        ]]&gt;</description>
      <Point>
        <coordinates>22.6679916,42.7921133,0</coordinates>
      </Point>
    </Placemark>
    <Placemark>
      <name>Продава КЪЩА област Перник, с. Калище м-т 'Балабаница' Обява: 1j177615624970419 (50 000 €)</name>
      <ExtendedData>
        <SchemaData schemaUrl="#PropertySchema">
          <SimpleData name="Price">50 000 €</SimpleData>
          <SimpleData name="Size">176 кв.м</SimpleData>
          <SimpleData name="URL">https://www.imot.bg/obiava-1j177615624970419-prodava-kashta-oblast-pernik-s-kalishte-m-t-balabanitsa</SimpleData>
        </SchemaData>
      </ExtendedData>
      <styleUrl>#style_yellow</styleUrl>
      <description>&lt;![CDATA[
            &lt;div style="font-family: sans-serif; max-width: 320px;"&gt;
                &lt;img src="https://cdn3.focus.bg/imot/photosimotbg/1/419//big/1j177615624970419_5f.jpg" style="width:100%; height:auto; max-height:220px; object-fit:cover; border-radius:6px; margin-bottom:12px;"/&gt;
                &lt;hr style="border:0; border-top:1px solid #ccc; margin:10px 0;"/&gt;
                &lt;p style="margin:4px 0;"&gt;&lt;b&gt;Matched:&lt;/b&gt; +ток(+10), +вода(+10)&lt;/p&gt;
                &lt;p style="margin:4px 0;"&gt;&lt;b&gt;Penalties:&lt;/b&gt; None&lt;/p&gt;
                &lt;hr style="border:0; border-top:1px solid #ccc; margin:10px 0;"/&gt;
                &lt;p style="margin-top:6px; color:#444;"&gt;&lt;b&gt;Description:&lt;/b&gt;&lt;/p&gt;
                &lt;p style="color:#555; font-size:13px; line-height:1.4;"&gt;Агенция 'Симеон Д-Перник' продава в село Калище дворно неурегулирано място с площ от 1092 кв.м, ведно с построената в имота масивна жилищна сграда със ЗП от 88 кв.м. Разпределение: отдолу мазе; първи етаж - кухня, три стаи и санитарен възел; втори ет...&lt;/p&gt;
            &lt;/div&gt;
        ]]&gt;</description>
      <Point>
        <coordinates>22.832432,42.489212,0</coordinates>
      </Point>
    </Placemark>
    <Placemark>
      <name>Продава КЪЩА област Перник, с. Ездимирци Обява: 1j174790146715061 (17 900 €)</name>
      <ExtendedData>
        <SchemaData schemaUrl="#PropertySchema">
          <SimpleData name="Price">17 900 €</SimpleData>
          <SimpleData name="Size">70 кв.м</SimpleData>
          <SimpleData name="URL">https://www.imot.bg/obiava-1j174790146715061-prodava-kashta-oblast-pernik-s-ezdimirtsi</SimpleData>
        </SchemaData>
      </ExtendedData>
      <styleUrl>#style_yellow</styleUrl>
      <description>&lt;![CDATA[
            &lt;div style="font-family: sans-serif; max-width: 320px;"&gt;
                
                &lt;hr style="border:0; border-top:1px solid #ccc; margin:10px 0;"/&gt;
                &lt;p style="margin:4px 0;"&gt;&lt;b&gt;Matched:&lt;/b&gt; +ток(+10), +вода(+10)&lt;/p&gt;
                &lt;p style="margin:4px 0;"&gt;&lt;b&gt;Penalties:&lt;/b&gt; None&lt;/p&gt;
                &lt;hr style="border:0; border-top:1px solid #ccc; margin:10px 0;"/&gt;
                &lt;p style="margin-top:6px; color:#444;"&gt;&lt;b&gt;Description:&lt;/b&gt;&lt;/p&gt;
                &lt;p style="color:#555; font-size:13px; line-height:1.4;"&gt;Продава къща-плетарка със ЗП от 70кв.м на един етаж, построена в ПИ от 1405кв.м, за който имот е отреден УПИ от 1422кв.м. Имотът е ограден, има ток и вода от централен водопровод. За оглед: 0889/306603 Севделина Борисова...&lt;/p&gt;
            &lt;/div&gt;
        ]]&gt;</description>
      <Point>
        <coordinates>22.6888116,42.8116673,0</coordinates>
      </Point>
    </Placemark>
    <Placemark>
      <name>Продава КЪЩА област Перник, с. Долни Романци Обява: 1j175810171148169 (49 000 €)</name>
      <ExtendedData>
        <SchemaData schemaUrl="#PropertySchema">
          <SimpleData name="Price">49 000 €</SimpleData>
          <SimpleData name="Size">117 кв.м</SimpleData>
          <SimpleData name="URL">https://www.imot.bg/obiava-1j175810171148169-prodava-kashta-oblast-pernik-s-dolni-romantsi</SimpleData>
        </SchemaData>
      </ExtendedData>
      <styleUrl>#style_yellow</styleUrl>
      <description>&lt;![CDATA[
            &lt;div style="font-family: sans-serif; max-width: 320px;"&gt;
                &lt;img src="https://imotstatic2.focus.bg/imot/photosimotbg/1/169//big/1j175810171148169_TS.jpg" style="width:100%; height:auto; max-height:220px; object-fit:cover; border-radius:6px; margin-bottom:12px;"/&gt;
                &lt;hr style="border:0; border-top:1px solid #ccc; margin:10px 0;"/&gt;
                &lt;p style="margin:4px 0;"&gt;&lt;b&gt;Matched:&lt;/b&gt; +целогодишен достъп(+12), +панорама(+4), +двор(+4)&lt;/p&gt;
                &lt;p style="margin:4px 0;"&gt;&lt;b&gt;Penalties:&lt;/b&gt; None&lt;/p&gt;
                &lt;hr style="border:0; border-top:1px solid #ccc; margin:10px 0;"/&gt;
                &lt;p style="margin-top:6px; color:#444;"&gt;&lt;b&gt;Description:&lt;/b&gt;&lt;/p&gt;
                &lt;p style="color:#555; font-size:13px; line-height:1.4;"&gt;Агенция Кибела Ви предлага САМОСТОЯТЕЛНА , МАСИВНА КЪЩА ,НАПЪЛНО ИЗРЯДНИ ДОКУМЕНТИ,С ЦЕЛОГОДИШЕН ДОСТЪП,В РАВЕН ДВОР.На кота 0 има 2 гаража/единият е с канал/.Първи жилищен етаж/39 кв.м./ се състои от кухня с балкон,просторен хол с излаз на тераса,ба...&lt;/p&gt;
            &lt;/div&gt;
        ]]&gt;</description>
      <Point>
        <coordinates>22.906849,42.768445,0</coordinates>
      </Point>
    </Placemark>
    <Placemark>
      <name>Продава КЪЩА област Перник, с. Друган Обява: 1j177394001342198 (44 998 €)</name>
      <ExtendedData>
        <SchemaData schemaUrl="#PropertySchema">
          <SimpleData name="Price">44 998 €</SimpleData>
          <SimpleData name="Size">60 кв.м</SimpleData>
          <SimpleData name="URL">https://www.imot.bg/obiava-1j177394001342198-prodava-kashta-oblast-pernik-s-drugan</SimpleData>
        </SchemaData>
      </ExtendedData>
      <styleUrl>#style_yellow</styleUrl>
      <description>&lt;![CDATA[
            &lt;div style="font-family: sans-serif; max-width: 320px;"&gt;
                &lt;img src="https://imotstatic4.focus.bg/imot/photosimotbg/1/198//big/1j177394001342198_PG.jpg" style="width:100%; height:auto; max-height:220px; object-fit:cover; border-radius:6px; margin-bottom:12px;"/&gt;
                &lt;hr style="border:0; border-top:1px solid #ccc; margin:10px 0;"/&gt;
                &lt;p style="margin:4px 0;"&gt;&lt;b&gt;Matched:&lt;/b&gt; +ток(+10), +вода(+10)&lt;/p&gt;
                &lt;p style="margin:4px 0;"&gt;&lt;b&gt;Penalties:&lt;/b&gt; None&lt;/p&gt;
                &lt;hr style="border:0; border-top:1px solid #ccc; margin:10px 0;"/&gt;
                &lt;p style="margin-top:6px; color:#444;"&gt;&lt;b&gt;Description:&lt;/b&gt;&lt;/p&gt;
                &lt;p style="color:#555; font-size:13px; line-height:1.4;"&gt;Стара къща с много добър изглед и парцел с много лек наклон,асвалт ток вода....&lt;/p&gt;
            &lt;/div&gt;
        ]]&gt;</description>
      <Point>
        <coordinates>23.065928,42.4757745,0</coordinates>
      </Point>
    </Placemark>
    <Placemark>
      <name>Продава КЪЩА област Перник, с. Калище Обява: 1j169919681008607 (40 000 €)</name>
      <ExtendedData>
        <SchemaData schemaUrl="#PropertySchema">
          <SimpleData name="Price">40 000 €</SimpleData>
          <SimpleData name="Size">150 кв.м</SimpleData>
          <SimpleData name="URL">https://www.imot.bg/obiava-1j169919681008607-prodava-kashta-oblast-pernik-s-kalishte</SimpleData>
        </SchemaData>
      </ExtendedData>
      <styleUrl>#style_yellow</styleUrl>
      <description>&lt;![CDATA[
            &lt;div style="font-family: sans-serif; max-width: 320px;"&gt;
                &lt;img src="https://cdn3.focus.bg/imot/photosimotbg/1/607//big/1j169919681008607_F9.jpg" style="width:100%; height:auto; max-height:220px; object-fit:cover; border-radius:6px; margin-bottom:12px;"/&gt;
                &lt;hr style="border:0; border-top:1px solid #ccc; margin:10px 0;"/&gt;
                &lt;p style="margin:4px 0;"&gt;&lt;b&gt;Matched:&lt;/b&gt; +ток(+10), +вода(+10)&lt;/p&gt;
                &lt;p style="margin:4px 0;"&gt;&lt;b&gt;Penalties:&lt;/b&gt; None&lt;/p&gt;
                &lt;hr style="border:0; border-top:1px solid #ccc; margin:10px 0;"/&gt;
                &lt;p style="margin-top:6px; color:#444;"&gt;&lt;b&gt;Description:&lt;/b&gt;&lt;/p&gt;
                &lt;p style="color:#555; font-size:13px; line-height:1.4;"&gt;Собственик ! Без комисионна. С 2 магазина + работилница. На главна улица в близост до Калената пивница , жп гарата с директни влакове до София и Кюстендил, тото пункт Изи пей, училище , магазини , здравен център . Конструктивно здрава, съчетание от к...&lt;/p&gt;
            &lt;/div&gt;
        ]]&gt;</description>
      <Point>
        <coordinates>22.832784,42.489042,0</coordinates>
      </Point>
    </Placemark>
    <Placemark>
      <name>Продава КЪЩА област Перник, с. Горни Романци Обява: 1j176288238030613 (25 000 €)</name>
      <ExtendedData>
        <SchemaData schemaUrl="#PropertySchema">
          <SimpleData name="Price">25 000 €</SimpleData>
          <SimpleData name="Size">50 кв.м</SimpleData>
          <SimpleData name="URL">https://www.imot.bg/obiava-1j176288238030613-prodava-kashta-oblast-pernik-s-gorni-romantsi</SimpleData>
        </SchemaData>
      </ExtendedData>
      <styleUrl>#style_yellow</styleUrl>
      <description>&lt;![CDATA[
            &lt;div style="font-family: sans-serif; max-width: 320px;"&gt;
                &lt;img src="https://imotstatic3.focus.bg/imot/photosimotbg/1/613//big/1j176288238030613_n9.jpg" style="width:100%; height:auto; max-height:220px; object-fit:cover; border-radius:6px; margin-bottom:12px;"/&gt;
                &lt;hr style="border:0; border-top:1px solid #ccc; margin:10px 0;"/&gt;
                &lt;p style="margin:4px 0;"&gt;&lt;b&gt;Matched:&lt;/b&gt; +ток(+10), +вода(+10)&lt;/p&gt;
                &lt;p style="margin:4px 0;"&gt;&lt;b&gt;Penalties:&lt;/b&gt; None&lt;/p&gt;
                &lt;hr style="border:0; border-top:1px solid #ccc; margin:10px 0;"/&gt;
                &lt;p style="margin-top:6px; color:#444;"&gt;&lt;b&gt;Description:&lt;/b&gt;&lt;/p&gt;
                &lt;p style="color:#555; font-size:13px; line-height:1.4;"&gt;42 км на запад от околовръстния път на град София (от ж.к. Люлин) - хубаво и спокойно село с хълмист релеф. Имотът, който представяме на Вашето внимание представлява едноетажна масивна жилищна сграда /къща/ - (тухла/плоча) със застроена площ от 24 кв...&lt;/p&gt;
            &lt;/div&gt;
        ]]&gt;</description>
      <Point>
        <coordinates>22.892606,42.782742,0</coordinates>
      </Point>
    </Placemark>
    <Placemark>
      <name>Продава КЪЩА област Перник, с. Извор Обява: 1j177032215315800 (48 500 €)</name>
      <ExtendedData>
        <SchemaData schemaUrl="#PropertySchema">
          <SimpleData name="Price">48 500 €</SimpleData>
          <SimpleData name="Size">35 кв.м</SimpleData>
          <SimpleData name="URL">https://www.imot.bg/obiava-1j177032215315800-prodava-kashta-oblast-pernik-s-izvor</SimpleData>
        </SchemaData>
      </ExtendedData>
      <styleUrl>#style_yellow</styleUrl>
      <description>&lt;![CDATA[
            &lt;div style="font-family: sans-serif; max-width: 320px;"&gt;
                &lt;img src="https://imotstatic4.focus.bg/imot/photosimotbg/1/800//big/1j177032215315800_1h.jpg" style="width:100%; height:auto; max-height:220px; object-fit:cover; border-radius:6px; margin-bottom:12px;"/&gt;
                &lt;hr style="border:0; border-top:1px solid #ccc; margin:10px 0;"/&gt;
                &lt;p style="margin:4px 0;"&gt;&lt;b&gt;Matched:&lt;/b&gt; +ток(+10), +вода(+10)&lt;/p&gt;
                &lt;p style="margin:4px 0;"&gt;&lt;b&gt;Penalties:&lt;/b&gt; None&lt;/p&gt;
                &lt;hr style="border:0; border-top:1px solid #ccc; margin:10px 0;"/&gt;
                &lt;p style="margin-top:6px; color:#444;"&gt;&lt;b&gt;Description:&lt;/b&gt;&lt;/p&gt;
                &lt;p style="color:#555; font-size:13px; line-height:1.4;"&gt;Агенция 'МАНАСО' представя за продажба прекрасна, малка къща във вилната зона на село Извор, община Радомир. Имотът е с асфалтов достъп, спирка на автобус за София на 150 метра,и на спирката има малко заведение за хранене. Къщата е с вода и ток ( сам...&lt;/p&gt;
            &lt;/div&gt;
        ]]&gt;</description>
      <Point>
        <coordinates>22.8970082,42.4329125,0</coordinates>
      </Point>
    </Placemark>
    <Placemark>
      <name>Продава КЪЩА област Перник, с. Ноевци Обява: 1j177870406361421 (25 000 €)</name>
      <ExtendedData>
        <SchemaData schemaUrl="#PropertySchema">
          <SimpleData name="Price">25 000 €</SimpleData>
          <SimpleData name="Size">25 кв.м</SimpleData>
          <SimpleData name="URL">https://www.imot.bg/obiava-1j177870406361421-prodava-kashta-oblast-pernik-s-noevtsi</SimpleData>
        </SchemaData>
      </ExtendedData>
      <styleUrl>#style_yellow</styleUrl>
      <description>&lt;![CDATA[
            &lt;div style="font-family: sans-serif; max-width: 320px;"&gt;
                &lt;img src="https://imotstatic4.focus.bg/imot/photosimotbg/1/421//big/1j177870406361421_f1.jpg" style="width:100%; height:auto; max-height:220px; object-fit:cover; border-radius:6px; margin-bottom:12px;"/&gt;
                &lt;hr style="border:0; border-top:1px solid #ccc; margin:10px 0;"/&gt;
                &lt;p style="margin:4px 0;"&gt;&lt;b&gt;Matched:&lt;/b&gt; +ток(+10), +вода(+10)&lt;/p&gt;
                &lt;p style="margin:4px 0;"&gt;&lt;b&gt;Penalties:&lt;/b&gt; None&lt;/p&gt;
                &lt;hr style="border:0; border-top:1px solid #ccc; margin:10px 0;"/&gt;
                &lt;p style="margin-top:6px; color:#444;"&gt;&lt;b&gt;Description:&lt;/b&gt;&lt;/p&gt;
                &lt;p style="color:#555; font-size:13px; line-height:1.4;"&gt;УПИ, с виза за проектиране 55 м2, на асфалтов път, в централната част на селото, с партиди за ток и вода и малка сграда за събаряне. Парцела е слънчев и достъпен целогодишно. Съдействие за почистване и подравняване....&lt;/p&gt;
            &lt;/div&gt;
        ]]&gt;</description>
      <Point>
        <coordinates>22.874652,42.67521,0</coordinates>
      </Point>
    </Placemark>
    <Placemark>
      <name>Продава КЪЩА област Перник, с. Мурено Обява: 1j167784565160786 (12 900 €)</name>
      <ExtendedData>
        <SchemaData schemaUrl="#PropertySchema">
          <SimpleData name="Price">12 900 €</SimpleData>
          <SimpleData name="Size">39 кв.м</SimpleData>
          <SimpleData name="URL">https://www.imot.bg/obiava-1j167784565160786-prodava-kashta-oblast-pernik-s-mureno</SimpleData>
        </SchemaData>
      </ExtendedData>
      <styleUrl>#style_yellow</styleUrl>
      <description>&lt;![CDATA[
            &lt;div style="font-family: sans-serif; max-width: 320px;"&gt;
                &lt;img src="https://imotstatic2.focus.bg/imot/photosimotbg/1/786//big/1j167784565160786_gj.jpg" style="width:100%; height:auto; max-height:220px; object-fit:cover; border-radius:6px; margin-bottom:12px;"/&gt;
                &lt;hr style="border:0; border-top:1px solid #ccc; margin:10px 0;"/&gt;
                &lt;p style="margin:4px 0;"&gt;&lt;b&gt;Matched:&lt;/b&gt; +ток(+10), +вода(+10)&lt;/p&gt;
                &lt;p style="margin:4px 0;"&gt;&lt;b&gt;Penalties:&lt;/b&gt; None&lt;/p&gt;
                &lt;hr style="border:0; border-top:1px solid #ccc; margin:10px 0;"/&gt;
                &lt;p style="margin-top:6px; color:#444;"&gt;&lt;b&gt;Description:&lt;/b&gt;&lt;/p&gt;
                &lt;p style="color:#555; font-size:13px; line-height:1.4;"&gt;60 км западно от изхода на столицата. Имотът, който предлагаме на Вашето внимание представлява дворно място с площ от 829 м2, с ток (с партида) и вкарана вода от водопровод. В имота има узаконена (с удостоверение за търпимост) и нанесена по плана на ...&lt;/p&gt;
            &lt;/div&gt;
        ]]&gt;</description>
      <Point>
        <coordinates>22.719463,42.625915,0</coordinates>
      </Point>
    </Placemark>
    <Placemark>
      <name>Продава КЪЩА област Перник, с. Лобош Обява: 1j175777249488173 (39 000 €)</name>
      <ExtendedData>
        <SchemaData schemaUrl="#PropertySchema">
          <SimpleData name="Price">39 000 €</SimpleData>
          <SimpleData name="Size">81 кв.м</SimpleData>
          <SimpleData name="URL">https://www.imot.bg/obiava-1j175777249488173-prodava-kashta-oblast-pernik-s-lobosh</SimpleData>
        </SchemaData>
      </ExtendedData>
      <styleUrl>#style_yellow</styleUrl>
      <description>&lt;![CDATA[
            &lt;div style="font-family: sans-serif; max-width: 320px;"&gt;
                &lt;img src="https://cdn3.focus.bg/imot/photosimotbg/1/173//big/1j175777249488173_rx.jpg" style="width:100%; height:auto; max-height:220px; object-fit:cover; border-radius:6px; margin-bottom:12px;"/&gt;
                &lt;hr style="border:0; border-top:1px solid #ccc; margin:10px 0;"/&gt;
                &lt;p style="margin:4px 0;"&gt;&lt;b&gt;Matched:&lt;/b&gt; +ток(+10), +вода(+10)&lt;/p&gt;
                &lt;p style="margin:4px 0;"&gt;&lt;b&gt;Penalties:&lt;/b&gt; None&lt;/p&gt;
                &lt;hr style="border:0; border-top:1px solid #ccc; margin:10px 0;"/&gt;
                &lt;p style="margin-top:6px; color:#444;"&gt;&lt;b&gt;Description:&lt;/b&gt;&lt;/p&gt;
                &lt;p style="color:#555; font-size:13px; line-height:1.4;"&gt;Агенция Тангра пропъртис продава ВИЛА в село Лобош,обл.Перник,общ.Ковачевци. Вилата разполага с общо три стаи и веранда със ЗП  от 81 кв.м . Мазе с около 15 кв.м светла площ . Активна партида за ток и вода и външна тоалетна . В двора ,който е с площ ...&lt;/p&gt;
            &lt;/div&gt;
        ]]&gt;</description>
      <Point>
        <coordinates>22.813742,42.504404,0</coordinates>
      </Point>
    </Placemark>
    <Placemark>
      <name>Продава КЪЩА област Перник, с. Кондофрей Обява: 1j171553304874150 (35 000 €)</name>
      <ExtendedData>
        <SchemaData schemaUrl="#PropertySchema">
          <SimpleData name="Price">35 000 €</SimpleData>
          <SimpleData name="Size">505 кв.м</SimpleData>
          <SimpleData name="URL">https://www.imot.bg/obiava-1j171553304874150-prodava-kashta-oblast-pernik-s-kondofrey</SimpleData>
        </SchemaData>
      </ExtendedData>
      <styleUrl>#style_yellow</styleUrl>
      <description>&lt;![CDATA[
            &lt;div style="font-family: sans-serif; max-width: 320px;"&gt;
                &lt;img src="https://imotstatic2.focus.bg/imot/photosimotbg/1/150//big/1j171553304874150_ob.jpg" style="width:100%; height:auto; max-height:220px; object-fit:cover; border-radius:6px; margin-bottom:12px;"/&gt;
                &lt;hr style="border:0; border-top:1px solid #ccc; margin:10px 0;"/&gt;
                &lt;p style="margin:4px 0;"&gt;&lt;b&gt;Matched:&lt;/b&gt; +ток(+10), +вода(+10)&lt;/p&gt;
                &lt;p style="margin:4px 0;"&gt;&lt;b&gt;Penalties:&lt;/b&gt; None&lt;/p&gt;
                &lt;hr style="border:0; border-top:1px solid #ccc; margin:10px 0;"/&gt;
                &lt;p style="margin-top:6px; color:#444;"&gt;&lt;b&gt;Description:&lt;/b&gt;&lt;/p&gt;
                &lt;p style="color:#555; font-size:13px; line-height:1.4;"&gt;Имотът се намира на главния асфалтов път. Има нотариален акт с партида за ток и къща включена в квадратурата като застроена площ. Има бунар и възможност за партида с вода (имало е водомер,преди да спре водата в селото). В двора има градина,барака и в...&lt;/p&gt;
            &lt;/div&gt;
        ]]&gt;</description>
      <Point>
        <coordinates>23.006153,42.42692,0</coordinates>
      </Point>
    </Placemark>
    <Placemark>
      <name>Продава ВИЛА област Перник, с. Егълница Беловска махала Обява: 1k176098164773863 (24 999 €)</name>
      <ExtendedData>
        <SchemaData schemaUrl="#PropertySchema">
          <SimpleData name="Price">24 999 €</SimpleData>
          <SimpleData name="Size">34 кв.м</SimpleData>
          <SimpleData name="URL">https://www.imot.bg/obiava-1k176098164773863-prodava-vila-oblast-pernik-s-egalnitsa-belovska-mahala</SimpleData>
        </SchemaData>
      </ExtendedData>
      <styleUrl>#style_yellow</styleUrl>
      <description>&lt;![CDATA[
            &lt;div style="font-family: sans-serif; max-width: 320px;"&gt;
                &lt;img src="https://imotstatic3.focus.bg/imot/photosimotbg/1/863//big/1k176098164773863_zi.jpg" style="width:100%; height:auto; max-height:220px; object-fit:cover; border-radius:6px; margin-bottom:12px;"/&gt;
                &lt;hr style="border:0; border-top:1px solid #ccc; margin:10px 0;"/&gt;
                &lt;p style="margin:4px 0;"&gt;&lt;b&gt;Matched:&lt;/b&gt; +ток(+10), +вода(+10)&lt;/p&gt;
                &lt;p style="margin:4px 0;"&gt;&lt;b&gt;Penalties:&lt;/b&gt; None&lt;/p&gt;
                &lt;hr style="border:0; border-top:1px solid #ccc; margin:10px 0;"/&gt;
                &lt;p style="margin-top:6px; color:#444;"&gt;&lt;b&gt;Description:&lt;/b&gt;&lt;/p&gt;
                &lt;p style="color:#555; font-size:13px; line-height:1.4;"&gt;Цена: 24 990 евро Площ на парцела: 1164 кв.м Постройка: 34 кв.м   разглежда се като петно с възможност за реновиране Инфраструктура: Възможност за включване към ток и вода Описание: Предлагаме за продажба парцел с площ 1164 кв.м в с. Егълница, с нали...&lt;/p&gt;
            &lt;/div&gt;
        ]]&gt;</description>
      <Point>
        <coordinates>22.854602,42.474544,0</coordinates>
      </Point>
    </Placemark>
    <Placemark>
      <name>Продава КЪЩА област Перник, с. Ръжавец Център Обява: 1j177426633272548 (36 990 €)</name>
      <ExtendedData>
        <SchemaData schemaUrl="#PropertySchema">
          <SimpleData name="Price">36 990 €</SimpleData>
          <SimpleData name="Size">40 кв.м</SimpleData>
          <SimpleData name="URL">https://www.imot.bg/obiava-1j177426633272548-prodava-kashta-oblast-pernik-s-razhavets-tsentar</SimpleData>
        </SchemaData>
      </ExtendedData>
      <styleUrl>#style_yellow</styleUrl>
      <description>&lt;![CDATA[
            &lt;div style="font-family: sans-serif; max-width: 320px;"&gt;
                &lt;img src="https://imotstatic4.focus.bg/imot/photosimotbg/1/548//big/1j177426633272548_kr.jpg" style="width:100%; height:auto; max-height:220px; object-fit:cover; border-radius:6px; margin-bottom:12px;"/&gt;
                &lt;hr style="border:0; border-top:1px solid #ccc; margin:10px 0;"/&gt;
                &lt;p style="margin:4px 0;"&gt;&lt;b&gt;Matched:&lt;/b&gt; +ток(+10), +вода(+10), +целогодишен достъп(+12), +панорама(+4), +двор(+4)&lt;/p&gt;
                &lt;p style="margin:4px 0;"&gt;&lt;b&gt;Penalties:&lt;/b&gt; гредоред(-20)&lt;/p&gt;
                &lt;hr style="border:0; border-top:1px solid #ccc; margin:10px 0;"/&gt;
                &lt;p style="margin-top:6px; color:#444;"&gt;&lt;b&gt;Description:&lt;/b&gt;&lt;/p&gt;
                &lt;p style="color:#555; font-size:13px; line-height:1.4;"&gt;ОГЛЕДИ 7 ДНИ В СЕДМИЦАТА! С КЛЮЧ! Къща 40 кв.м с двор от 500 кв.м в с. Ръжавец, на 1.15 ч от София, на 20 км от гр. Брезник и на 40 км от гр. Перник, планински район в Западна България, на 860 м надморска височина. Къщата е гредоред, изградена върху ...&lt;/p&gt;
            &lt;/div&gt;
        ]]&gt;</description>
      <Point>
        <coordinates>22.728266,42.711484,0</coordinates>
      </Point>
    </Placemark>
    <Placemark>
      <name>Продава ВИЛА област Перник, с. Ръжавец Център Обява: 1k177428207855552 (36 990 €)</name>
      <ExtendedData>
        <SchemaData schemaUrl="#PropertySchema">
          <SimpleData name="Price">36 990 €</SimpleData>
          <SimpleData name="Size">40 кв.м</SimpleData>
          <SimpleData name="URL">https://www.imot.bg/obiava-1k177428207855552-prodava-vila-oblast-pernik-s-razhavets-tsentar</SimpleData>
        </SchemaData>
      </ExtendedData>
      <styleUrl>#style_yellow</styleUrl>
      <description>&lt;![CDATA[
            &lt;div style="font-family: sans-serif; max-width: 320px;"&gt;
                &lt;img src="https://cdn3.focus.bg/imot/photosimotbg/1/552//big/1k177428207855552_Yn.jpg" style="width:100%; height:auto; max-height:220px; object-fit:cover; border-radius:6px; margin-bottom:12px;"/&gt;
                &lt;hr style="border:0; border-top:1px solid #ccc; margin:10px 0;"/&gt;
                &lt;p style="margin:4px 0;"&gt;&lt;b&gt;Matched:&lt;/b&gt; +ток(+10), +вода(+10), +целогодишен достъп(+12), +панорама(+4), +двор(+4)&lt;/p&gt;
                &lt;p style="margin:4px 0;"&gt;&lt;b&gt;Penalties:&lt;/b&gt; гредоред(-20)&lt;/p&gt;
                &lt;hr style="border:0; border-top:1px solid #ccc; margin:10px 0;"/&gt;
                &lt;p style="margin-top:6px; color:#444;"&gt;&lt;b&gt;Description:&lt;/b&gt;&lt;/p&gt;
                &lt;p style="color:#555; font-size:13px; line-height:1.4;"&gt;ОГЛЕДИ 7 ДНИ В СЕДМИЦАТА! С КЛЮЧ! Къща 40 кв.м с двор от 500 кв.м в с. Ръжавец, на 1.15 ч от София, на 20 км от гр. Брезник и на 40 км от гр. Перник, планински район в Западна България, на 860 м надморска височина. Къщата е гредоред, изградена върху ...&lt;/p&gt;
            &lt;/div&gt;
        ]]&gt;</description>
      <Point>
        <coordinates>22.728103,42.711987,0</coordinates>
      </Point>
    </Placemark>
    <Placemark>
      <name>Продава ВИЛА област Перник, с. Расник Обява: 1k178101573233782 (48 000 €)</name>
      <ExtendedData>
        <SchemaData schemaUrl="#PropertySchema">
          <SimpleData name="Price">48 000 €</SimpleData>
          <SimpleData name="Size">30 кв.м</SimpleData>
          <SimpleData name="URL">https://www.imot.bg/obiava-1k178101573233782-prodava-vila-oblast-pernik-s-rasnik</SimpleData>
        </SchemaData>
      </ExtendedData>
      <styleUrl>#style_yellow</styleUrl>
      <description>&lt;![CDATA[
            &lt;div style="font-family: sans-serif; max-width: 320px;"&gt;
                &lt;img src="https://imotstatic3.focus.bg/imot/photosimotbg/1/782//big/1k178101573233782_dy.jpg" style="width:100%; height:auto; max-height:220px; object-fit:cover; border-radius:6px; margin-bottom:12px;"/&gt;
                &lt;hr style="border:0; border-top:1px solid #ccc; margin:10px 0;"/&gt;
                &lt;p style="margin:4px 0;"&gt;&lt;b&gt;Matched:&lt;/b&gt; +ток(+10), +вода(+10)&lt;/p&gt;
                &lt;p style="margin:4px 0;"&gt;&lt;b&gt;Penalties:&lt;/b&gt; None&lt;/p&gt;
                &lt;hr style="border:0; border-top:1px solid #ccc; margin:10px 0;"/&gt;
                &lt;p style="margin-top:6px; color:#444;"&gt;&lt;b&gt;Description:&lt;/b&gt;&lt;/p&gt;
                &lt;p style="color:#555; font-size:13px; line-height:1.4;"&gt;Продава се имот с много ниска цена за района. На 40 минути от София, на 15 минути до Перник, на 10 минути до Банкя. Имотът е в регулация с ток и вода и е ограден с метална ограда! Намира се в село Расник.От имота се откриват невероятни панорамни глед...&lt;/p&gt;
            &lt;/div&gt;
        ]]&gt;</description>
      <Point>
        <coordinates>22.9981,42.70077,0</coordinates>
      </Point>
    </Placemark>
    <Placemark>
      <name>Продава КЪЩА област Перник, с. Борнарево Вилната зона Обява: 1j176694574512699 (17 895.22 €)</name>
      <ExtendedData>
        <SchemaData schemaUrl="#PropertySchema">
          <SimpleData name="Price">17 895.22 €</SimpleData>
          <SimpleData name="Size">22 кв.м</SimpleData>
          <SimpleData name="URL">https://www.imot.bg/obiava-1j176694574512699-prodava-kashta-oblast-pernik-s-bornarevo-vilnata-zona</SimpleData>
        </SchemaData>
      </ExtendedData>
      <styleUrl>#style_yellow</styleUrl>
      <description>&lt;![CDATA[
            &lt;div style="font-family: sans-serif; max-width: 320px;"&gt;
                &lt;img src="https://cdn3.focus.bg/imot/photosimotbg/1/699//big/1j176694574512699_8M.jpg" style="width:100%; height:auto; max-height:220px; object-fit:cover; border-radius:6px; margin-bottom:12px;"/&gt;
                &lt;hr style="border:0; border-top:1px solid #ccc; margin:10px 0;"/&gt;
                &lt;p style="margin:4px 0;"&gt;&lt;b&gt;Matched:&lt;/b&gt; +ток(+10), +сонда(+5), +панорама(+4)&lt;/p&gt;
                &lt;p style="margin:4px 0;"&gt;&lt;b&gt;Penalties:&lt;/b&gt; None&lt;/p&gt;
                &lt;hr style="border:0; border-top:1px solid #ccc; margin:10px 0;"/&gt;
                &lt;p style="margin-top:6px; color:#444;"&gt;&lt;b&gt;Description:&lt;/b&gt;&lt;/p&gt;
                &lt;p style="color:#555; font-size:13px; line-height:1.4;"&gt;с. Борнарево отстои на 35 км от околовръстния път на гр. София (от квартал Княжево) и на 1,5 км от гр. Радомир. Имотът, който предлагаме на Вашето внимание представлява поземлен имот с площ от 1007 кв. метра ведно с малка полумасивна постройка (тип б...&lt;/p&gt;
            &lt;/div&gt;
        ]]&gt;</description>
      <Point>
        <coordinates>22.93221,42.536022,0</coordinates>
      </Point>
    </Placemark>
    <Placemark>
      <name>Продава КЪЩА област Перник, с. Расник Обява: 1j178410974737883 (45 000 €)</name>
      <ExtendedData>
        <SchemaData schemaUrl="#PropertySchema">
          <SimpleData name="Price">45 000 €</SimpleData>
          <SimpleData name="Size">60 кв.м</SimpleData>
          <SimpleData name="URL">https://www.imot.bg/obiava-1j178410974737883-prodava-kashta-oblast-pernik-s-rasnik</SimpleData>
        </SchemaData>
      </ExtendedData>
      <styleUrl>#style_yellow</styleUrl>
      <description>&lt;![CDATA[
            &lt;div style="font-family: sans-serif; max-width: 320px;"&gt;
                &lt;img src="https://imotstatic2.focus.bg/imot/photosimotbg/1/883//big/1j178410974737883_Pn.jpg" style="width:100%; height:auto; max-height:220px; object-fit:cover; border-radius:6px; margin-bottom:12px;"/&gt;
                &lt;hr style="border:0; border-top:1px solid #ccc; margin:10px 0;"/&gt;
                &lt;p style="margin:4px 0;"&gt;&lt;b&gt;Matched:&lt;/b&gt; +гараж(+10), +кладенец(+5), +двор(+4)&lt;/p&gt;
                &lt;p style="margin:4px 0;"&gt;&lt;b&gt;Penalties:&lt;/b&gt; None&lt;/p&gt;
                &lt;hr style="border:0; border-top:1px solid #ccc; margin:10px 0;"/&gt;
                &lt;p style="margin-top:6px; color:#444;"&gt;&lt;b&gt;Description:&lt;/b&gt;&lt;/p&gt;
                &lt;p style="color:#555; font-size:13px; line-height:1.4;"&gt;ЕКСКЛУЗИВНО! КЪЩА С ПРОСТОРЕН ДВОР И ГАРАЖ В С. РАСНИК   САМО НА 10 МИНУТИ ОТ ПЕРНИК! Предлагаме Ви чудесен имот, съчетаващ спокойствието на живота сред природата с бързия достъп до градските удобства. Разположен в с. Расник, само на 10 км от гр. Пер...&lt;/p&gt;
            &lt;/div&gt;
        ]]&gt;</description>
      <Point>
        <coordinates>22.99771,42.700995,0</coordinates>
      </Point>
    </Placemark>
    <Placemark>
      <name>Продава КЪЩА област Перник, гр. Радомир Обява: 1j149078063211139 (48 000 €)</name>
      <ExtendedData>
        <SchemaData schemaUrl="#PropertySchema">
          <SimpleData name="Price">48 000 €</SimpleData>
          <SimpleData name="Size">160 кв.м</SimpleData>
          <SimpleData name="URL">https://www.imot.bg/obiava-1j149078063211139-prodava-kashta-oblast-pernik-gr-radomir</SimpleData>
        </SchemaData>
      </ExtendedData>
      <styleUrl>#style_yellow</styleUrl>
      <description>&lt;![CDATA[
            &lt;div style="font-family: sans-serif; max-width: 320px;"&gt;
                &lt;img src="https://imotstatic4.focus.bg/imot/photosimotbg/1/139//big/1j149078063211139_1.pic" style="width:100%; height:auto; max-height:220px; object-fit:cover; border-radius:6px; margin-bottom:12px;"/&gt;
                &lt;hr style="border:0; border-top:1px solid #ccc; margin:10px 0;"/&gt;
                &lt;p style="margin:4px 0;"&gt;&lt;b&gt;Matched:&lt;/b&gt; +гараж(+10), +паркомясто(+8)&lt;/p&gt;
                &lt;p style="margin:4px 0;"&gt;&lt;b&gt;Penalties:&lt;/b&gt; None&lt;/p&gt;
                &lt;hr style="border:0; border-top:1px solid #ccc; margin:10px 0;"/&gt;
                &lt;p style="margin-top:6px; color:#444;"&gt;&lt;b&gt;Description:&lt;/b&gt;&lt;/p&gt;
                &lt;p style="color:#555; font-size:13px; line-height:1.4;"&gt;БЕЗ КОМИСИОННА ОТ КУПУВАЧА!!! Продава къща в град Радомир.Къщата е на два етажа, първи етаж каменен зид. Застроена площ 91 кв. м. на етажа. Къщата е с три обособени входа. Има и две пристройки за склад или инструменти. Към къщата се продава и гараж 2...&lt;/p&gt;
            &lt;/div&gt;
        ]]&gt;</description>
      <Point>
        <coordinates>22.96291,42.54571,0</coordinates>
      </Point>
    </Placemark>
    <Placemark>
      <name>Продава КЪЩА област Перник, с. Богданов дол Обява: 1j177921150329979 (45 000 €)</name>
      <ExtendedData>
        <SchemaData schemaUrl="#PropertySchema">
          <SimpleData name="Price">45 000 €</SimpleData>
          <SimpleData name="Size">96 кв.м</SimpleData>
          <SimpleData name="URL">https://www.imot.bg/obiava-1j177921150329979-prodava-kashta-oblast-pernik-s-bogdanov-dol</SimpleData>
        </SchemaData>
      </ExtendedData>
      <styleUrl>#style_yellow</styleUrl>
      <description>&lt;![CDATA[
            &lt;div style="font-family: sans-serif; max-width: 320px;"&gt;
                &lt;img src="https://imotstatic4.focus.bg/imot/photosimotbg/1/979//big/1j177921150329979_mb.jpg" style="width:100%; height:auto; max-height:220px; object-fit:cover; border-radius:6px; margin-bottom:12px;"/&gt;
                &lt;hr style="border:0; border-top:1px solid #ccc; margin:10px 0;"/&gt;
                &lt;p style="margin:4px 0;"&gt;&lt;b&gt;Matched:&lt;/b&gt; +ток(+10), +вода(+10), +целогодишен достъп(+12)&lt;/p&gt;
                &lt;p style="margin:4px 0;"&gt;&lt;b&gt;Penalties:&lt;/b&gt; за ремонт(-15)&lt;/p&gt;
                &lt;hr style="border:0; border-top:1px solid #ccc; margin:10px 0;"/&gt;
                &lt;p style="margin-top:6px; color:#444;"&gt;&lt;b&gt;Description:&lt;/b&gt;&lt;/p&gt;
                &lt;p style="color:#555; font-size:13px; line-height:1.4;"&gt;огледи с ключ.Имотът е с целогодишен достъп от 2 улици,ток,вода,оптичен ивтернет.Къщата е самостоятелна , за ремонт.За огледи -0887308820...&lt;/p&gt;
            &lt;/div&gt;
        ]]&gt;</description>
      <Point>
        <coordinates>22.96862,42.61466,0</coordinates>
      </Point>
    </Placemark>
    <Placemark>
      <name>Продава КЪЩА област Перник, с. Долни Раковец Обява: 1j172140321728547 (39 880.77 €)</name>
      <ExtendedData>
        <SchemaData schemaUrl="#PropertySchema">
          <SimpleData name="Price">39 880.77 €</SimpleData>
          <SimpleData name="Size">72 кв.м</SimpleData>
          <SimpleData name="URL">https://www.imot.bg/obiava-1j172140321728547-prodava-kashta-oblast-pernik-s-dolni-rakovets</SimpleData>
        </SchemaData>
      </ExtendedData>
      <styleUrl>#style_yellow</styleUrl>
      <description>&lt;![CDATA[
            &lt;div style="font-family: sans-serif; max-width: 320px;"&gt;
                &lt;img src="https://imotstatic1.focus.bg/imot/photosimotbg/1/547//big/1j172140321728547_ed.jpg" style="width:100%; height:auto; max-height:220px; object-fit:cover; border-radius:6px; margin-bottom:12px;"/&gt;
                &lt;hr style="border:0; border-top:1px solid #ccc; margin:10px 0;"/&gt;
                &lt;p style="margin:4px 0;"&gt;&lt;b&gt;Matched:&lt;/b&gt; +ток(+10), +вода(+10), +целогодишен достъп(+12), +сонда(+5)&lt;/p&gt;
                &lt;p style="margin:4px 0;"&gt;&lt;b&gt;Penalties:&lt;/b&gt; гредоред(-20)&lt;/p&gt;
                &lt;hr style="border:0; border-top:1px solid #ccc; margin:10px 0;"/&gt;
                &lt;p style="margin-top:6px; color:#444;"&gt;&lt;b&gt;Description:&lt;/b&gt;&lt;/p&gt;
                &lt;p style="color:#555; font-size:13px; line-height:1.4;"&gt;Предлагаме на Вашето внимание къща на 1 етаж /тухла/гредоред/ в село Долни Раковец, община Радомир, на 40 км от околовръстния път на столицата. Къщата е със застроена площ от 72 кв. метра и се намира в урегулиран поземлен имот с площ от 574 кв. метра...&lt;/p&gt;
            &lt;/div&gt;
        ]]&gt;</description>
      <Point>
        <coordinates>23.007773,42.472464,0</coordinates>
      </Point>
    </Placemark>
    <Placemark>
      <name>Продава КЪЩА област Перник, с. Светля Обява: 1j175948991586481 (25 000 €)</name>
      <ExtendedData>
        <SchemaData schemaUrl="#PropertySchema">
          <SimpleData name="Price">25 000 €</SimpleData>
          <SimpleData name="Size">70 кв.м</SimpleData>
          <SimpleData name="URL">https://www.imot.bg/obiava-1j175948991586481-prodava-kashta-oblast-pernik-s-svetlya</SimpleData>
        </SchemaData>
      </ExtendedData>
      <styleUrl>#style_yellow</styleUrl>
      <description>&lt;![CDATA[
            &lt;div style="font-family: sans-serif; max-width: 320px;"&gt;
                
                &lt;hr style="border:0; border-top:1px solid #ccc; margin:10px 0;"/&gt;
                &lt;p style="margin:4px 0;"&gt;&lt;b&gt;Matched:&lt;/b&gt; +ток(+10), +вода(+10), +целогодишен достъп(+12), +кладенец(+5)&lt;/p&gt;
                &lt;p style="margin:4px 0;"&gt;&lt;b&gt;Penalties:&lt;/b&gt; гредоред(-20)&lt;/p&gt;
                &lt;hr style="border:0; border-top:1px solid #ccc; margin:10px 0;"/&gt;
                &lt;p style="margin-top:6px; color:#444;"&gt;&lt;b&gt;Description:&lt;/b&gt;&lt;/p&gt;
                &lt;p style="color:#555; font-size:13px; line-height:1.4;"&gt;Продава два съседни урегулирани поземлени имота с обща площ от 1640 кв.м. Парцелите са равни и с целогодишен достъп, партида за ток, вода от централен водопровод и кладенец. В единия парцел има стара къща плет/гредоред със ЗП 70 кв.м. Сутеренната час...&lt;/p&gt;
            &lt;/div&gt;
        ]]&gt;</description>
      <Point>
        <coordinates>22.799869,42.595193,0</coordinates>
      </Point>
    </Placemark>
    <Placemark>
      <name>Продава КЪЩА област Перник, с. Касилаг Обява: 1j177978332421621 (48 500 €)</name>
      <ExtendedData>
        <SchemaData schemaUrl="#PropertySchema">
          <SimpleData name="Price">48 500 €</SimpleData>
          <SimpleData name="Size">45 кв.м</SimpleData>
          <SimpleData name="URL">https://www.imot.bg/obiava-1j177978332421621-prodava-kashta-oblast-pernik-s-kasilag</SimpleData>
        </SchemaData>
      </ExtendedData>
      <styleUrl>#style_yellow</styleUrl>
      <description>&lt;![CDATA[
            &lt;div style="font-family: sans-serif; max-width: 320px;"&gt;
                &lt;img src="https://imotstatic1.focus.bg/imot/photosimotbg/1/621//big/1j177978332421621_R3.jpg" style="width:100%; height:auto; max-height:220px; object-fit:cover; border-radius:6px; margin-bottom:12px;"/&gt;
                &lt;hr style="border:0; border-top:1px solid #ccc; margin:10px 0;"/&gt;
                &lt;p style="margin:4px 0;"&gt;&lt;b&gt;Matched:&lt;/b&gt; +нова(+12), +ток(+10), +вода(+10), +двор(+4)&lt;/p&gt;
                &lt;p style="margin:4px 0;"&gt;&lt;b&gt;Penalties:&lt;/b&gt; гредоред(-20)&lt;/p&gt;
                &lt;hr style="border:0; border-top:1px solid #ccc; margin:10px 0;"/&gt;
                &lt;p style="margin-top:6px; color:#444;"&gt;&lt;b&gt;Description:&lt;/b&gt;&lt;/p&gt;
                &lt;p style="color:#555; font-size:13px; line-height:1.4;"&gt;Имота е на самия център в Касилаг, целогодишно живеещи съседи, с достъп от две асфалтови улици (може да се раздели на две), в регулация с активни действащи партиди за ток и вода, къщата е гредоред с около 45кв на етаж, като втория е обособен за живее...&lt;/p&gt;
            &lt;/div&gt;
        ]]&gt;</description>
      <Point>
        <coordinates>22.975732,42.42109,0</coordinates>
      </Point>
    </Placemark>
    <Placemark>
      <name>Продава КЪЩА област Перник, с. Пещера Обява: 1j173386073747707 (24 542.01 €)</name>
      <ExtendedData>
        <SchemaData schemaUrl="#PropertySchema">
          <SimpleData name="Price">24 542.01 €</SimpleData>
          <SimpleData name="Size">50 кв.м</SimpleData>
          <SimpleData name="URL">https://www.imot.bg/obiava-1j173386073747707-prodava-kashta-oblast-pernik-s-peshtera</SimpleData>
        </SchemaData>
      </ExtendedData>
      <styleUrl>#style_yellow</styleUrl>
      <description>&lt;![CDATA[
            &lt;div style="font-family: sans-serif; max-width: 320px;"&gt;
                &lt;img src="https://imotstatic2.focus.bg/imot/photosimotbg/1/707//big/1j173386073747707_sb.jpg" style="width:100%; height:auto; max-height:220px; object-fit:cover; border-radius:6px; margin-bottom:12px;"/&gt;
                &lt;hr style="border:0; border-top:1px solid #ccc; margin:10px 0;"/&gt;
                &lt;p style="margin:4px 0;"&gt;&lt;b&gt;Matched:&lt;/b&gt; +ток(+10), +кладенец(+5)&lt;/p&gt;
                &lt;p style="margin:4px 0;"&gt;&lt;b&gt;Penalties:&lt;/b&gt; None&lt;/p&gt;
                &lt;hr style="border:0; border-top:1px solid #ccc; margin:10px 0;"/&gt;
                &lt;p style="margin-top:6px; color:#444;"&gt;&lt;b&gt;Description:&lt;/b&gt;&lt;/p&gt;
                &lt;p style="color:#555; font-size:13px; line-height:1.4;"&gt;Агенция Тангра пропъртис продава имот със стара къща в с.Пещера ,общ.Земен. Имота е с площ от 1240 кв.м ,и има собствен водоизточник /кладенец и  открита партида за ток .На черен път на около 10 м . от асфалтов път. Село Пещера се намира в планински ...&lt;/p&gt;
            &lt;/div&gt;
        ]]&gt;</description>
      <Point>
        <coordinates>22.7512104,42.5032585,0</coordinates>
      </Point>
    </Placemark>
    <Placemark>
      <name>Продава ВИЛА област Перник, с. Калище Обява: 1k173583844160016 (28 000 €)</name>
      <ExtendedData>
        <SchemaData schemaUrl="#PropertySchema">
          <SimpleData name="Price">28 000 €</SimpleData>
          <SimpleData name="Size">60 кв.м</SimpleData>
          <SimpleData name="URL">https://www.imot.bg/obiava-1k173583844160016-prodava-vila-oblast-pernik-s-kalishte</SimpleData>
        </SchemaData>
      </ExtendedData>
      <styleUrl>#style_yellow</styleUrl>
      <description>&lt;![CDATA[
            &lt;div style="font-family: sans-serif; max-width: 320px;"&gt;
                &lt;img src="https://imotstatic4.focus.bg/imot/photosimotbg/1/016//big/1k173583844160016_QH.jpg" style="width:100%; height:auto; max-height:220px; object-fit:cover; border-radius:6px; margin-bottom:12px;"/&gt;
                &lt;hr style="border:0; border-top:1px solid #ccc; margin:10px 0;"/&gt;
                &lt;p style="margin:4px 0;"&gt;&lt;b&gt;Matched:&lt;/b&gt; +ток(+10), +кладенец(+5)&lt;/p&gt;
                &lt;p style="margin:4px 0;"&gt;&lt;b&gt;Penalties:&lt;/b&gt; None&lt;/p&gt;
                &lt;hr style="border:0; border-top:1px solid #ccc; margin:10px 0;"/&gt;
                &lt;p style="margin-top:6px; color:#444;"&gt;&lt;b&gt;Description:&lt;/b&gt;&lt;/p&gt;
                &lt;p style="color:#555; font-size:13px; line-height:1.4;"&gt;Агенция Тангра пропъртис продава дворно място в с.Калище ,обл.Перник,с площ  от 1000 кв.м и застроена площ от 60 кв.м . Едноетажна сграда с чисто нов покрив ,активна партида за ток и кладенец . Външна тоалетна. До имота достъпа е  по черен път   . Ну...&lt;/p&gt;
            &lt;/div&gt;
        ]]&gt;</description>
      <Point>
        <coordinates>22.832871,42.488662,0</coordinates>
      </Point>
    </Placemark>
    <Placemark>
      <name>Продава КЪЩА област Перник, с. Гълъбник Обява: 1j177814617253080 (50 000 €)</name>
      <ExtendedData>
        <SchemaData schemaUrl="#PropertySchema">
          <SimpleData name="Price">50 000 €</SimpleData>
          <SimpleData name="Size">60 кв.м</SimpleData>
          <SimpleData name="URL">https://www.imot.bg/obiava-1j177814617253080-prodava-kashta-oblast-pernik-s-galabnik</SimpleData>
        </SchemaData>
      </ExtendedData>
      <styleUrl>#style_yellow</styleUrl>
      <description>&lt;![CDATA[
            &lt;div style="font-family: sans-serif; max-width: 320px;"&gt;
                &lt;img src="https://imotstatic1.focus.bg/imot/photosimotbg/1/080//big/1j177814617253080_jL.jpg" style="width:100%; height:auto; max-height:220px; object-fit:cover; border-radius:6px; margin-bottom:12px;"/&gt;
                &lt;hr style="border:0; border-top:1px solid #ccc; margin:10px 0;"/&gt;
                &lt;p style="margin:4px 0;"&gt;&lt;b&gt;Matched:&lt;/b&gt; +ток(+10), +вода(+10), +кладенец(+5), +двор(+4)&lt;/p&gt;
                &lt;p style="margin:4px 0;"&gt;&lt;b&gt;Penalties:&lt;/b&gt; за ремонт(-15)&lt;/p&gt;
                &lt;hr style="border:0; border-top:1px solid #ccc; margin:10px 0;"/&gt;
                &lt;p style="margin-top:6px; color:#444;"&gt;&lt;b&gt;Description:&lt;/b&gt;&lt;/p&gt;
                &lt;p style="color:#555; font-size:13px; line-height:1.4;"&gt;Търсите тишина, простор и живот близо до природата, но с удобен достъп до София? Предлагаме едноетажна къща с площ от 60 кв.м., разпределени в голямо предверие и три стаи. Разположена е в равен и ограден двор от 744 кв.м. в центъра на село Гълъбник. ...&lt;/p&gt;
            &lt;/div&gt;
        ]]&gt;</description>
      <Point>
        <coordinates>23.0786317,42.4010584,0</coordinates>
      </Point>
    </Placemark>
    <Placemark>
      <name>Продава КЪЩА област Перник, с. Видрица Обява: 1j172836908303366 (38 900 €)</name>
      <ExtendedData>
        <SchemaData schemaUrl="#PropertySchema">
          <SimpleData name="Price">38 900 €</SimpleData>
          <SimpleData name="Size">108 кв.м</SimpleData>
          <SimpleData name="URL">https://www.imot.bg/obiava-1j172836908303366-prodava-kashta-oblast-pernik-s-vidritsa</SimpleData>
        </SchemaData>
      </ExtendedData>
      <styleUrl>#style_yellow</styleUrl>
      <description>&lt;![CDATA[
            &lt;div style="font-family: sans-serif; max-width: 320px;"&gt;
                &lt;img src="https://cdn3.focus.bg/imot/photosimotbg/1/366//big/1j172836908303366_Vw.jpg" style="width:100%; height:auto; max-height:220px; object-fit:cover; border-radius:6px; margin-bottom:12px;"/&gt;
                &lt;hr style="border:0; border-top:1px solid #ccc; margin:10px 0;"/&gt;
                &lt;p style="margin:4px 0;"&gt;&lt;b&gt;Matched:&lt;/b&gt; +вода(+10), +двор(+4)&lt;/p&gt;
                &lt;p style="margin:4px 0;"&gt;&lt;b&gt;Penalties:&lt;/b&gt; None&lt;/p&gt;
                &lt;hr style="border:0; border-top:1px solid #ccc; margin:10px 0;"/&gt;
                &lt;p style="margin-top:6px; color:#444;"&gt;&lt;b&gt;Description:&lt;/b&gt;&lt;/p&gt;
                &lt;p style="color:#555; font-size:13px; line-height:1.4;"&gt;Продава се селска къща в село Видрица, Област Перник. Този нов на пазара имот е идеална възможност за тези, които търсят живот на село и открити гледки. Къщата се намира на адрес двадесет и трета 5 и предлага 971 кв.м обща площ, от които 108 кв.м зас...&lt;/p&gt;
            &lt;/div&gt;
        ]]&gt;</description>
      <Point>
        <coordinates>22.8635496,42.7605095,0</coordinates>
      </Point>
    </Placemark>
    <Placemark>
      <name>Продава КЪЩА област Перник, с. Калище Обява: 1j171146085522826 (31 700.10 €)</name>
      <ExtendedData>
        <SchemaData schemaUrl="#PropertySchema">
          <SimpleData name="Price">31 700.10 €</SimpleData>
          <SimpleData name="Size">70 кв.м</SimpleData>
          <SimpleData name="URL">https://www.imot.bg/obiava-1j171146085522826-prodava-kashta-oblast-pernik-s-kalishte</SimpleData>
        </SchemaData>
      </ExtendedData>
      <styleUrl>#style_yellow</styleUrl>
      <description>&lt;![CDATA[
            &lt;div style="font-family: sans-serif; max-width: 320px;"&gt;
                &lt;img src="https://imotstatic1.focus.bg/imot/photosimotbg/1/826//big/1j171146085522826_5F.jpg" style="width:100%; height:auto; max-height:220px; object-fit:cover; border-radius:6px; margin-bottom:12px;"/&gt;
                &lt;hr style="border:0; border-top:1px solid #ccc; margin:10px 0;"/&gt;
                &lt;p style="margin:4px 0;"&gt;&lt;b&gt;Matched:&lt;/b&gt; +ток(+10), +вода(+10), +сонда(+5), +панорама(+4)&lt;/p&gt;
                &lt;p style="margin:4px 0;"&gt;&lt;b&gt;Penalties:&lt;/b&gt; груб строеж(-15)&lt;/p&gt;
                &lt;hr style="border:0; border-top:1px solid #ccc; margin:10px 0;"/&gt;
                &lt;p style="margin-top:6px; color:#444;"&gt;&lt;b&gt;Description:&lt;/b&gt;&lt;/p&gt;
                &lt;p style="color:#555; font-size:13px; line-height:1.4;"&gt;56 км от околовръстния път на гр. София, селото е разположено в хубава и спокойна местност в близост до яз. Лобош. Представяме на Вашето внимание Вила в груб строеж, РЗП 70 кв.м, на два етажа, по проект с външни стълби м/у тях, които не са изградени,...&lt;/p&gt;
            &lt;/div&gt;
        ]]&gt;</description>
      <Point>
        <coordinates>22.832627,42.488356,0</coordinates>
      </Point>
    </Placemark>
    <Placemark>
      <name>Продава ВИЛА област Перник, с. Поцърненци Обява: 1k178015236451071 (40 000 €)</name>
      <ExtendedData>
        <SchemaData schemaUrl="#PropertySchema">
          <SimpleData name="Price">40 000 €</SimpleData>
          <SimpleData name="Size">15 кв.м</SimpleData>
          <SimpleData name="URL">https://www.imot.bg/obiava-1k178015236451071-prodava-vila-oblast-pernik-s-potsarnentsi</SimpleData>
        </SchemaData>
      </ExtendedData>
      <styleUrl>#style_yellow</styleUrl>
      <description>&lt;![CDATA[
            &lt;div style="font-family: sans-serif; max-width: 320px;"&gt;
                &lt;img src="https://cdn3.focus.bg/imot/photosimotbg/1/071//big/1k178015236451071_vF.jpg" style="width:100%; height:auto; max-height:220px; object-fit:cover; border-radius:6px; margin-bottom:12px;"/&gt;
                &lt;hr style="border:0; border-top:1px solid #ccc; margin:10px 0;"/&gt;
                &lt;p style="margin:4px 0;"&gt;&lt;b&gt;Matched:&lt;/b&gt; +ток(+10), +двор(+4)&lt;/p&gt;
                &lt;p style="margin:4px 0;"&gt;&lt;b&gt;Penalties:&lt;/b&gt; None&lt;/p&gt;
                &lt;hr style="border:0; border-top:1px solid #ccc; margin:10px 0;"/&gt;
                &lt;p style="margin-top:6px; color:#444;"&gt;&lt;b&gt;Description:&lt;/b&gt;&lt;/p&gt;
                &lt;p style="color:#555; font-size:13px; line-height:1.4;"&gt;Агенция Тангра пропъртис продава ВИЛА в с. Поцърненци, обл. Перник,общ.Радомир. Предлагаме за продажба едноетажна вилна сграда със ЗП от 15 кв.м , разположена в спокойно и живописно село Поцърненци, само на около 15  км. от гр. Радомир и на приблизит...&lt;/p&gt;
            &lt;/div&gt;
        ]]&gt;</description>
      <Point>
        <coordinates>22.888211,42.491047,0</coordinates>
      </Point>
    </Placemark>
    <Placemark>
      <name>Продава КЪЩА област Перник, с. Велковци Обява: 1j177856428049904 (42 000 €)</name>
      <ExtendedData>
        <SchemaData schemaUrl="#PropertySchema">
          <SimpleData name="Price">42 000 €</SimpleData>
          <SimpleData name="Size">70 кв.м</SimpleData>
          <SimpleData name="URL">https://www.imot.bg/obiava-1j177856428049904-prodava-kashta-oblast-pernik-s-velkovtsi</SimpleData>
        </SchemaData>
      </ExtendedData>
      <styleUrl>#style_yellow</styleUrl>
      <description>&lt;![CDATA[
            &lt;div style="font-family: sans-serif; max-width: 320px;"&gt;
                &lt;img src="https://imotstatic3.focus.bg/imot/photosimotbg/1/904//big/1j177856428049904_K4.jpg" style="width:100%; height:auto; max-height:220px; object-fit:cover; border-radius:6px; margin-bottom:12px;"/&gt;
                &lt;hr style="border:0; border-top:1px solid #ccc; margin:10px 0;"/&gt;
                &lt;p style="margin:4px 0;"&gt;&lt;b&gt;Matched:&lt;/b&gt; +нова(+12)&lt;/p&gt;
                &lt;p style="margin:4px 0;"&gt;&lt;b&gt;Penalties:&lt;/b&gt; None&lt;/p&gt;
                &lt;hr style="border:0; border-top:1px solid #ccc; margin:10px 0;"/&gt;
                &lt;p style="margin-top:6px; color:#444;"&gt;&lt;b&gt;Description:&lt;/b&gt;&lt;/p&gt;
                &lt;p style="color:#555; font-size:13px; line-height:1.4;"&gt;Продава се едноетажна къща в село Велковци, област Перник, разположена в район с чист въздух и бърз достъп до градската инфраструктура. Имотът е със застроена площ от 70 кв.м.и се състои от голяма дневна и три спални, като в две от тях дограмата е по...&lt;/p&gt;
            &lt;/div&gt;
        ]]&gt;</description>
      <Point>
        <coordinates>22.944707,42.66645,0</coordinates>
      </Point>
    </Placemark>
    <Placemark>
      <name>Продава КЪЩА област Перник, с. Бегуновци Обява: 1j168928149468927 (36 990 €)</name>
      <ExtendedData>
        <SchemaData schemaUrl="#PropertySchema">
          <SimpleData name="Price">36 990 €</SimpleData>
          <SimpleData name="Size">100 кв.м</SimpleData>
          <SimpleData name="URL">https://www.imot.bg/obiava-1j168928149468927-prodava-kashta-oblast-pernik-s-begunovtsi</SimpleData>
        </SchemaData>
      </ExtendedData>
      <styleUrl>#style_yellow</styleUrl>
      <description>&lt;![CDATA[
            &lt;div style="font-family: sans-serif; max-width: 320px;"&gt;
                &lt;img src="https://imotstatic4.focus.bg/imot/photosimotbg/1/927//big/1j168928149468927_zB.jpg" style="width:100%; height:auto; max-height:220px; object-fit:cover; border-radius:6px; margin-bottom:12px;"/&gt;
                &lt;hr style="border:0; border-top:1px solid #ccc; margin:10px 0;"/&gt;
                &lt;p style="margin:4px 0;"&gt;&lt;b&gt;Matched:&lt;/b&gt; +целогодишен достъп(+12)&lt;/p&gt;
                &lt;p style="margin:4px 0;"&gt;&lt;b&gt;Penalties:&lt;/b&gt; None&lt;/p&gt;
                &lt;hr style="border:0; border-top:1px solid #ccc; margin:10px 0;"/&gt;
                &lt;p style="margin-top:6px; color:#444;"&gt;&lt;b&gt;Description:&lt;/b&gt;&lt;/p&gt;
                &lt;p style="color:#555; font-size:13px; line-height:1.4;"&gt;Продава се къща в с. Бегуновци със зп 60кв.м. Състои се от сутерен и етаж. Двора е равен обширен с излаз на 2 улици. В него е построена още една помощна сграда със Зп 40 кв.м. Къщата е в близост до центъра на селото с асфалтов достъп. Много добра лок...&lt;/p&gt;
            &lt;/div&gt;
        ]]&gt;</description>
      <Point>
        <coordinates>22.8334273,42.6929755,0</coordinates>
      </Point>
    </Placemark>
    <Placemark>
      <name>Продава КЪЩА област Перник, с. Горна Диканя Обява: 1j178540130462555 (39 800 €)</name>
      <ExtendedData>
        <SchemaData schemaUrl="#PropertySchema">
          <SimpleData name="Price">39 800 €</SimpleData>
          <SimpleData name="Size">106 кв.м</SimpleData>
          <SimpleData name="URL">https://www.imot.bg/obiava-1j178540130462555-prodava-kashta-oblast-pernik-s-gorna-dikanya</SimpleData>
        </SchemaData>
      </ExtendedData>
      <styleUrl>#style_yellow</styleUrl>
      <description>&lt;![CDATA[
            &lt;div style="font-family: sans-serif; max-width: 320px;"&gt;
                &lt;img src="https://cdn3.focus.bg/imot/photosimotbg/1/555//big/1j178540130462555_nG.jpg" style="width:100%; height:auto; max-height:220px; object-fit:cover; border-radius:6px; margin-bottom:12px;"/&gt;
                &lt;hr style="border:0; border-top:1px solid #ccc; margin:10px 0;"/&gt;
                &lt;p style="margin:4px 0;"&gt;&lt;b&gt;Matched:&lt;/b&gt; +целогодишен достъп(+12)&lt;/p&gt;
                &lt;p style="margin:4px 0;"&gt;&lt;b&gt;Penalties:&lt;/b&gt; None&lt;/p&gt;
                &lt;hr style="border:0; border-top:1px solid #ccc; margin:10px 0;"/&gt;
                &lt;p style="margin-top:6px; color:#444;"&gt;&lt;b&gt;Description:&lt;/b&gt;&lt;/p&gt;
                &lt;p style="color:#555; font-size:13px; line-height:1.4;"&gt;Урегулиран парцел с къща в близост до язовир Диканя   само на около 40 минути от София Предлагаме на Вашето внимание урегулиран поземлен имот с площ 1375 кв.м, разположен в населената част на живописното село Горна Диканя, община Радомир. Имотът е с ...&lt;/p&gt;
            &lt;/div&gt;
        ]]&gt;</description>
      <Point>
        <coordinates>23.1743079,42.4315429,0</coordinates>
      </Point>
    </Placemark>
    <Placemark>
      <name>Продава КЪЩА област Перник, с. Зелениград Обява: 1j175580285603384 (41 900 €)</name>
      <ExtendedData>
        <SchemaData schemaUrl="#PropertySchema">
          <SimpleData name="Price">41 900 €</SimpleData>
          <SimpleData name="Size">90 кв.м</SimpleData>
          <SimpleData name="URL">https://www.imot.bg/obiava-1j175580285603384-prodava-kashta-oblast-pernik-s-zelenigrad</SimpleData>
        </SchemaData>
      </ExtendedData>
      <styleUrl>#style_yellow</styleUrl>
      <description>&lt;![CDATA[
            &lt;div style="font-family: sans-serif; max-width: 320px;"&gt;
                &lt;img src="https://imotstatic2.focus.bg/imot/photosimotbg/1/384//big/1j175580285603384_pE.jpg" style="width:100%; height:auto; max-height:220px; object-fit:cover; border-radius:6px; margin-bottom:12px;"/&gt;
                &lt;hr style="border:0; border-top:1px solid #ccc; margin:10px 0;"/&gt;
                &lt;p style="margin:4px 0;"&gt;&lt;b&gt;Matched:&lt;/b&gt; +целогодишен достъп(+12)&lt;/p&gt;
                &lt;p style="margin:4px 0;"&gt;&lt;b&gt;Penalties:&lt;/b&gt; None&lt;/p&gt;
                &lt;hr style="border:0; border-top:1px solid #ccc; margin:10px 0;"/&gt;
                &lt;p style="margin-top:6px; color:#444;"&gt;&lt;b&gt;Description:&lt;/b&gt;&lt;/p&gt;
                &lt;p style="color:#555; font-size:13px; line-height:1.4;"&gt;Агенция Таня предлага на своите клиенти добър имот.С целогодишен достъп.Прекрасни панорамни гледки.Ела и виж....&lt;/p&gt;
            &lt;/div&gt;
        ]]&gt;</description>
      <Point>
        <coordinates>22.560185,42.838136,0</coordinates>
      </Point>
    </Placemark>
    <Placemark>
      <name>Продава КЪЩА област Перник, с. Светля Център Обява: 1j176002337902433 (34 000 €)</name>
      <ExtendedData>
        <SchemaData schemaUrl="#PropertySchema">
          <SimpleData name="Price">34 000 €</SimpleData>
          <SimpleData name="Size">1640 кв.м</SimpleData>
          <SimpleData name="URL">https://www.imot.bg/obiava-1j176002337902433-prodava-kashta-oblast-pernik-s-svetlya-tsentar</SimpleData>
        </SchemaData>
      </ExtendedData>
      <styleUrl>#style_yellow</styleUrl>
      <description>&lt;![CDATA[
            &lt;div style="font-family: sans-serif; max-width: 320px;"&gt;
                &lt;img src="https://imotstatic1.focus.bg/imot/photosimotbg/1/433//big/1j176002337902433_lI.jpg" style="width:100%; height:auto; max-height:220px; object-fit:cover; border-radius:6px; margin-bottom:12px;"/&gt;
                &lt;hr style="border:0; border-top:1px solid #ccc; margin:10px 0;"/&gt;
                &lt;p style="margin:4px 0;"&gt;&lt;b&gt;Matched:&lt;/b&gt; +целогодишен достъп(+12)&lt;/p&gt;
                &lt;p style="margin:4px 0;"&gt;&lt;b&gt;Penalties:&lt;/b&gt; None&lt;/p&gt;
                &lt;hr style="border:0; border-top:1px solid #ccc; margin:10px 0;"/&gt;
                &lt;p style="margin-top:6px; color:#444;"&gt;&lt;b&gt;Description:&lt;/b&gt;&lt;/p&gt;
                &lt;p style="color:#555; font-size:13px; line-height:1.4;"&gt;Кракра Пернишки предлага парцел със стара къща (за събаряне). Намира се в центъра на селото. До черквата. Целогодишен достъп. Равен парцел....&lt;/p&gt;
            &lt;/div&gt;
        ]]&gt;</description>
      <Point>
        <coordinates>22.799419,42.594743,0</coordinates>
      </Point>
    </Placemark>
    <Placemark>
      <name>Продава КЪЩА област Перник, с. Поцърненци Обява: 1j170530420172179 (33 233 €)</name>
      <ExtendedData>
        <SchemaData schemaUrl="#PropertySchema">
          <SimpleData name="Price">33 233 €</SimpleData>
          <SimpleData name="Size">50 кв.м</SimpleData>
          <SimpleData name="URL">https://www.imot.bg/obiava-1j170530420172179-prodava-kashta-oblast-pernik-s-potsarnentsi</SimpleData>
        </SchemaData>
      </ExtendedData>
      <styleUrl>#style_yellow</styleUrl>
      <description>&lt;![CDATA[
            &lt;div style="font-family: sans-serif; max-width: 320px;"&gt;
                &lt;img src="https://imotstatic3.focus.bg/imot/photosimotbg/1/179//big/1j170530420172179_jE.jpg" style="width:100%; height:auto; max-height:220px; object-fit:cover; border-radius:6px; margin-bottom:12px;"/&gt;
                &lt;hr style="border:0; border-top:1px solid #ccc; margin:10px 0;"/&gt;
                &lt;p style="margin:4px 0;"&gt;&lt;b&gt;Matched:&lt;/b&gt; +вода(+10), +целогодишен достъп(+12), +двор(+4)&lt;/p&gt;
                &lt;p style="margin:4px 0;"&gt;&lt;b&gt;Penalties:&lt;/b&gt; за ремонт(-15)&lt;/p&gt;
                &lt;hr style="border:0; border-top:1px solid #ccc; margin:10px 0;"/&gt;
                &lt;p style="margin-top:6px; color:#444;"&gt;&lt;b&gt;Description:&lt;/b&gt;&lt;/p&gt;
                &lt;p style="color:#555; font-size:13px; line-height:1.4;"&gt;Агенция Бела Ви предлага за продажба стара къща за ремонт  със ЗП 50 кв.м и двор 500 кв,равен,слънчев.Вода от бунар.Между постоянно живеещи съседи.Целогодишен достъп....&lt;/p&gt;
            &lt;/div&gt;
        ]]&gt;</description>
      <Point>
        <coordinates>22.887968,42.491352,0</coordinates>
      </Point>
    </Placemark>
    <Placemark>
      <name>Продава КЪЩА област Перник, с. Брезнишки извор Обява: 1j178671365487060 (32 000 €)</name>
      <ExtendedData>
        <SchemaData schemaUrl="#PropertySchema">
          <SimpleData name="Price">32 000 €</SimpleData>
          <SimpleData name="Size">30 кв.м</SimpleData>
          <SimpleData name="URL">https://www.imot.bg/obiava-1j178671365487060-prodava-kashta-oblast-pernik-s-breznishki-izvor</SimpleData>
        </SchemaData>
      </ExtendedData>
      <styleUrl>#style_red</styleUrl>
      <description>&lt;![CDATA[
            &lt;div style="font-family: sans-serif; max-width: 320px;"&gt;
                &lt;img src="https://imotstatic2.focus.bg/imot/photosimotbg/1/060//big/1j178671365487060_il.jpg" style="width:100%; height:auto; max-height:220px; object-fit:cover; border-radius:6px; margin-bottom:12px;"/&gt;
                &lt;hr style="border:0; border-top:1px solid #ccc; margin:10px 0;"/&gt;
                &lt;p style="margin:4px 0;"&gt;&lt;b&gt;Matched:&lt;/b&gt; +вода(+10)&lt;/p&gt;
                &lt;p style="margin:4px 0;"&gt;&lt;b&gt;Penalties:&lt;/b&gt; None&lt;/p&gt;
                &lt;hr style="border:0; border-top:1px solid #ccc; margin:10px 0;"/&gt;
                &lt;p style="margin-top:6px; color:#444;"&gt;&lt;b&gt;Description:&lt;/b&gt;&lt;/p&gt;
                &lt;p style="color:#555; font-size:13px; line-height:1.4;"&gt;Адрес Недвижими Имоти АД продава поземлен имот със статут на нива -9 категория с площ по кадастрална скица от 2200 кв.м. Намира се в село Брезнишки извор в непосредствена близост до язовир Извор. На 58 км. от София , около 1 час път с автомобил. Малк...&lt;/p&gt;
            &lt;/div&gt;
        ]]&gt;</description>
      <Point>
        <coordinates>22.8084965,42.7273986,0</coordinates>
      </Point>
    </Placemark>
    <Placemark>
      <name>Продава КЪЩА област Перник, гр. Радомир Обява: 1j173905168539437 (49 000 €)</name>
      <ExtendedData>
        <SchemaData schemaUrl="#PropertySchema">
          <SimpleData name="Price">49 000 €</SimpleData>
          <SimpleData name="Size">91 кв.м</SimpleData>
          <SimpleData name="URL">https://www.imot.bg/obiava-1j173905168539437-prodava-kashta-oblast-pernik-gr-radomir</SimpleData>
        </SchemaData>
      </ExtendedData>
      <styleUrl>#style_red</styleUrl>
      <description>&lt;![CDATA[
            &lt;div style="font-family: sans-serif; max-width: 320px;"&gt;
                &lt;img src="https://imotstatic1.focus.bg/imot/photosimotbg/1/437//big/1j173905168539437_7W.jpg" style="width:100%; height:auto; max-height:220px; object-fit:cover; border-radius:6px; margin-bottom:12px;"/&gt;
                &lt;hr style="border:0; border-top:1px solid #ccc; margin:10px 0;"/&gt;
                &lt;p style="margin:4px 0;"&gt;&lt;b&gt;Matched:&lt;/b&gt; +гараж(+10)&lt;/p&gt;
                &lt;p style="margin:4px 0;"&gt;&lt;b&gt;Penalties:&lt;/b&gt; None&lt;/p&gt;
                &lt;hr style="border:0; border-top:1px solid #ccc; margin:10px 0;"/&gt;
                &lt;p style="margin-top:6px; color:#444;"&gt;&lt;b&gt;Description:&lt;/b&gt;&lt;/p&gt;
                &lt;p style="color:#555; font-size:13px; line-height:1.4;"&gt;Агенция Тангра пропъртис продава къща в гр.Радомир ,обл.Перник. Къщата е на пешеходно разстояние от центъра построена в имот на суперфиция,който е с площ от 421 кв.м. Къщата е на две нива с три  отделни входа и външно стълбище за втори етаж. Застроен...&lt;/p&gt;
            &lt;/div&gt;
        ]]&gt;</description>
      <Point>
        <coordinates>22.96246,42.54616,0</coordinates>
      </Point>
    </Placemark>
    <Placemark>
      <name>Продава КЪЩА област Перник, с. Бабица Обява: 1j172216761616585 (42 437.23 €)</name>
      <ExtendedData>
        <SchemaData schemaUrl="#PropertySchema">
          <SimpleData name="Price">42 437.23 €</SimpleData>
          <SimpleData name="Size">70 кв.м</SimpleData>
          <SimpleData name="URL">https://www.imot.bg/obiava-1j172216761616585-prodava-kashta-oblast-pernik-s-babitsa</SimpleData>
        </SchemaData>
      </ExtendedData>
      <styleUrl>#style_red</styleUrl>
      <description>&lt;![CDATA[
            &lt;div style="font-family: sans-serif; max-width: 320px;"&gt;
                &lt;img src="https://imotstatic1.focus.bg/imot/photosimotbg/1/585//big/1j172216761616585_kv.jpg" style="width:100%; height:auto; max-height:220px; object-fit:cover; border-radius:6px; margin-bottom:12px;"/&gt;
                &lt;hr style="border:0; border-top:1px solid #ccc; margin:10px 0;"/&gt;
                &lt;p style="margin:4px 0;"&gt;&lt;b&gt;Matched:&lt;/b&gt; +вода(+10)&lt;/p&gt;
                &lt;p style="margin:4px 0;"&gt;&lt;b&gt;Penalties:&lt;/b&gt; None&lt;/p&gt;
                &lt;hr style="border:0; border-top:1px solid #ccc; margin:10px 0;"/&gt;
                &lt;p style="margin-top:6px; color:#444;"&gt;&lt;b&gt;Description:&lt;/b&gt;&lt;/p&gt;
                &lt;p style="color:#555; font-size:13px; line-height:1.4;"&gt;Кракра Пернишки предлага едноетажна къща в село Бабица. Селото се намира в непосредствена близост до град Брезник . Къщата е на 100 метра от центъра на селото( съответно и до магазина). Къщата е стара, но конструктивно здрава. Покривът е здрав и няма...&lt;/p&gt;
            &lt;/div&gt;
        ]]&gt;</description>
      <Point>
        <coordinates>22.955921,42.737026,0</coordinates>
      </Point>
    </Placemark>
    <Placemark>
      <name>Продава КЪЩА област Перник, с. Кондофрей Обява: 1j173695187683431 (26 587.18 €)</name>
      <ExtendedData>
        <SchemaData schemaUrl="#PropertySchema">
          <SimpleData name="Price">26 587.18 €</SimpleData>
          <SimpleData name="Size">47 кв.м</SimpleData>
          <SimpleData name="URL">https://www.imot.bg/obiava-1j173695187683431-prodava-kashta-oblast-pernik-s-kondofrey</SimpleData>
        </SchemaData>
      </ExtendedData>
      <styleUrl>#style_red</styleUrl>
      <description>&lt;![CDATA[
            &lt;div style="font-family: sans-serif; max-width: 320px;"&gt;
                &lt;img src="https://imotstatic1.focus.bg/imot/photosimotbg/1/431//big/1j173695187683431_5R.jpg" style="width:100%; height:auto; max-height:220px; object-fit:cover; border-radius:6px; margin-bottom:12px;"/&gt;
                &lt;hr style="border:0; border-top:1px solid #ccc; margin:10px 0;"/&gt;
                &lt;p style="margin:4px 0;"&gt;&lt;b&gt;Matched:&lt;/b&gt; +гараж(+10)&lt;/p&gt;
                &lt;p style="margin:4px 0;"&gt;&lt;b&gt;Penalties:&lt;/b&gt; None&lt;/p&gt;
                &lt;hr style="border:0; border-top:1px solid #ccc; margin:10px 0;"/&gt;
                &lt;p style="margin-top:6px; color:#444;"&gt;&lt;b&gt;Description:&lt;/b&gt;&lt;/p&gt;
                &lt;p style="color:#555; font-size:13px; line-height:1.4;"&gt;Предлагаме Ви: поземлен имот с площ от 1093кв.м, отреден за жилищно застрояване с построена върху него паянтова жилищна сграда с площ от 47кв.м. коята има излаз на веранда с площ от 35кв.м, находяща се над масивен гараж с площ от 35кв.м. Целогодишни ...&lt;/p&gt;
            &lt;/div&gt;
        ]]&gt;</description>
      <Point>
        <coordinates>23.00591,42.426615,0</coordinates>
      </Point>
    </Placemark>
    <Placemark>
      <name>Продава КЪЩА област Перник, с. Мрамор Обява: 1j176071680013537 (40 500 €)</name>
      <ExtendedData>
        <SchemaData schemaUrl="#PropertySchema">
          <SimpleData name="Price">40 500 €</SimpleData>
          <SimpleData name="Size">50 кв.м</SimpleData>
          <SimpleData name="URL">https://www.imot.bg/obiava-1j176071680013537-prodava-kashta-oblast-pernik-s-mramor</SimpleData>
        </SchemaData>
      </ExtendedData>
      <styleUrl>#style_red</styleUrl>
      <description>&lt;![CDATA[
            &lt;div style="font-family: sans-serif; max-width: 320px;"&gt;
                &lt;img src="https://imotstatic3.focus.bg/imot/photosimotbg/1/537//big/1j176071680013537_Tf.jpg" style="width:100%; height:auto; max-height:220px; object-fit:cover; border-radius:6px; margin-bottom:12px;"/&gt;
                &lt;hr style="border:0; border-top:1px solid #ccc; margin:10px 0;"/&gt;
                &lt;p style="margin:4px 0;"&gt;&lt;b&gt;Matched:&lt;/b&gt; +гараж(+10)&lt;/p&gt;
                &lt;p style="margin:4px 0;"&gt;&lt;b&gt;Penalties:&lt;/b&gt; None&lt;/p&gt;
                &lt;hr style="border:0; border-top:1px solid #ccc; margin:10px 0;"/&gt;
                &lt;p style="margin-top:6px; color:#444;"&gt;&lt;b&gt;Description:&lt;/b&gt;&lt;/p&gt;
                &lt;p style="color:#555; font-size:13px; line-height:1.4;"&gt;Продава се имот с къща в с. Мрамор, община Трън, област Перник Имотът е застроен с масивно жилище, гараж и стопански постройки с обща застроена площ от 49 кв.м 🔹 Площ на двора: 2515 кв.м 🔹 Площ на застроената част: 49 кв.м 🔹 Застроени сгради: масивна...&lt;/p&gt;
            &lt;/div&gt;
        ]]&gt;</description>
      <Point>
        <coordinates>22.6130125,42.7519455,0</coordinates>
      </Point>
    </Placemark>
    <Placemark>
      <name>Продава КЪЩА област Перник, с. Лобош Обява: 1j177144311700125 (35 000 €)</name>
      <ExtendedData>
        <SchemaData schemaUrl="#PropertySchema">
          <SimpleData name="Price">35 000 €</SimpleData>
          <SimpleData name="Size">90 кв.м</SimpleData>
          <SimpleData name="URL">https://www.imot.bg/obiava-1j177144311700125-prodava-kashta-oblast-pernik-s-lobosh</SimpleData>
        </SchemaData>
      </ExtendedData>
      <styleUrl>#style_red</styleUrl>
      <description>&lt;![CDATA[
            &lt;div style="font-family: sans-serif; max-width: 320px;"&gt;
                &lt;img src="https://cdn3.focus.bg/imot/photosimotbg/1/125//big/1j177144311700125_Iz.jpg" style="width:100%; height:auto; max-height:220px; object-fit:cover; border-radius:6px; margin-bottom:12px;"/&gt;
                &lt;hr style="border:0; border-top:1px solid #ccc; margin:10px 0;"/&gt;
                &lt;p style="margin:4px 0;"&gt;&lt;b&gt;Matched:&lt;/b&gt; +ток(+10)&lt;/p&gt;
                &lt;p style="margin:4px 0;"&gt;&lt;b&gt;Penalties:&lt;/b&gt; None&lt;/p&gt;
                &lt;hr style="border:0; border-top:1px solid #ccc; margin:10px 0;"/&gt;
                &lt;p style="margin-top:6px; color:#444;"&gt;&lt;b&gt;Description:&lt;/b&gt;&lt;/p&gt;
                &lt;p style="color:#555; font-size:13px; line-height:1.4;"&gt;Двуетажна къща с площ от 45 кв.м. на етаж и дворно място от 800 кв.м. Първият етаж се състои от три стаи и е измазан. Вторият е висок тавански, неразпределен в момента. Покрива е основно ремонтиран наскоро, с нови греди и битумни керемиди. През двора...&lt;/p&gt;
            &lt;/div&gt;
        ]]&gt;</description>
      <Point>
        <coordinates>22.813352,42.504404,0</coordinates>
      </Point>
    </Placemark>
    <Placemark>
      <name>Продава ВИЛА област Перник, с. Егълница Беловска махала Обява: 1k176098118410959 (39 990 €)</name>
      <ExtendedData>
        <SchemaData schemaUrl="#PropertySchema">
          <SimpleData name="Price">39 990 €</SimpleData>
          <SimpleData name="Size">58 кв.м</SimpleData>
          <SimpleData name="URL">https://www.imot.bg/obiava-1k176098118410959-prodava-vila-oblast-pernik-s-egalnitsa-belovska-mahala</SimpleData>
        </SchemaData>
      </ExtendedData>
      <styleUrl>#style_red</styleUrl>
      <description>&lt;![CDATA[
            &lt;div style="font-family: sans-serif; max-width: 320px;"&gt;
                &lt;img src="https://imotstatic4.focus.bg/imot/photosimotbg/1/959//big/1k176098118410959_lt.jpg" style="width:100%; height:auto; max-height:220px; object-fit:cover; border-radius:6px; margin-bottom:12px;"/&gt;
                &lt;hr style="border:0; border-top:1px solid #ccc; margin:10px 0;"/&gt;
                &lt;p style="margin:4px 0;"&gt;&lt;b&gt;Matched:&lt;/b&gt; +ток(+10), +вода(+10)&lt;/p&gt;
                &lt;p style="margin:4px 0;"&gt;&lt;b&gt;Penalties:&lt;/b&gt; панел(-10)&lt;/p&gt;
                &lt;hr style="border:0; border-top:1px solid #ccc; margin:10px 0;"/&gt;
                &lt;p style="margin-top:6px; color:#444;"&gt;&lt;b&gt;Description:&lt;/b&gt;&lt;/p&gt;
                &lt;p style="color:#555; font-size:13px; line-height:1.4;"&gt;Цена: 39 990 евро . Площ на парцела: 1317 кв.м Постройка: Панелно бунгало на два етажа   общо 58 кв.м  РЗП. Инфраструктура: Ток и вода   с включени партиди Описание: Продава се просторен парцел с площ 1317 кв.м, разположен в живописното село Егълница...&lt;/p&gt;
            &lt;/div&gt;
        ]]&gt;</description>
      <Point>
        <coordinates>22.855052,42.474094,0</coordinates>
      </Point>
    </Placemark>
    <Placemark>
      <name>Продава КЪЩА област Перник, гр. Трън Обява: 1j160032969975529 (49 950 €)</name>
      <ExtendedData>
        <SchemaData schemaUrl="#PropertySchema">
          <SimpleData name="Price">49 950 €</SimpleData>
          <SimpleData name="Size">120 кв.м</SimpleData>
          <SimpleData name="URL">https://www.imot.bg/obiava-1j160032969975529-prodava-kashta-oblast-pernik-gr-tran</SimpleData>
        </SchemaData>
      </ExtendedData>
      <styleUrl>#style_red</styleUrl>
      <description>&lt;![CDATA[
            &lt;div style="font-family: sans-serif; max-width: 320px;"&gt;
                &lt;img src="https://cdn3.focus.bg/imot/photosimotbg/1/529//big/1k160032969975529_2x.jpg" style="width:100%; height:auto; max-height:220px; object-fit:cover; border-radius:6px; margin-bottom:12px;"/&gt;
                &lt;hr style="border:0; border-top:1px solid #ccc; margin:10px 0;"/&gt;
                &lt;p style="margin:4px 0;"&gt;&lt;b&gt;Matched:&lt;/b&gt; +отопление(+5), +двор(+4)&lt;/p&gt;
                &lt;p style="margin:4px 0;"&gt;&lt;b&gt;Penalties:&lt;/b&gt; None&lt;/p&gt;
                &lt;hr style="border:0; border-top:1px solid #ccc; margin:10px 0;"/&gt;
                &lt;p style="margin-top:6px; color:#444;"&gt;&lt;b&gt;Description:&lt;/b&gt;&lt;/p&gt;
                &lt;p style="color:#555; font-size:13px; line-height:1.4;"&gt;-ЦЕНА ПО ДОГОВАРЯНЕ - Продава се двуетажна вила в с. Слишовци, на 18 км от гр. Трън. Вилата е завършена през 1993 г. и е с южно изложение, разположена на тихо място в полите на Рудин планина. Разпределение: 2 спални голям хол с обособена кухня 2 антр...&lt;/p&gt;
            &lt;/div&gt;
        ]]&gt;</description>
      <Point>
        <coordinates>22.652217,42.835405,0</coordinates>
      </Point>
    </Placemark>
    <Placemark>
      <name>Продава КЪЩА област Перник, с. Горна Врабча Обява: 1j178517804374967 (28 000 €)</name>
      <ExtendedData>
        <SchemaData schemaUrl="#PropertySchema">
          <SimpleData name="Price">28 000 €</SimpleData>
          <SimpleData name="Size">97 кв.м</SimpleData>
          <SimpleData name="URL">https://www.imot.bg/obiava-1j178517804374967-prodava-kashta-oblast-pernik-s-gorna-vrabcha</SimpleData>
        </SchemaData>
      </ExtendedData>
      <styleUrl>#style_red</styleUrl>
      <description>&lt;![CDATA[
            &lt;div style="font-family: sans-serif; max-width: 320px;"&gt;
                &lt;img src="https://imotstatic1.focus.bg/imot/photosimotbg/1/967//big/1j178517804374967_mU.jpg" style="width:100%; height:auto; max-height:220px; object-fit:cover; border-radius:6px; margin-bottom:12px;"/&gt;
                &lt;hr style="border:0; border-top:1px solid #ccc; margin:10px 0;"/&gt;
                &lt;p style="margin:4px 0;"&gt;&lt;b&gt;Matched:&lt;/b&gt; +ток(+10), +вода(+10), +двор(+4)&lt;/p&gt;
                &lt;p style="margin:4px 0;"&gt;&lt;b&gt;Penalties:&lt;/b&gt; за ремонт(-15)&lt;/p&gt;
                &lt;hr style="border:0; border-top:1px solid #ccc; margin:10px 0;"/&gt;
                &lt;p style="margin-top:6px; color:#444;"&gt;&lt;b&gt;Description:&lt;/b&gt;&lt;/p&gt;
                &lt;p style="color:#555; font-size:13px; line-height:1.4;"&gt;ID на имота: RP24213 Риълти Партнърс Продава уникален имот, в с. Горна врабча, област Перник, община Земен, състоящ се от два поземлени имота, предлагащи спокойствие, природа и потенциал да се превърне във вашата прекрасна вила: Намира се на 40 км от...&lt;/p&gt;
            &lt;/div&gt;
        ]]&gt;</description>
      <Point>
        <coordinates>22.7249953,42.5994346,0</coordinates>
      </Point>
    </Placemark>
    <Placemark>
      <name>Продава КЪЩА област Перник, с. Долна Секирна Обява: 1j178660680327264 (28 900 €)</name>
      <ExtendedData>
        <SchemaData schemaUrl="#PropertySchema">
          <SimpleData name="Price">28 900 €</SimpleData>
          <SimpleData name="Size">56 кв.м</SimpleData>
          <SimpleData name="URL">https://www.imot.bg/obiava-1j178660680327264-prodava-kashta-oblast-pernik-s-dolna-sekirna</SimpleData>
        </SchemaData>
      </ExtendedData>
      <styleUrl>#style_red</styleUrl>
      <description>&lt;![CDATA[
            &lt;div style="font-family: sans-serif; max-width: 320px;"&gt;
                &lt;img src="https://imotstatic1.focus.bg/imot/photosimotbg/1/264//big/1j178660680327264_Mw.jpg" style="width:100%; height:auto; max-height:220px; object-fit:cover; border-radius:6px; margin-bottom:12px;"/&gt;
                &lt;hr style="border:0; border-top:1px solid #ccc; margin:10px 0;"/&gt;
                &lt;p style="margin:4px 0;"&gt;&lt;b&gt;Matched:&lt;/b&gt; +ток(+10), +вода(+10), +двор(+4)&lt;/p&gt;
                &lt;p style="margin:4px 0;"&gt;&lt;b&gt;Penalties:&lt;/b&gt; за ремонт(-15)&lt;/p&gt;
                &lt;hr style="border:0; border-top:1px solid #ccc; margin:10px 0;"/&gt;
                &lt;p style="margin-top:6px; color:#444;"&gt;&lt;b&gt;Description:&lt;/b&gt;&lt;/p&gt;
                &lt;p style="color:#555; font-size:13px; line-height:1.4;"&gt;ЕРА Надежда продава къща в с. Долна Секирна, гр. Брезник със застроена разгъната площ от 56 кв.м и двор с площ от 850 кв.м. Разпределението на имота е както следва: - първи етаж: две стаи и кухня и дървени стълби към втория етаж - втори етаж: високо ...&lt;/p&gt;
            &lt;/div&gt;
        ]]&gt;</description>
      <Point>
        <coordinates>22.725327,42.672995,0</coordinates>
      </Point>
    </Placemark>
    <Placemark>
      <name>Продава КЪЩА област Перник, с. Зелениград Обява: 1j174560143630287 (35 000 €)</name>
      <ExtendedData>
        <SchemaData schemaUrl="#PropertySchema">
          <SimpleData name="Price">35 000 €</SimpleData>
          <SimpleData name="Size">120 кв.м</SimpleData>
          <SimpleData name="URL">https://www.imot.bg/obiava-1j174560143630287-prodava-kashta-oblast-pernik-s-zelenigrad</SimpleData>
        </SchemaData>
      </ExtendedData>
      <styleUrl>#style_red</styleUrl>
      <description>&lt;![CDATA[
            &lt;div style="font-family: sans-serif; max-width: 320px;"&gt;
                &lt;img src="https://imotstatic1.focus.bg/imot/photosimotbg/1/287//big/1j174560143630287_og.jpg" style="width:100%; height:auto; max-height:220px; object-fit:cover; border-radius:6px; margin-bottom:12px;"/&gt;
                &lt;hr style="border:0; border-top:1px solid #ccc; margin:10px 0;"/&gt;
                &lt;p style="margin:4px 0;"&gt;&lt;b&gt;Matched:&lt;/b&gt; +ток(+10), +вода(+10), +двор(+4)&lt;/p&gt;
                &lt;p style="margin:4px 0;"&gt;&lt;b&gt;Penalties:&lt;/b&gt; за ремонт(-15)&lt;/p&gt;
                &lt;hr style="border:0; border-top:1px solid #ccc; margin:10px 0;"/&gt;
                &lt;p style="margin-top:6px; color:#444;"&gt;&lt;b&gt;Description:&lt;/b&gt;&lt;/p&gt;
                &lt;p style="color:#555; font-size:13px; line-height:1.4;"&gt;РЕАЛНА ОФЕРТА!!! НА ВНИМАНИЕТО ВИ!!!с. Зелениград попада в границите на защитена зона  Руй .Защитената зона по Натура 2000 се обявява с цел опазване, поддържане и възстановяване на местообитанията на следните видове птици за постигане на тяхното благ...&lt;/p&gt;
            &lt;/div&gt;
        ]]&gt;</description>
      <Point>
        <coordinates>22.560022,42.838639,0</coordinates>
      </Point>
    </Placemark>
    <Placemark>
      <name>Продава КЪЩА област Перник, с. Кондофрей Обява: 1j178611143610508 (45 000 €)</name>
      <ExtendedData>
        <SchemaData schemaUrl="#PropertySchema">
          <SimpleData name="Price">45 000 €</SimpleData>
          <SimpleData name="Size">60 кв.м</SimpleData>
          <SimpleData name="URL">https://www.imot.bg/obiava-1j178611143610508-prodava-kashta-oblast-pernik-s-kondofrey</SimpleData>
        </SchemaData>
      </ExtendedData>
      <styleUrl>#style_red</styleUrl>
      <description>&lt;![CDATA[
            &lt;div style="font-family: sans-serif; max-width: 320px;"&gt;
                &lt;img src="https://imotstatic1.focus.bg/imot/photosimotbg/1/508//big/1j178611143610508_IE.jpg" style="width:100%; height:auto; max-height:220px; object-fit:cover; border-radius:6px; margin-bottom:12px;"/&gt;
                &lt;hr style="border:0; border-top:1px solid #ccc; margin:10px 0;"/&gt;
                &lt;p style="margin:4px 0;"&gt;&lt;b&gt;Matched:&lt;/b&gt; +ток(+10), +вода(+10), +двор(+4)&lt;/p&gt;
                &lt;p style="margin:4px 0;"&gt;&lt;b&gt;Penalties:&lt;/b&gt; за ремонт(-15)&lt;/p&gt;
                &lt;hr style="border:0; border-top:1px solid #ccc; margin:10px 0;"/&gt;
                &lt;p style="margin-top:6px; color:#444;"&gt;&lt;b&gt;Description:&lt;/b&gt;&lt;/p&gt;
                &lt;p style="color:#555; font-size:13px; line-height:1.4;"&gt;Здравейте. Предлагаме за продажба едноетажна тухлена сграда с три стаи и коридор. Дворът е 1037кв.м. Подържан двор с градина и овошки. За повече информация и снимки-0887374252. Има ток и вода. Мястото е до центъра, черквата и кметството на селото. На...&lt;/p&gt;
            &lt;/div&gt;
        ]]&gt;</description>
      <Point>
        <coordinates>23.005519,42.426615,0</coordinates>
      </Point>
    </Placemark>
    <Placemark>
      <name>Продава КЪЩА област Перник, с. Кондофрей Обява: 1j170505632027148 (45 000 €)</name>
      <ExtendedData>
        <SchemaData schemaUrl="#PropertySchema">
          <SimpleData name="Price">45 000 €</SimpleData>
          <SimpleData name="Size">60 кв.м</SimpleData>
          <SimpleData name="URL">https://www.imot.bg/obiava-1j170505632027148-prodava-kashta-oblast-pernik-s-kondofrey</SimpleData>
        </SchemaData>
      </ExtendedData>
      <styleUrl>#style_red</styleUrl>
      <description>&lt;![CDATA[
            &lt;div style="font-family: sans-serif; max-width: 320px;"&gt;
                &lt;img src="https://imotstatic4.focus.bg/imot/photosimotbg/1/148//big/1j170505632027148_nA.jpg" style="width:100%; height:auto; max-height:220px; object-fit:cover; border-radius:6px; margin-bottom:12px;"/&gt;
                &lt;hr style="border:0; border-top:1px solid #ccc; margin:10px 0;"/&gt;
                &lt;p style="margin:4px 0;"&gt;&lt;b&gt;Matched:&lt;/b&gt; +ток(+10), +вода(+10), +двор(+4)&lt;/p&gt;
                &lt;p style="margin:4px 0;"&gt;&lt;b&gt;Penalties:&lt;/b&gt; за ремонт(-15)&lt;/p&gt;
                &lt;hr style="border:0; border-top:1px solid #ccc; margin:10px 0;"/&gt;
                &lt;p style="margin-top:6px; color:#444;"&gt;&lt;b&gt;Description:&lt;/b&gt;&lt;/p&gt;
                &lt;p style="color:#555; font-size:13px; line-height:1.4;"&gt;Едноетажна тухлена сграда с три стай. Двор 1037кв.м. Подържан двор с градина и овошки. За повече информация и снимки-0887374252. Има ток и вода. Мястото е до центъра, черквата и кметството на селото. На асфалтов път и е достъпно целогодишно. Имотът е...&lt;/p&gt;
            &lt;/div&gt;
        ]]&gt;</description>
      <Point>
        <coordinates>23.005276,42.42692,0</coordinates>
      </Point>
    </Placemark>
    <Placemark>
      <name>Продава ВИЛА област Перник, с. Бабица Обява: 1k177816807875323 (29 900 €)</name>
      <ExtendedData>
        <SchemaData schemaUrl="#PropertySchema">
          <SimpleData name="Price">29 900 €</SimpleData>
          <SimpleData name="Size">40 кв.м</SimpleData>
          <SimpleData name="URL">https://www.imot.bg/obiava-1k177816807875323-prodava-vila-oblast-pernik-s-babitsa</SimpleData>
        </SchemaData>
      </ExtendedData>
      <styleUrl>#style_red</styleUrl>
      <description>&lt;![CDATA[
            &lt;div style="font-family: sans-serif; max-width: 320px;"&gt;
                &lt;img src="https://imotstatic2.focus.bg/imot/photosimotbg/1/323//big/1k177816807875323_o2.jpg" style="width:100%; height:auto; max-height:220px; object-fit:cover; border-radius:6px; margin-bottom:12px;"/&gt;
                &lt;hr style="border:0; border-top:1px solid #ccc; margin:10px 0;"/&gt;
                &lt;p style="margin:4px 0;"&gt;&lt;b&gt;Matched:&lt;/b&gt; +ток(+10), +вода(+10), +двор(+4)&lt;/p&gt;
                &lt;p style="margin:4px 0;"&gt;&lt;b&gt;Penalties:&lt;/b&gt; за ремонт(-15)&lt;/p&gt;
                &lt;hr style="border:0; border-top:1px solid #ccc; margin:10px 0;"/&gt;
                &lt;p style="margin-top:6px; color:#444;"&gt;&lt;b&gt;Description:&lt;/b&gt;&lt;/p&gt;
                &lt;p style="color:#555; font-size:13px; line-height:1.4;"&gt;Предлагаме за продажба малка къща и двор в село Бабица  отлична възможност за хора, търсещи спокойствие, чист въздух и близост до природата. Имотът се състои от къща със застроена площ от 40 кв.м, състояща се от коридор и две стаи,мазе ,ток ,вода от ...&lt;/p&gt;
            &lt;/div&gt;
        ]]&gt;</description>
      <Point>
        <coordinates>22.955921,42.736126,0</coordinates>
      </Point>
    </Placemark>
    <Placemark>
      <name>Продава КЪЩА област Перник, с. Ярловци Обява: 1j170660324452195 (45 000 €)</name>
      <ExtendedData>
        <SchemaData schemaUrl="#PropertySchema">
          <SimpleData name="Price">45 000 €</SimpleData>
          <SimpleData name="Size">286 кв.м</SimpleData>
          <SimpleData name="URL">https://www.imot.bg/obiava-1j170660324452195-prodava-kashta-oblast-pernik-s-yarlovtsi</SimpleData>
        </SchemaData>
      </ExtendedData>
      <styleUrl>#style_red</styleUrl>
      <description>&lt;![CDATA[
            &lt;div style="font-family: sans-serif; max-width: 320px;"&gt;
                &lt;img src="https://imotstatic4.focus.bg/imot/photosimotbg/1/195//big/1j170660324452195_j1.jpg" style="width:100%; height:auto; max-height:220px; object-fit:cover; border-radius:6px; margin-bottom:12px;"/&gt;
                &lt;hr style="border:0; border-top:1px solid #ccc; margin:10px 0;"/&gt;
                &lt;p style="margin:4px 0;"&gt;&lt;b&gt;Matched:&lt;/b&gt; +кладенец(+5), +двор(+4)&lt;/p&gt;
                &lt;p style="margin:4px 0;"&gt;&lt;b&gt;Penalties:&lt;/b&gt; None&lt;/p&gt;
                &lt;hr style="border:0; border-top:1px solid #ccc; margin:10px 0;"/&gt;
                &lt;p style="margin-top:6px; color:#444;"&gt;&lt;b&gt;Description:&lt;/b&gt;&lt;/p&gt;
                &lt;p style="color:#555; font-size:13px; line-height:1.4;"&gt;'Делта консулт' продава масивна жилищна сграда /бивше училище/ на един етаж състоящо се от шест самостоятелни помещения с различна квадратура и санитарен възел, като в едната си част под сградата е изградено и избено помещение / около 70 кв.м. /. Сгр...&lt;/p&gt;
            &lt;/div&gt;
        ]]&gt;</description>
      <Point>
        <coordinates>22.55476,42.806403,0</coordinates>
      </Point>
    </Placemark>
    <Placemark>
      <name>Продава ВИЛА област Перник, с. Червена могила Обява: 1k177801303287316 (36 000 €)</name>
      <ExtendedData>
        <SchemaData schemaUrl="#PropertySchema">
          <SimpleData name="Price">36 000 €</SimpleData>
          <SimpleData name="Size">60 кв.м</SimpleData>
          <SimpleData name="URL">https://www.imot.bg/obiava-1k177801303287316-prodava-vila-oblast-pernik-s-chervena-mogila</SimpleData>
        </SchemaData>
      </ExtendedData>
      <styleUrl>#style_red</styleUrl>
      <description>&lt;![CDATA[
            &lt;div style="font-family: sans-serif; max-width: 320px;"&gt;
                &lt;img src="https://imotstatic1.focus.bg/imot/photosimotbg/1/316//big/1k177801303287316_ub.jpg" style="width:100%; height:auto; max-height:220px; object-fit:cover; border-radius:6px; margin-bottom:12px;"/&gt;
                &lt;hr style="border:0; border-top:1px solid #ccc; margin:10px 0;"/&gt;
                &lt;p style="margin:4px 0;"&gt;&lt;b&gt;Matched:&lt;/b&gt; +кладенец(+5), +двор(+4)&lt;/p&gt;
                &lt;p style="margin:4px 0;"&gt;&lt;b&gt;Penalties:&lt;/b&gt; None&lt;/p&gt;
                &lt;hr style="border:0; border-top:1px solid #ccc; margin:10px 0;"/&gt;
                &lt;p style="margin-top:6px; color:#444;"&gt;&lt;b&gt;Description:&lt;/b&gt;&lt;/p&gt;
                &lt;p style="color:#555; font-size:13px; line-height:1.4;"&gt;Агенция Тангра пропъртис продава   дворно място  в село Червена могила,обл.Перник ,общ.Радомир. Предлагаме за продажба атрактивен имот, разположен в тихо и спокойно село, с лесен достъп и отлични условия за отдих или целогодишно живеене. Имотът предс...&lt;/p&gt;
            &lt;/div&gt;
        ]]&gt;</description>
      <Point>
        <coordinates>23.001479,42.514621,0</coordinates>
      </Point>
    </Placemark>
    <Placemark>
      <name>Продава КЪЩА област Перник, с. Борнарево Обява: 1j176952839504025 (48 000 €)</name>
      <ExtendedData>
        <SchemaData schemaUrl="#PropertySchema">
          <SimpleData name="Price">48 000 €</SimpleData>
          <SimpleData name="Size">60 кв.м</SimpleData>
          <SimpleData name="URL">https://www.imot.bg/obiava-1j176952839504025-prodava-kashta-oblast-pernik-s-bornarevo</SimpleData>
        </SchemaData>
      </ExtendedData>
      <styleUrl>#style_red</styleUrl>
      <description>&lt;![CDATA[
            &lt;div style="font-family: sans-serif; max-width: 320px;"&gt;
                &lt;img src="https://imotstatic4.focus.bg/imot/photosimotbg/1/025//big/1j176952839504025_CK.jpg" style="width:100%; height:auto; max-height:220px; object-fit:cover; border-radius:6px; margin-bottom:12px;"/&gt;
                &lt;hr style="border:0; border-top:1px solid #ccc; margin:10px 0;"/&gt;
                &lt;p style="margin:4px 0;"&gt;&lt;b&gt;Matched:&lt;/b&gt; +панорама(+4), +двор(+4)&lt;/p&gt;
                &lt;p style="margin:4px 0;"&gt;&lt;b&gt;Penalties:&lt;/b&gt; None&lt;/p&gt;
                &lt;hr style="border:0; border-top:1px solid #ccc; margin:10px 0;"/&gt;
                &lt;p style="margin-top:6px; color:#444;"&gt;&lt;b&gt;Description:&lt;/b&gt;&lt;/p&gt;
                &lt;p style="color:#555; font-size:13px; line-height:1.4;"&gt;Агенция Бела Ви предлага за продажба къща в село Борнарево със ЗП-60 кв.м .Състои се от кухня,хол,спалня,баня която е изградена до входната врата на етажа.Има две мазета.Двор 600 кв.м,терасиран достъпа до имота на 20 м от главен път.На тихо място пос...&lt;/p&gt;
            &lt;/div&gt;
        ]]&gt;</description>
      <Point>
        <coordinates>22.931966,42.536327,0</coordinates>
      </Point>
    </Placemark>
    <Placemark>
      <name>Продава КЪЩА област Перник, с. Егълница Пчелина Обява: 1j177892062382954 (34 000 €)</name>
      <ExtendedData>
        <SchemaData schemaUrl="#PropertySchema">
          <SimpleData name="Price">34 000 €</SimpleData>
          <SimpleData name="Size">70 кв.м</SimpleData>
          <SimpleData name="URL">https://www.imot.bg/obiava-1j177892062382954-prodava-kashta-oblast-pernik-s-egalnitsa-pchelina</SimpleData>
        </SchemaData>
      </ExtendedData>
      <styleUrl>#style_red</styleUrl>
      <description>&lt;![CDATA[
            &lt;div style="font-family: sans-serif; max-width: 320px;"&gt;
                &lt;img src="https://imotstatic3.focus.bg/imot/photosimotbg/1/954//big/1j177892062382954_7k.jpg" style="width:100%; height:auto; max-height:220px; object-fit:cover; border-radius:6px; margin-bottom:12px;"/&gt;
                &lt;hr style="border:0; border-top:1px solid #ccc; margin:10px 0;"/&gt;
                &lt;p style="margin:4px 0;"&gt;&lt;b&gt;Matched:&lt;/b&gt; +ток(+10), +вода(+10), +целогодишен достъп(+12), +кладенец(+5), +двор(+4)&lt;/p&gt;
                &lt;p style="margin:4px 0;"&gt;&lt;b&gt;Penalties:&lt;/b&gt; гредоред(-20), за ремонт(-15)&lt;/p&gt;
                &lt;hr style="border:0; border-top:1px solid #ccc; margin:10px 0;"/&gt;
                &lt;p style="margin-top:6px; color:#444;"&gt;&lt;b&gt;Description:&lt;/b&gt;&lt;/p&gt;
                &lt;p style="color:#555; font-size:13px; line-height:1.4;"&gt;Къща гредоред в с.Егълница, обл.Перник. Къщата е на един етаж с РЗП 70 кв.м. и две мазета 40 кв.м с каменни основи Като разпределение: три стаи и коридор. Годината на построяване е около 1970 г. Сградата е за ремонт, като в цената влиза и 5 декара зе...&lt;/p&gt;
            &lt;/div&gt;
        ]]&gt;</description>
      <Point>
        <coordinates>22.854602,42.473644,0</coordinates>
      </Point>
    </Placemark>
    <Placemark>
      <name>Продава КЪЩА област Перник, с. Бохова Обява: 1j178298739130565 (30 000 €)</name>
      <ExtendedData>
        <SchemaData schemaUrl="#PropertySchema">
          <SimpleData name="Price">30 000 €</SimpleData>
          <SimpleData name="Size">120 кв.м</SimpleData>
          <SimpleData name="URL">https://www.imot.bg/obiava-1j178298739130565-prodava-kashta-oblast-pernik-s-bohova</SimpleData>
        </SchemaData>
      </ExtendedData>
      <styleUrl>#style_red</styleUrl>
      <description>&lt;![CDATA[
            &lt;div style="font-family: sans-serif; max-width: 320px;"&gt;
                &lt;img src="https://imotstatic4.focus.bg/imot/photosimotbg/1/565//big/1j178298739130565_K0.jpg" style="width:100%; height:auto; max-height:220px; object-fit:cover; border-radius:6px; margin-bottom:12px;"/&gt;
                &lt;hr style="border:0; border-top:1px solid #ccc; margin:10px 0;"/&gt;
                &lt;p style="margin:4px 0;"&gt;&lt;b&gt;Matched:&lt;/b&gt; +вода(+10), +канализация(+10)&lt;/p&gt;
                &lt;p style="margin:4px 0;"&gt;&lt;b&gt;Penalties:&lt;/b&gt; за ремонт(-15)&lt;/p&gt;
                &lt;hr style="border:0; border-top:1px solid #ccc; margin:10px 0;"/&gt;
                &lt;p style="margin-top:6px; color:#444;"&gt;&lt;b&gt;Description:&lt;/b&gt;&lt;/p&gt;
                &lt;p style="color:#555; font-size:13px; line-height:1.4;"&gt;ЕКИП недвижими имоти продава голяма, старинна къща на известен български майстор от времето на втората световна война. Къщата е построена в типичния за тогава стил, който днес набира популярност под името-'ЕКО къщи' и интересът към такъв вид строител...&lt;/p&gt;
            &lt;/div&gt;
        ]]&gt;</description>
      <Point>
        <coordinates>22.4953,42.76731,0</coordinates>
      </Point>
    </Placemark>
    <Placemark>
      <name>Продава КЪЩА област Перник, с. Косача Обява: 1j174153073188093 (48 572 €)</name>
      <ExtendedData>
        <SchemaData schemaUrl="#PropertySchema">
          <SimpleData name="Price">48 572 €</SimpleData>
          <SimpleData name="Size">40 кв.м</SimpleData>
          <SimpleData name="URL">https://www.imot.bg/obiava-1j174153073188093-prodava-kashta-oblast-pernik-s-kosacha</SimpleData>
        </SchemaData>
      </ExtendedData>
      <styleUrl>#style_red</styleUrl>
      <description>&lt;![CDATA[
            &lt;div style="font-family: sans-serif; max-width: 320px;"&gt;
                &lt;img src="https://imotstatic2.focus.bg/imot/photosimotbg/1/093//big/1j174153073188093_Hn.jpg" style="width:100%; height:auto; max-height:220px; object-fit:cover; border-radius:6px; margin-bottom:12px;"/&gt;
                &lt;hr style="border:0; border-top:1px solid #ccc; margin:10px 0;"/&gt;
                &lt;p style="margin:4px 0;"&gt;&lt;b&gt;Matched:&lt;/b&gt; +ток(+10), +вода(+10)&lt;/p&gt;
                &lt;p style="margin:4px 0;"&gt;&lt;b&gt;Penalties:&lt;/b&gt; за ремонт(-15)&lt;/p&gt;
                &lt;hr style="border:0; border-top:1px solid #ccc; margin:10px 0;"/&gt;
                &lt;p style="margin-top:6px; color:#444;"&gt;&lt;b&gt;Description:&lt;/b&gt;&lt;/p&gt;
                &lt;p style="color:#555; font-size:13px; line-height:1.4;"&gt;Агенция Бела Ви  предлага  за продажба  малка къща  подходяща за целогодишно живеене и за вила в село Косача. Застроена площ 40 кв.м тухла ,плоча на два етажа  с вътрешни  стълби с по две стаи на етаж  ,помещение за баня,мазе.Къщата е за ремонт .Ток,...&lt;/p&gt;
            &lt;/div&gt;
        ]]&gt;</description>
      <Point>
        <coordinates>22.848248,42.565366,0</coordinates>
      </Point>
    </Placemark>
    <Placemark>
      <name>Продава КЪЩА област Перник, с. Стефаново Обява: 1j174334854501695 (47 000 €)</name>
      <ExtendedData>
        <SchemaData schemaUrl="#PropertySchema">
          <SimpleData name="Price">47 000 €</SimpleData>
          <SimpleData name="Size">60 кв.м</SimpleData>
          <SimpleData name="URL">https://www.imot.bg/obiava-1j174334854501695-prodava-kashta-oblast-pernik-s-stefanovo</SimpleData>
        </SchemaData>
      </ExtendedData>
      <styleUrl>#style_red</styleUrl>
      <description>&lt;![CDATA[
            &lt;div style="font-family: sans-serif; max-width: 320px;"&gt;
                &lt;img src="https://cdn3.focus.bg/imot/photosimotbg/1/695//big/1j174334854501695_Bb.jpg" style="width:100%; height:auto; max-height:220px; object-fit:cover; border-radius:6px; margin-bottom:12px;"/&gt;
                &lt;hr style="border:0; border-top:1px solid #ccc; margin:10px 0;"/&gt;
                &lt;p style="margin:4px 0;"&gt;&lt;b&gt;Matched:&lt;/b&gt; +ток(+10), +вода(+10)&lt;/p&gt;
                &lt;p style="margin:4px 0;"&gt;&lt;b&gt;Penalties:&lt;/b&gt; за ремонт(-15)&lt;/p&gt;
                &lt;hr style="border:0; border-top:1px solid #ccc; margin:10px 0;"/&gt;
                &lt;p style="margin-top:6px; color:#444;"&gt;&lt;b&gt;Description:&lt;/b&gt;&lt;/p&gt;
                &lt;p style="color:#555; font-size:13px; line-height:1.4;"&gt;Агенция Тангра пропъртис продава къща с дворно място в село Стефаново,област Перник. Къщата е стара и е за ремонт и укрепване . ЗП от 60 кв.м изградена в Урегулиран поземлен имот с площ от 550 кв.м Активни партиди за вода и ток. За тази и други оферт...&lt;/p&gt;
            &lt;/div&gt;
        ]]&gt;</description>
      <Point>
        <coordinates>23.024467,42.485064,0</coordinates>
      </Point>
    </Placemark>
    <Placemark>
      <name>Продава КЪЩА област Перник, с. Ярловци Обява: 1j175567938808880 (45 000 €)</name>
      <ExtendedData>
        <SchemaData schemaUrl="#PropertySchema">
          <SimpleData name="Price">45 000 €</SimpleData>
          <SimpleData name="Size">286 кв.м</SimpleData>
          <SimpleData name="URL">https://www.imot.bg/obiava-1j175567938808880-prodava-kashta-oblast-pernik-s-yarlovtsi</SimpleData>
        </SchemaData>
      </ExtendedData>
      <styleUrl>#style_red</styleUrl>
      <description>&lt;![CDATA[
            &lt;div style="font-family: sans-serif; max-width: 320px;"&gt;
                &lt;img src="https://imotstatic4.focus.bg/imot/photosimotbg/1/880//big/1j175567938808880_lN.jpg" style="width:100%; height:auto; max-height:220px; object-fit:cover; border-radius:6px; margin-bottom:12px;"/&gt;
                &lt;hr style="border:0; border-top:1px solid #ccc; margin:10px 0;"/&gt;
                &lt;p style="margin:4px 0;"&gt;&lt;b&gt;Matched:&lt;/b&gt; +кладенец(+5)&lt;/p&gt;
                &lt;p style="margin:4px 0;"&gt;&lt;b&gt;Penalties:&lt;/b&gt; None&lt;/p&gt;
                &lt;hr style="border:0; border-top:1px solid #ccc; margin:10px 0;"/&gt;
                &lt;p style="margin-top:6px; color:#444;"&gt;&lt;b&gt;Description:&lt;/b&gt;&lt;/p&gt;
                &lt;p style="color:#555; font-size:13px; line-height:1.4;"&gt;Представяме Ви масивна срада /бивше училище/ състояща се от 6 помещения ,санитарен възел и изба. Имота е подходящ за направата на хоспис за възрастни хора,или да се реновира и направи къща за гости.В близост до язовир Ярловци. Двора е равен и има изг...&lt;/p&gt;
            &lt;/div&gt;
        ]]&gt;</description>
      <Point>
        <coordinates>22.55476,42.805503,0</coordinates>
      </Point>
    </Placemark>
    <Placemark>
      <name>Продава КЪЩА област Перник, с. Лобош Обява: 1j178264174483515 (48 000 €)</name>
      <ExtendedData>
        <SchemaData schemaUrl="#PropertySchema">
          <SimpleData name="Price">48 000 €</SimpleData>
          <SimpleData name="Size">150 кв.м</SimpleData>
          <SimpleData name="URL">https://www.imot.bg/obiava-1j178264174483515-prodava-kashta-oblast-pernik-s-lobosh</SimpleData>
        </SchemaData>
      </ExtendedData>
      <styleUrl>#style_red</styleUrl>
      <description>&lt;![CDATA[
            &lt;div style="font-family: sans-serif; max-width: 320px;"&gt;
                &lt;img src="https://imotstatic2.focus.bg/imot/photosimotbg/1/515//big/1j178264174483515_HK.jpg" style="width:100%; height:auto; max-height:220px; object-fit:cover; border-radius:6px; margin-bottom:12px;"/&gt;
                &lt;hr style="border:0; border-top:1px solid #ccc; margin:10px 0;"/&gt;
                &lt;p style="margin:4px 0;"&gt;&lt;b&gt;Matched:&lt;/b&gt; +двор(+4)&lt;/p&gt;
                &lt;p style="margin:4px 0;"&gt;&lt;b&gt;Penalties:&lt;/b&gt; None&lt;/p&gt;
                &lt;hr style="border:0; border-top:1px solid #ccc; margin:10px 0;"/&gt;
                &lt;p style="margin-top:6px; color:#444;"&gt;&lt;b&gt;Description:&lt;/b&gt;&lt;/p&gt;
                &lt;p style="color:#555; font-size:13px; line-height:1.4;"&gt;Агенция Тангра пропъртис предлага КЪЩА С ПАНОРАМНА ГЛЕДКА  В с. ЛОБОШ   СПОКОЙСТВИЕ, ПРИРОДА И ЧИСТ ВЪЗДУХ Предлагаме Ви чудесен имот в едно от най-живописните села в област Перник   с. Лобош, известно с близостта си с  язовир Лобош (Пчелина), природ...&lt;/p&gt;
            &lt;/div&gt;
        ]]&gt;</description>
      <Point>
        <coordinates>22.813108,42.504709,0</coordinates>
      </Point>
    </Placemark>
    <Placemark>
      <name>Продава КЪЩА област Перник, гр. Земен Обява: 1j176207310245777 (33 500 €)</name>
      <ExtendedData>
        <SchemaData schemaUrl="#PropertySchema">
          <SimpleData name="Price">33 500 €</SimpleData>
          <SimpleData name="Size">45 кв.м</SimpleData>
          <SimpleData name="URL">https://www.imot.bg/obiava-1j176207310245777-prodava-kashta-oblast-pernik-gr-zemen</SimpleData>
        </SchemaData>
      </ExtendedData>
      <styleUrl>#style_red</styleUrl>
      <description>&lt;![CDATA[
            &lt;div style="font-family: sans-serif; max-width: 320px;"&gt;
                &lt;img src="https://cdn3.focus.bg/imot/photosimotbg/1/777//big/1j176207310245777_MX.jpg" style="width:100%; height:auto; max-height:220px; object-fit:cover; border-radius:6px; margin-bottom:12px;"/&gt;
                &lt;hr style="border:0; border-top:1px solid #ccc; margin:10px 0;"/&gt;
                &lt;p style="margin:4px 0;"&gt;&lt;b&gt;Matched:&lt;/b&gt; +панорама(+4)&lt;/p&gt;
                &lt;p style="margin:4px 0;"&gt;&lt;b&gt;Penalties:&lt;/b&gt; None&lt;/p&gt;
                &lt;hr style="border:0; border-top:1px solid #ccc; margin:10px 0;"/&gt;
                &lt;p style="margin-top:6px; color:#444;"&gt;&lt;b&gt;Description:&lt;/b&gt;&lt;/p&gt;
                &lt;p style="color:#555; font-size:13px; line-height:1.4;"&gt;🏡 Продавам имот с къща във вилната зона на гр. Земен   до Земенския манастир! Предлага се имот с площ от 400 кв.м, разположен във вилната зона на град Земен, само на 100 метра от Земенския манастир   една от най-значимите исторически и туристически з...&lt;/p&gt;
            &lt;/div&gt;
        ]]&gt;</description>
      <Point>
        <coordinates>22.750301,42.480312,0</coordinates>
      </Point>
    </Placemark>
    <Placemark>
      <name>Продава КЪЩА област Перник, с. Жабляно Обява: 1j178807142036166 (20 000 €)</name>
      <ExtendedData>
        <SchemaData schemaUrl="#PropertySchema">
          <SimpleData name="Price">20 000 €</SimpleData>
          <SimpleData name="Size">80 кв.м</SimpleData>
          <SimpleData name="URL">https://www.imot.bg/obiava-1j178807142036166-prodava-kashta-oblast-pernik-s-zhablyano</SimpleData>
        </SchemaData>
      </ExtendedData>
      <styleUrl>#style_red</styleUrl>
      <description>&lt;![CDATA[
            &lt;div style="font-family: sans-serif; max-width: 320px;"&gt;
                &lt;img src="https://imotstatic4.focus.bg/imot/photosimotbg/1/166//big/1j178807142036166_qM.jpg" style="width:100%; height:auto; max-height:220px; object-fit:cover; border-radius:6px; margin-bottom:12px;"/&gt;
                &lt;hr style="border:0; border-top:1px solid #ccc; margin:10px 0;"/&gt;
                &lt;p style="margin:4px 0;"&gt;&lt;b&gt;Matched:&lt;/b&gt; +двор(+4)&lt;/p&gt;
                &lt;p style="margin:4px 0;"&gt;&lt;b&gt;Penalties:&lt;/b&gt; None&lt;/p&gt;
                &lt;hr style="border:0; border-top:1px solid #ccc; margin:10px 0;"/&gt;
                &lt;p style="margin-top:6px; color:#444;"&gt;&lt;b&gt;Description:&lt;/b&gt;&lt;/p&gt;
                &lt;p style="color:#555; font-size:13px; line-height:1.4;"&gt;Двуетажна къща . С 3 дк. двор. Със собствен водоизточник. Сред природата . Обзаведена....&lt;/p&gt;
            &lt;/div&gt;
        ]]&gt;</description>
      <Point>
        <coordinates>22.78635,42.49333,0</coordinates>
      </Point>
    </Placemark>
    <Placemark>
      <name>Продава КЪЩА област Перник, с. Касилаг Обява: 1j178594223871391 (35 000 €)</name>
      <ExtendedData>
        <SchemaData schemaUrl="#PropertySchema">
          <SimpleData name="Price">35 000 €</SimpleData>
          <SimpleData name="Size">55 кв.м</SimpleData>
          <SimpleData name="URL">https://www.imot.bg/obiava-1j178594223871391-prodava-kashta-oblast-pernik-s-kasilag</SimpleData>
        </SchemaData>
      </ExtendedData>
      <styleUrl>#style_red</styleUrl>
      <description>&lt;![CDATA[
            &lt;div style="font-family: sans-serif; max-width: 320px;"&gt;
                &lt;img src="https://imotstatic3.focus.bg/imot/photosimotbg/1/391//big/1j178594223871391_WA.jpg" style="width:100%; height:auto; max-height:220px; object-fit:cover; border-radius:6px; margin-bottom:12px;"/&gt;
                &lt;hr style="border:0; border-top:1px solid #ccc; margin:10px 0;"/&gt;
                &lt;p style="margin:4px 0;"&gt;&lt;b&gt;Matched:&lt;/b&gt; +двор(+4)&lt;/p&gt;
                &lt;p style="margin:4px 0;"&gt;&lt;b&gt;Penalties:&lt;/b&gt; None&lt;/p&gt;
                &lt;hr style="border:0; border-top:1px solid #ccc; margin:10px 0;"/&gt;
                &lt;p style="margin-top:6px; color:#444;"&gt;&lt;b&gt;Description:&lt;/b&gt;&lt;/p&gt;
                &lt;p style="color:#555; font-size:13px; line-height:1.4;"&gt;Агенция SUPRIMMO: www.suprimmo.bg Предлагаме за продажба имот с отличен потенциал, разположен в тихото и живописно село Касилаг, само на 35 40 минути от София. Районът се отличава с чист въздух, спокойна среда и красива природа, което го прави подход...&lt;/p&gt;
            &lt;/div&gt;
        ]]&gt;</description>
      <Point>
        <coordinates>22.974952,42.42109,0</coordinates>
      </Point>
    </Placemark>
    <Placemark>
      <name>Продава КЪЩА област Перник, с. Еловдол Обява: 1j177071690773257 (45 000 €)</name>
      <ExtendedData>
        <SchemaData schemaUrl="#PropertySchema">
          <SimpleData name="Price">45 000 €</SimpleData>
          <SimpleData name="Size">83 кв.м</SimpleData>
          <SimpleData name="URL">https://www.imot.bg/obiava-1j177071690773257-prodava-kashta-oblast-pernik-s-elovdol</SimpleData>
        </SchemaData>
      </ExtendedData>
      <styleUrl>#style_red</styleUrl>
      <description>&lt;![CDATA[
            &lt;div style="font-family: sans-serif; max-width: 320px;"&gt;
                &lt;img src="https://imotstatic1.focus.bg/imot/photosimotbg/1/257//big/1j177071690773257_kW.jpg" style="width:100%; height:auto; max-height:220px; object-fit:cover; border-radius:6px; margin-bottom:12px;"/&gt;
                &lt;hr style="border:0; border-top:1px solid #ccc; margin:10px 0;"/&gt;
                &lt;p style="margin:4px 0;"&gt;&lt;b&gt;Matched:&lt;/b&gt; +двор(+4)&lt;/p&gt;
                &lt;p style="margin:4px 0;"&gt;&lt;b&gt;Penalties:&lt;/b&gt; None&lt;/p&gt;
                &lt;hr style="border:0; border-top:1px solid #ccc; margin:10px 0;"/&gt;
                &lt;p style="margin-top:6px; color:#444;"&gt;&lt;b&gt;Description:&lt;/b&gt;&lt;/p&gt;
                &lt;p style="color:#555; font-size:13px; line-height:1.4;"&gt;Къща с голям двор и панорамна гледка само на крачка от града! Агенция  Бела Ви  предлага за продажба триетажна къща в с.Еловдол , обл. Перник   идеално място за хора, които търсят спокойствие, чист въздух и бягство от шума на града. ? Къщата е със за...&lt;/p&gt;
            &lt;/div&gt;
        ]]&gt;</description>
      <Point>
        <coordinates>22.74498,42.622102,0</coordinates>
      </Point>
    </Placemark>
    <Placemark>
      <name>Продава КЪЩА област Перник, с. Лобош Обява: 1j178549900902534 (35 000 €)</name>
      <ExtendedData>
        <SchemaData schemaUrl="#PropertySchema">
          <SimpleData name="Price">35 000 €</SimpleData>
          <SimpleData name="Size">100 кв.м</SimpleData>
          <SimpleData name="URL">https://www.imot.bg/obiava-1j178549900902534-prodava-kashta-oblast-pernik-s-lobosh</SimpleData>
        </SchemaData>
      </ExtendedData>
      <styleUrl>#style_red</styleUrl>
      <description>&lt;![CDATA[
            &lt;div style="font-family: sans-serif; max-width: 320px;"&gt;
                &lt;img src="https://imotstatic2.focus.bg/imot/photosimotbg/1/534//big/1j178549900902534_P3.jpg" style="width:100%; height:auto; max-height:220px; object-fit:cover; border-radius:6px; margin-bottom:12px;"/&gt;
                &lt;hr style="border:0; border-top:1px solid #ccc; margin:10px 0;"/&gt;
                &lt;p style="margin:4px 0;"&gt;&lt;b&gt;Matched:&lt;/b&gt; +ток(+10), +вода(+10), +двор(+4)&lt;/p&gt;
                &lt;p style="margin:4px 0;"&gt;&lt;b&gt;Penalties:&lt;/b&gt; гредоред(-20)&lt;/p&gt;
                &lt;hr style="border:0; border-top:1px solid #ccc; margin:10px 0;"/&gt;
                &lt;p style="margin-top:6px; color:#444;"&gt;&lt;b&gt;Description:&lt;/b&gt;&lt;/p&gt;
                &lt;p style="color:#555; font-size:13px; line-height:1.4;"&gt;Агенция Тангра пропъртис продава: Къща с панорамна гледка до борова гора в с. Лобош   автентичен имот с голям потенциал Предлагаме за продажба имот, разположен във високата част на с. Лобош, община Ковачевци   район, известен с красивата природа, чис...&lt;/p&gt;
            &lt;/div&gt;
        ]]&gt;</description>
      <Point>
        <coordinates>22.813195,42.50509,0</coordinates>
      </Point>
    </Placemark>
    <Placemark>
      <name>Продава ВИЛА област Перник, с. Калище Обява: 1k176821401105214 (45 000 €)</name>
      <ExtendedData>
        <SchemaData schemaUrl="#PropertySchema">
          <SimpleData name="Price">45 000 €</SimpleData>
          <SimpleData name="Size">70 кв.м</SimpleData>
          <SimpleData name="URL">https://www.imot.bg/obiava-1k176821401105214-prodava-vila-oblast-pernik-s-kalishte</SimpleData>
        </SchemaData>
      </ExtendedData>
      <styleUrl>#style_red</styleUrl>
      <description>&lt;![CDATA[
            &lt;div style="font-family: sans-serif; max-width: 320px;"&gt;
                &lt;img src="https://imotstatic2.focus.bg/imot/photosimotbg/1/214//big/1k176821401105214_t0.jpg" style="width:100%; height:auto; max-height:220px; object-fit:cover; border-radius:6px; margin-bottom:12px;"/&gt;
                &lt;hr style="border:0; border-top:1px solid #ccc; margin:10px 0;"/&gt;
                &lt;p style="margin:4px 0;"&gt;&lt;b&gt;Matched:&lt;/b&gt; +двор(+4)&lt;/p&gt;
                &lt;p style="margin:4px 0;"&gt;&lt;b&gt;Penalties:&lt;/b&gt; None&lt;/p&gt;
                &lt;hr style="border:0; border-top:1px solid #ccc; margin:10px 0;"/&gt;
                &lt;p style="margin-top:6px; color:#444;"&gt;&lt;b&gt;Description:&lt;/b&gt;&lt;/p&gt;
                &lt;p style="color:#555; font-size:13px; line-height:1.4;"&gt;Имотът се намира в с. Калище- в планински район на 1 километър от язовир  Пчелина , на 606 м надморска височина. Отстои на 9 км южно от Ковачевци. Голям двор с правилна форма-южен, слънчев, с построена в него масивна жилищна сграда с РЗП=70 кв.м, на ...&lt;/p&gt;
            &lt;/div&gt;
        ]]&gt;</description>
      <Point>
        <coordinates>22.832237,42.488356,0</coordinates>
      </Point>
    </Placemark>
    <Placemark>
      <name>Продава КЪЩА област Перник, с. Стайчовци Обява: 1j175363192636795 (35 000 €)</name>
      <ExtendedData>
        <SchemaData schemaUrl="#PropertySchema">
          <SimpleData name="Price">35 000 €</SimpleData>
          <SimpleData name="Size">60 кв.м</SimpleData>
          <SimpleData name="URL">https://www.imot.bg/obiava-1j175363192636795-prodava-kashta-oblast-pernik-s-staychovtsi</SimpleData>
        </SchemaData>
      </ExtendedData>
      <styleUrl>#style_red</styleUrl>
      <description>&lt;![CDATA[
            &lt;div style="font-family: sans-serif; max-width: 320px;"&gt;
                &lt;img src="https://imotstatic4.focus.bg/imot/photosimotbg/1/795//big/1j175363192636795_fS.jpg" style="width:100%; height:auto; max-height:220px; object-fit:cover; border-radius:6px; margin-bottom:12px;"/&gt;
                &lt;hr style="border:0; border-top:1px solid #ccc; margin:10px 0;"/&gt;
                &lt;p style="margin:4px 0;"&gt;&lt;b&gt;Matched:&lt;/b&gt; +двор(+4)&lt;/p&gt;
                &lt;p style="margin:4px 0;"&gt;&lt;b&gt;Penalties:&lt;/b&gt; None&lt;/p&gt;
                &lt;hr style="border:0; border-top:1px solid #ccc; margin:10px 0;"/&gt;
                &lt;p style="margin-top:6px; color:#444;"&gt;&lt;b&gt;Description:&lt;/b&gt;&lt;/p&gt;
                &lt;p style="color:#555; font-size:13px; line-height:1.4;"&gt;Едноетажна полумасивна жилищна сграда с площ от 40 кв.м, заедно с едноетажна стопанска сграда с площ от 20 кв.м в село Стайковци, община Трън, заедно с двор с площ от141 кв.м. Село Стайчовци е село в Западна България Област: област Перник Община: общ...&lt;/p&gt;
            &lt;/div&gt;
        ]]&gt;</description>
      <Point>
        <coordinates>22.5373739,42.7613243,0</coordinates>
      </Point>
    </Placemark>
    <Placemark>
      <name>Продава ВИЛА област Перник, с. Негованци Обява: 1k177781609526240 (43 999 €)</name>
      <ExtendedData>
        <SchemaData schemaUrl="#PropertySchema">
          <SimpleData name="Price">43 999 €</SimpleData>
          <SimpleData name="Size">86 кв.м</SimpleData>
          <SimpleData name="URL">https://www.imot.bg/obiava-1k177781609526240-prodava-vila-oblast-pernik-s-negovantsi</SimpleData>
        </SchemaData>
      </ExtendedData>
      <styleUrl>#style_red</styleUrl>
      <description>&lt;![CDATA[
            &lt;div style="font-family: sans-serif; max-width: 320px;"&gt;
                &lt;img src="https://imotstatic3.focus.bg/imot/photosimotbg/1/240//big/1k177781609526240_dV.jpg" style="width:100%; height:auto; max-height:220px; object-fit:cover; border-radius:6px; margin-bottom:12px;"/&gt;
                &lt;hr style="border:0; border-top:1px solid #ccc; margin:10px 0;"/&gt;
                &lt;p style="margin:4px 0;"&gt;&lt;b&gt;Matched:&lt;/b&gt; +вода(+10), +сонда(+5), +двор(+4)&lt;/p&gt;
                &lt;p style="margin:4px 0;"&gt;&lt;b&gt;Penalties:&lt;/b&gt; за ремонт(-15)&lt;/p&gt;
                &lt;hr style="border:0; border-top:1px solid #ccc; margin:10px 0;"/&gt;
                &lt;p style="margin-top:6px; color:#444;"&gt;&lt;b&gt;Description:&lt;/b&gt;&lt;/p&gt;
                &lt;p style="color:#555; font-size:13px; line-height:1.4;"&gt;Продава се самостоятелен урегулиран поземлен имот в с. Негованци, община Радомир. Площ: около 940 кв.мПарцелът е равен, с удобен достъп и разположен в обитаем район със съседи. Подходящ както за вила, така и за построяване на къща за постоянно живеен...&lt;/p&gt;
            &lt;/div&gt;
        ]]&gt;</description>
      <Point>
        <coordinates>22.948158,42.457668,0</coordinates>
      </Point>
    </Placemark>
    <Placemark>
      <name>Продава КЪЩА област Перник, с. Калище Обява: 1j174292121585970 (34 990 €)</name>
      <ExtendedData>
        <SchemaData schemaUrl="#PropertySchema">
          <SimpleData name="Price">34 990 €</SimpleData>
          <SimpleData name="Size">82 кв.м</SimpleData>
          <SimpleData name="URL">https://www.imot.bg/obiava-1j174292121585970-prodava-kashta-oblast-pernik-s-kalishte</SimpleData>
        </SchemaData>
      </ExtendedData>
      <styleUrl>#style_red</styleUrl>
      <description>&lt;![CDATA[
            &lt;div style="font-family: sans-serif; max-width: 320px;"&gt;
                &lt;img src="https://imotstatic3.focus.bg/imot/photosimotbg/1/970//big/1j174292121585970_e4.jpg" style="width:100%; height:auto; max-height:220px; object-fit:cover; border-radius:6px; margin-bottom:12px;"/&gt;
                &lt;hr style="border:0; border-top:1px solid #ccc; margin:10px 0;"/&gt;
                &lt;p style="margin:4px 0;"&gt;&lt;b&gt;Matched:&lt;/b&gt; +целогодишен достъп(+12), +двор(+4)&lt;/p&gt;
                &lt;p style="margin:4px 0;"&gt;&lt;b&gt;Penalties:&lt;/b&gt; за ремонт(-15)&lt;/p&gt;
                &lt;hr style="border:0; border-top:1px solid #ccc; margin:10px 0;"/&gt;
                &lt;p style="margin-top:6px; color:#444;"&gt;&lt;b&gt;Description:&lt;/b&gt;&lt;/p&gt;
                &lt;p style="color:#555; font-size:13px; line-height:1.4;"&gt;Калище e село в Западна България,община с.Ковачевци,на 37км.от гр.Перник и 60км.от гр.София и е в планински район.Селото е от пръснат тип селища, множеството му махали са разположени из най-южните възвишения на планината Черна гора и по северните пре...&lt;/p&gt;
            &lt;/div&gt;
        ]]&gt;</description>
      <Point>
        <coordinates>22.831993,42.488662,0</coordinates>
      </Point>
    </Placemark>
    <Placemark>
      <name>Продава КЪЩА област Перник, с. Врабча Обява: 1j177919884345857 (50 000 €)</name>
      <ExtendedData>
        <SchemaData schemaUrl="#PropertySchema">
          <SimpleData name="Price">50 000 €</SimpleData>
          <SimpleData name="Size">150 кв.м</SimpleData>
          <SimpleData name="URL">https://www.imot.bg/obiava-1j177919884345857-prodava-kashta-oblast-pernik-s-vrabcha</SimpleData>
        </SchemaData>
      </ExtendedData>
      <styleUrl>#style_red</styleUrl>
      <description>&lt;![CDATA[
            &lt;div style="font-family: sans-serif; max-width: 320px;"&gt;
                &lt;img src="https://imotstatic2.focus.bg/imot/photosimotbg/1/857//big/1j177919884345857_pu.jpg" style="width:100%; height:auto; max-height:220px; object-fit:cover; border-radius:6px; margin-bottom:12px;"/&gt;
                &lt;hr style="border:0; border-top:1px solid #ccc; margin:10px 0;"/&gt;
                &lt;p style="margin:4px 0;"&gt;&lt;b&gt;Matched:&lt;/b&gt; None&lt;/p&gt;
                &lt;p style="margin:4px 0;"&gt;&lt;b&gt;Penalties:&lt;/b&gt; None&lt;/p&gt;
                &lt;hr style="border:0; border-top:1px solid #ccc; margin:10px 0;"/&gt;
                &lt;p style="margin-top:6px; color:#444;"&gt;&lt;b&gt;Description:&lt;/b&gt;&lt;/p&gt;
                &lt;p style="color:#555; font-size:13px; line-height:1.4;"&gt;Агенция SUPRIMMO: www.suprimmo.bg Представяме Ви масивна триетажна къща с отличен потенциал, разположена в едно от най-живописните и спокойни места в района на гр. Трън   с. Врабча. Само на около час път от София, имотът предлага тишина, чист въздух ...&lt;/p&gt;
            &lt;/div&gt;
        ]]&gt;</description>
      <Point>
        <coordinates>22.7050873,42.8661131,0</coordinates>
      </Point>
    </Placemark>
    <Placemark>
      <name>Продава КЪЩА област Перник, гр. Батановци Обява: 1j177469856220762 (25 000 €)</name>
      <ExtendedData>
        <SchemaData schemaUrl="#PropertySchema">
          <SimpleData name="Price">25 000 €</SimpleData>
          <SimpleData name="Size">45 кв.м</SimpleData>
          <SimpleData name="URL">https://www.imot.bg/obiava-1j177469856220762-prodava-kashta-oblast-pernik-gr-batanovtsi</SimpleData>
        </SchemaData>
      </ExtendedData>
      <styleUrl>#style_red</styleUrl>
      <description>&lt;![CDATA[
            &lt;div style="font-family: sans-serif; max-width: 320px;"&gt;
                &lt;img src="https://imotstatic1.focus.bg/imot/photosimotbg/1/762//big/1j177469856220762_36.jpg" style="width:100%; height:auto; max-height:220px; object-fit:cover; border-radius:6px; margin-bottom:12px;"/&gt;
                &lt;hr style="border:0; border-top:1px solid #ccc; margin:10px 0;"/&gt;
                &lt;p style="margin:4px 0;"&gt;&lt;b&gt;Matched:&lt;/b&gt; None&lt;/p&gt;
                &lt;p style="margin:4px 0;"&gt;&lt;b&gt;Penalties:&lt;/b&gt; None&lt;/p&gt;
                &lt;hr style="border:0; border-top:1px solid #ccc; margin:10px 0;"/&gt;
                &lt;p style="margin-top:6px; color:#444;"&gt;&lt;b&gt;Description:&lt;/b&gt;&lt;/p&gt;
                &lt;p style="color:#555; font-size:13px; line-height:1.4;"&gt;РИМАР 95- https://rimar95.bg/ Ви предлага къщи тип слобяеми от стоманена конструкция изграждаме я във ВАШ СОБСТВЕН ПАРЦЕЛ ЗАПОЧНЕТЕ ПРОЕКТА СИ СЕГА   най-доброто време за проектиране и подготовка. ЦЕНИ ОТ 500 евро до 950 евро в зависимост от квадрату...&lt;/p&gt;
            &lt;/div&gt;
        ]]&gt;</description>
      <Point>
        <coordinates>22.955263,42.600196,0</coordinates>
      </Point>
    </Placemark>
    <Placemark>
      <name>Продава КЪЩА област Перник, с. Големо Бучино Обява: 1j177495532884128 (25 000 €)</name>
      <ExtendedData>
        <SchemaData schemaUrl="#PropertySchema">
          <SimpleData name="Price">25 000 €</SimpleData>
          <SimpleData name="Size">45 кв.м</SimpleData>
          <SimpleData name="URL">https://www.imot.bg/obiava-1j177495532884128-prodava-kashta-oblast-pernik-s-golemo-buchino</SimpleData>
        </SchemaData>
      </ExtendedData>
      <styleUrl>#style_red</styleUrl>
      <description>&lt;![CDATA[
            &lt;div style="font-family: sans-serif; max-width: 320px;"&gt;
                &lt;img src="https://imotstatic4.focus.bg/imot/photosimotbg/1/128//big/1j177495532884128_n3.jpg" style="width:100%; height:auto; max-height:220px; object-fit:cover; border-radius:6px; margin-bottom:12px;"/&gt;
                &lt;hr style="border:0; border-top:1px solid #ccc; margin:10px 0;"/&gt;
                &lt;p style="margin:4px 0;"&gt;&lt;b&gt;Matched:&lt;/b&gt; None&lt;/p&gt;
                &lt;p style="margin:4px 0;"&gt;&lt;b&gt;Penalties:&lt;/b&gt; None&lt;/p&gt;
                &lt;hr style="border:0; border-top:1px solid #ccc; margin:10px 0;"/&gt;
                &lt;p style="margin-top:6px; color:#444;"&gt;&lt;b&gt;Description:&lt;/b&gt;&lt;/p&gt;
                &lt;p style="color:#555; font-size:13px; line-height:1.4;"&gt;РИМАР 95- https://rimar95.bg/ Ви предлага къщи тип слобяеми от стоманена конструкция изграждаме я във ВАШ СОБСТВЕН ПАРЦЕЛ ЗАПОЧНЕТЕ ПРОЕКТА СИ СЕГА   най-доброто време за проектиране и подготовка. ЦЕНИ ОТ 500 евро до 950 евро в зависимост от квадрату...&lt;/p&gt;
            &lt;/div&gt;
        ]]&gt;</description>
      <Point>
        <coordinates>23.11976,42.63418,0</coordinates>
      </Point>
    </Placemark>
    <Placemark>
      <name>Продава КЪЩА област Перник, с. Еловдол Център Обява: 1j157364645641738 (22 000 €)</name>
      <ExtendedData>
        <SchemaData schemaUrl="#PropertySchema">
          <SimpleData name="Price">22 000 €</SimpleData>
          <SimpleData name="Size">290 кв.м</SimpleData>
          <SimpleData name="URL">https://www.imot.bg/obiava-1j157364645641738-prodava-kashta-oblast-pernik-s-elovdol-tsentar</SimpleData>
        </SchemaData>
      </ExtendedData>
      <styleUrl>#style_red</styleUrl>
      <description>&lt;![CDATA[
            &lt;div style="font-family: sans-serif; max-width: 320px;"&gt;
                &lt;img src="https://cdn3.focus.bg/imot/photosimotbg/1/738//big/1j157364645641738_rh.jpg" style="width:100%; height:auto; max-height:220px; object-fit:cover; border-radius:6px; margin-bottom:12px;"/&gt;
                &lt;hr style="border:0; border-top:1px solid #ccc; margin:10px 0;"/&gt;
                &lt;p style="margin:4px 0;"&gt;&lt;b&gt;Matched:&lt;/b&gt; None&lt;/p&gt;
                &lt;p style="margin:4px 0;"&gt;&lt;b&gt;Penalties:&lt;/b&gt; None&lt;/p&gt;
                &lt;hr style="border:0; border-top:1px solid #ccc; margin:10px 0;"/&gt;
                &lt;p style="margin-top:6px; color:#444;"&gt;&lt;b&gt;Description:&lt;/b&gt;&lt;/p&gt;
                &lt;p style="color:#555; font-size:13px; line-height:1.4;"&gt;Частна обява! 0879409990 Продават се без комисионна Две къщи (едната е на два етажа 150кв.м , с другата е 60кв.м ) заедно с  с дворното място 640кв.м в който са построени... Има и  допълнителни сгради в с.Еловдол, (снимките са илюстративни) за повече...&lt;/p&gt;
            &lt;/div&gt;
        ]]&gt;</description>
      <Point>
        <coordinates>22.744201,42.622102,0</coordinates>
      </Point>
    </Placemark>
    <Placemark>
      <name>Продава КЪЩА област Перник, с. Горна Мелна Обява: 1j178402529310343 (45 000 €)</name>
      <ExtendedData>
        <SchemaData schemaUrl="#PropertySchema">
          <SimpleData name="Price">45 000 €</SimpleData>
          <SimpleData name="Size">60 кв.м</SimpleData>
          <SimpleData name="URL">https://www.imot.bg/obiava-1j178402529310343-prodava-kashta-oblast-pernik-s-gorna-melna</SimpleData>
        </SchemaData>
      </ExtendedData>
      <styleUrl>#style_red</styleUrl>
      <description>&lt;![CDATA[
            &lt;div style="font-family: sans-serif; max-width: 320px;"&gt;
                &lt;img src="https://imotstatic2.focus.bg/imot/photosimotbg/1/343//big/1j178402529310343_2U.jpg" style="width:100%; height:auto; max-height:220px; object-fit:cover; border-radius:6px; margin-bottom:12px;"/&gt;
                &lt;hr style="border:0; border-top:1px solid #ccc; margin:10px 0;"/&gt;
                &lt;p style="margin:4px 0;"&gt;&lt;b&gt;Matched:&lt;/b&gt; None&lt;/p&gt;
                &lt;p style="margin:4px 0;"&gt;&lt;b&gt;Penalties:&lt;/b&gt; None&lt;/p&gt;
                &lt;hr style="border:0; border-top:1px solid #ccc; margin:10px 0;"/&gt;
                &lt;p style="margin-top:6px; color:#444;"&gt;&lt;b&gt;Description:&lt;/b&gt;&lt;/p&gt;
                &lt;p style="color:#555; font-size:13px; line-height:1.4;"&gt;ЕРА Фаворит продава ексклузивно дворно място с малка тухлена къща в с. Горна Мелна, общ. Трън. Дворът е с площ 300 кв.м., а къщата е масивна постройка със застроена площ 30 кв.м. и РЗП 60 кв.м. Разпределението е следното: Първи етаж: дневна с кухненс...&lt;/p&gt;
            &lt;/div&gt;
        ]]&gt;</description>
      <Point>
        <coordinates>22.5131335,42.7284149,0</coordinates>
      </Point>
    </Placemark>
    <Placemark>
      <name>Продава КЪЩА област Перник, с. Ковачевци махала Ляшкова Обява: 1j178151897528012 (25 000 €)</name>
      <ExtendedData>
        <SchemaData schemaUrl="#PropertySchema">
          <SimpleData name="Price">25 000 €</SimpleData>
          <SimpleData name="Size">50 кв.м</SimpleData>
          <SimpleData name="URL">https://www.imot.bg/obiava-1j178151897528012-prodava-kashta-oblast-pernik-s-kovachevtsi-mahala-lyashkova</SimpleData>
        </SchemaData>
      </ExtendedData>
      <styleUrl>#style_red</styleUrl>
      <description>&lt;![CDATA[
            &lt;div style="font-family: sans-serif; max-width: 320px;"&gt;
                &lt;img src="https://imotstatic2.focus.bg/imot/photosimotbg/1/012//big/1j178151897528012_a5.jpg" style="width:100%; height:auto; max-height:220px; object-fit:cover; border-radius:6px; margin-bottom:12px;"/&gt;
                &lt;hr style="border:0; border-top:1px solid #ccc; margin:10px 0;"/&gt;
                &lt;p style="margin:4px 0;"&gt;&lt;b&gt;Matched:&lt;/b&gt; None&lt;/p&gt;
                &lt;p style="margin:4px 0;"&gt;&lt;b&gt;Penalties:&lt;/b&gt; None&lt;/p&gt;
                &lt;hr style="border:0; border-top:1px solid #ccc; margin:10px 0;"/&gt;
                &lt;p style="margin-top:6px; color:#444;"&gt;&lt;b&gt;Description:&lt;/b&gt;&lt;/p&gt;
                &lt;p style="color:#555; font-size:13px; line-height:1.4;"&gt;Агенция Бела Ви предлага за продажба стара къща с ЗП -  50 кв.м състояща се от две големи стаи и помещение за баня и дворно място 1000 кв.м с денивелация.Село Ковачевци се намира на 30км от гр. Перник и 60км от гр.София и посредством перфектно поддър...&lt;/p&gt;
            &lt;/div&gt;
        ]]&gt;</description>
      <Point>
        <coordinates>22.818661,42.556092,0</coordinates>
      </Point>
    </Placemark>
    <Placemark>
      <name>Продава КЪЩА област Перник, с. Долна Секирна Обява: 1j176286429045746 (40 000 €)</name>
      <ExtendedData>
        <SchemaData schemaUrl="#PropertySchema">
          <SimpleData name="Price">40 000 €</SimpleData>
          <SimpleData name="Size">59 кв.м</SimpleData>
          <SimpleData name="URL">https://www.imot.bg/obiava-1j176286429045746-prodava-kashta-oblast-pernik-s-dolna-sekirna</SimpleData>
        </SchemaData>
      </ExtendedData>
      <styleUrl>#style_red</styleUrl>
      <description>&lt;![CDATA[
            &lt;div style="font-family: sans-serif; max-width: 320px;"&gt;
                &lt;img src="https://imotstatic1.focus.bg/imot/photosimotbg/1/746//big/1j176286429045746_9m.jpg" style="width:100%; height:auto; max-height:220px; object-fit:cover; border-radius:6px; margin-bottom:12px;"/&gt;
                &lt;hr style="border:0; border-top:1px solid #ccc; margin:10px 0;"/&gt;
                &lt;p style="margin:4px 0;"&gt;&lt;b&gt;Matched:&lt;/b&gt; None&lt;/p&gt;
                &lt;p style="margin:4px 0;"&gt;&lt;b&gt;Penalties:&lt;/b&gt; None&lt;/p&gt;
                &lt;hr style="border:0; border-top:1px solid #ccc; margin:10px 0;"/&gt;
                &lt;p style="margin-top:6px; color:#444;"&gt;&lt;b&gt;Description:&lt;/b&gt;&lt;/p&gt;
                &lt;p style="color:#555; font-size:13px; line-height:1.4;"&gt;Дворно място от 1024 квадратни метра с начин на трайно ползване  ЖИЛИЩНА ТЕРИТОРИЯ, заедно с построените в същото масивна жилищна сграда със застроена площ 45 квадратни метра НА 2 ЕТАЖА и масивна жилищна сграда със застроена площ 14 квадратни метра. ...&lt;/p&gt;
            &lt;/div&gt;
        ]]&gt;</description>
      <Point>
        <coordinates>22.725327,42.672095,0</coordinates>
      </Point>
    </Placemark>
    <Placemark>
      <name>Продава КЪЩА област Перник, с. Кондофрей Обява: 1j177692723867358 (30 000 €)</name>
      <ExtendedData>
        <SchemaData schemaUrl="#PropertySchema">
          <SimpleData name="Price">30 000 €</SimpleData>
          <SimpleData name="Size">90 кв.м</SimpleData>
          <SimpleData name="URL">https://www.imot.bg/obiava-1j177692723867358-prodava-kashta-oblast-pernik-s-kondofrey</SimpleData>
        </SchemaData>
      </ExtendedData>
      <styleUrl>#style_red</styleUrl>
      <description>&lt;![CDATA[
            &lt;div style="font-family: sans-serif; max-width: 320px;"&gt;
                &lt;img src="https://imotstatic1.focus.bg/imot/photosimotbg/1/358//big/1j177692723867358_vR.jpg" style="width:100%; height:auto; max-height:220px; object-fit:cover; border-radius:6px; margin-bottom:12px;"/&gt;
                &lt;hr style="border:0; border-top:1px solid #ccc; margin:10px 0;"/&gt;
                &lt;p style="margin:4px 0;"&gt;&lt;b&gt;Matched:&lt;/b&gt; None&lt;/p&gt;
                &lt;p style="margin:4px 0;"&gt;&lt;b&gt;Penalties:&lt;/b&gt; None&lt;/p&gt;
                &lt;hr style="border:0; border-top:1px solid #ccc; margin:10px 0;"/&gt;
                &lt;p style="margin-top:6px; color:#444;"&gt;&lt;b&gt;Description:&lt;/b&gt;&lt;/p&gt;
                &lt;p style="color:#555; font-size:13px; line-height:1.4;"&gt;Къща с парцел с голямо лице на главната улица в селото.С възможост за закупуване и на съседен парцел.Къщата е узаконена и с готови документи за сделка.За повече инфо и оглди-ТЕЛ. 0889504369...&lt;/p&gt;
            &lt;/div&gt;
        ]]&gt;</description>
      <Point>
        <coordinates>23.005362,42.427301,0</coordinates>
      </Point>
    </Placemark>
    <Placemark>
      <name>Продава КЪЩА област Перник, с. Негованци Обява: 1j173322472157852 (48 572.73 €)</name>
      <ExtendedData>
        <SchemaData schemaUrl="#PropertySchema">
          <SimpleData name="Price">48 572.73 €</SimpleData>
          <SimpleData name="Size">140 кв.м</SimpleData>
          <SimpleData name="URL">https://www.imot.bg/obiava-1j173322472157852-prodava-kashta-oblast-pernik-s-negovantsi</SimpleData>
        </SchemaData>
      </ExtendedData>
      <styleUrl>#style_red</styleUrl>
      <description>&lt;![CDATA[
            &lt;div style="font-family: sans-serif; max-width: 320px;"&gt;
                
                &lt;hr style="border:0; border-top:1px solid #ccc; margin:10px 0;"/&gt;
                &lt;p style="margin:4px 0;"&gt;&lt;b&gt;Matched:&lt;/b&gt; None&lt;/p&gt;
                &lt;p style="margin:4px 0;"&gt;&lt;b&gt;Penalties:&lt;/b&gt; None&lt;/p&gt;
                &lt;hr style="border:0; border-top:1px solid #ccc; margin:10px 0;"/&gt;
                &lt;p style="margin-top:6px; color:#444;"&gt;&lt;b&gt;Description:&lt;/b&gt;&lt;/p&gt;
                &lt;p style="color:#555; font-size:13px; line-height:1.4;"&gt;Продавам масивна, монолитна къща на два етажа построена в УПИ с площ от 980кв.м. в едно със стопанска постройка. Къщата се намира в близост до центъра на селото, наоколо има постоянно живущи съседи.Терена е равен, ограден, облагороден. Къщата се съст...&lt;/p&gt;
            &lt;/div&gt;
        ]]&gt;</description>
      <Point>
        <coordinates>22.947379,42.457668,0</coordinates>
      </Point>
    </Placemark>
    <Placemark>
      <name>Продава КЪЩА област Перник, с. Поцърненци Обява: 1j172129422484657 (29 000 €)</name>
      <ExtendedData>
        <SchemaData schemaUrl="#PropertySchema">
          <SimpleData name="Price">29 000 €</SimpleData>
          <SimpleData name="Size">160 кв.м</SimpleData>
          <SimpleData name="URL">https://www.imot.bg/obiava-1j172129422484657-prodava-kashta-oblast-pernik-s-potsarnentsi</SimpleData>
        </SchemaData>
      </ExtendedData>
      <styleUrl>#style_red</styleUrl>
      <description>&lt;![CDATA[
            &lt;div style="font-family: sans-serif; max-width: 320px;"&gt;
                &lt;img src="https://imotstatic2.focus.bg/imot/photosimotbg/1/657//big/1j172129422484657_Ni.jpg" style="width:100%; height:auto; max-height:220px; object-fit:cover; border-radius:6px; margin-bottom:12px;"/&gt;
                &lt;hr style="border:0; border-top:1px solid #ccc; margin:10px 0;"/&gt;
                &lt;p style="margin:4px 0;"&gt;&lt;b&gt;Matched:&lt;/b&gt; None&lt;/p&gt;
                &lt;p style="margin:4px 0;"&gt;&lt;b&gt;Penalties:&lt;/b&gt; None&lt;/p&gt;
                &lt;hr style="border:0; border-top:1px solid #ccc; margin:10px 0;"/&gt;
                &lt;p style="margin-top:6px; color:#444;"&gt;&lt;b&gt;Description:&lt;/b&gt;&lt;/p&gt;
                &lt;p style="color:#555; font-size:13px; line-height:1.4;"&gt;С Опция за Нов проект - 156000 EUR За повече инфо се свържете: [email protected]...&lt;/p&gt;
            &lt;/div&gt;
        ]]&gt;</description>
      <Point>
        <coordinates>22.888055,42.491733,0</coordinates>
      </Point>
    </Placemark>
    <Placemark>
      <name>Продава КЪЩА област Перник, с. Конска Обява: 1j124850026309301 (32 000 €)</name>
      <ExtendedData>
        <SchemaData schemaUrl="#PropertySchema">
          <SimpleData name="Price">32 000 €</SimpleData>
          <SimpleData name="Size">80 кв.м</SimpleData>
          <SimpleData name="URL">https://www.imot.bg/obiava-1j124850026309301-prodava-kashta-oblast-pernik-s-konska</SimpleData>
        </SchemaData>
      </ExtendedData>
      <styleUrl>#style_red</styleUrl>
      <description>&lt;![CDATA[
            &lt;div style="font-family: sans-serif; max-width: 320px;"&gt;
                &lt;img src="https://imotstatic4.focus.bg/imot/photosimotbg/1/301//big/1j124850026309301_9b.jpg" style="width:100%; height:auto; max-height:220px; object-fit:cover; border-radius:6px; margin-bottom:12px;"/&gt;
                &lt;hr style="border:0; border-top:1px solid #ccc; margin:10px 0;"/&gt;
                &lt;p style="margin:4px 0;"&gt;&lt;b&gt;Matched:&lt;/b&gt; +ток(+10), +вода(+10)&lt;/p&gt;
                &lt;p style="margin:4px 0;"&gt;&lt;b&gt;Penalties:&lt;/b&gt; гредоред(-20)&lt;/p&gt;
                &lt;hr style="border:0; border-top:1px solid #ccc; margin:10px 0;"/&gt;
                &lt;p style="margin-top:6px; color:#444;"&gt;&lt;b&gt;Description:&lt;/b&gt;&lt;/p&gt;
                &lt;p style="color:#555; font-size:13px; line-height:1.4;"&gt;Отличен имот УПИ до центъра на селото с ток и вода, асфалтов достъп. В имота има стара къща - гредоред и стари стопански постройки, които трудно може да бъдат реновирани. Изрядни документи за собственост. За повече информация, моля позвънете на 08934...&lt;/p&gt;
            &lt;/div&gt;
        ]]&gt;</description>
      <Point>
        <coordinates>22.845222,42.733338,0</coordinates>
      </Point>
    </Placemark>
    <Placemark>
      <name>Продава КЪЩА област Перник, с. Ноевци Обява: 1j177469822905302 (45 000 €)</name>
      <ExtendedData>
        <SchemaData schemaUrl="#PropertySchema">
          <SimpleData name="Price">45 000 €</SimpleData>
          <SimpleData name="Size">50 кв.м</SimpleData>
          <SimpleData name="URL">https://www.imot.bg/obiava-1j177469822905302-prodava-kashta-oblast-pernik-s-noevtsi</SimpleData>
        </SchemaData>
      </ExtendedData>
      <styleUrl>#style_red</styleUrl>
      <description>&lt;![CDATA[
            &lt;div style="font-family: sans-serif; max-width: 320px;"&gt;
                &lt;img src="https://imotstatic3.focus.bg/imot/photosimotbg/1/302//big/1j177469822905302_o7.jpg" style="width:100%; height:auto; max-height:220px; object-fit:cover; border-radius:6px; margin-bottom:12px;"/&gt;
                &lt;hr style="border:0; border-top:1px solid #ccc; margin:10px 0;"/&gt;
                &lt;p style="margin:4px 0;"&gt;&lt;b&gt;Matched:&lt;/b&gt; None&lt;/p&gt;
                &lt;p style="margin:4px 0;"&gt;&lt;b&gt;Penalties:&lt;/b&gt; None&lt;/p&gt;
                &lt;hr style="border:0; border-top:1px solid #ccc; margin:10px 0;"/&gt;
                &lt;p style="margin-top:6px; color:#444;"&gt;&lt;b&gt;Description:&lt;/b&gt;&lt;/p&gt;
                &lt;p style="color:#555; font-size:13px; line-height:1.4;"&gt;РИМАР 95 ИЗКЛЮЧИТЕЛЕН ПРЕДСТАВИТЕЛ ЗА БЪЛГАРИЯ https://rimar95.bg/Ви предлага къщи тип слобяеми от стоманена конструкция, квадратури от 36 - 270 кв.м., външни стени с дебелина от 17 до 25 см. взависиост от конструкцията.с  каменна вата, завършени до ...&lt;/p&gt;
            &lt;/div&gt;
        ]]&gt;</description>
      <Point>
        <coordinates>22.873872,42.67521,0</coordinates>
      </Point>
    </Placemark>
    <Placemark>
      <name>Продава КЪЩА област Перник, с. Радибош Обява: 1j177523330781943 (48 000 €)</name>
      <ExtendedData>
        <SchemaData schemaUrl="#PropertySchema">
          <SimpleData name="Price">48 000 €</SimpleData>
          <SimpleData name="Size">89 кв.м</SimpleData>
          <SimpleData name="URL">https://www.imot.bg/obiava-1j177523330781943-prodava-kashta-oblast-pernik-s-radibosh</SimpleData>
        </SchemaData>
      </ExtendedData>
      <styleUrl>#style_red</styleUrl>
      <description>&lt;![CDATA[
            &lt;div style="font-family: sans-serif; max-width: 320px;"&gt;
                &lt;img src="https://imotstatic1.focus.bg/imot/photosimotbg/1/943//big/1j177523330781943_w3.jpg" style="width:100%; height:auto; max-height:220px; object-fit:cover; border-radius:6px; margin-bottom:12px;"/&gt;
                &lt;hr style="border:0; border-top:1px solid #ccc; margin:10px 0;"/&gt;
                &lt;p style="margin:4px 0;"&gt;&lt;b&gt;Matched:&lt;/b&gt; None&lt;/p&gt;
                &lt;p style="margin:4px 0;"&gt;&lt;b&gt;Penalties:&lt;/b&gt; None&lt;/p&gt;
                &lt;hr style="border:0; border-top:1px solid #ccc; margin:10px 0;"/&gt;
                &lt;p style="margin-top:6px; color:#444;"&gt;&lt;b&gt;Description:&lt;/b&gt;&lt;/p&gt;
                &lt;p style="color:#555; font-size:13px; line-height:1.4;"&gt;Агенция  Бела Ви  предлага за продажба вила в с. Радибош Предлагаме за продажба новопостроена вила, разположена в центъра на село Радибош   спокойно и живописно място с чист въздух и прекрасни гледки. Имотът е със застроена площ от 89 кв.м, разпредел...&lt;/p&gt;
            &lt;/div&gt;
        ]]&gt;</description>
      <Point>
        <coordinates>22.86412,42.55046,0</coordinates>
      </Point>
    </Placemark>
    <Placemark>
      <name>Продава КЪЩА област Перник, с. Лева река Обява: 1j178775862391724 (25 000 €)</name>
      <ExtendedData>
        <SchemaData schemaUrl="#PropertySchema">
          <SimpleData name="Price">25 000 €</SimpleData>
          <SimpleData name="Size">75 кв.м</SimpleData>
          <SimpleData name="URL">https://www.imot.bg/obiava-1j178775862391724-prodava-kashta-oblast-pernik-s-leva-reka</SimpleData>
        </SchemaData>
      </ExtendedData>
      <styleUrl>#style_red</styleUrl>
      <description>&lt;![CDATA[
            &lt;div style="font-family: sans-serif; max-width: 320px;"&gt;
                &lt;img src="https://imotstatic1.focus.bg/imot/photosimotbg/1/724//big/1j178775862391724_n6.jpg" style="width:100%; height:auto; max-height:220px; object-fit:cover; border-radius:6px; margin-bottom:12px;"/&gt;
                &lt;hr style="border:0; border-top:1px solid #ccc; margin:10px 0;"/&gt;
                &lt;p style="margin:4px 0;"&gt;&lt;b&gt;Matched:&lt;/b&gt; None&lt;/p&gt;
                &lt;p style="margin:4px 0;"&gt;&lt;b&gt;Penalties:&lt;/b&gt; None&lt;/p&gt;
                &lt;hr style="border:0; border-top:1px solid #ccc; margin:10px 0;"/&gt;
                &lt;p style="margin-top:6px; color:#444;"&gt;&lt;b&gt;Description:&lt;/b&gt;&lt;/p&gt;
                &lt;p style="color:#555; font-size:13px; line-height:1.4;"&gt;Продава се масивна къща тухла/плоча, на 2 етажа, разположена в живописното и спокойно село Лева река (община Трън). Имотът е изключително подходящ както за целогодишно живеене, така за уикенд вила за бягство от градския шум. Къщата е със застроена пл...&lt;/p&gt;
            &lt;/div&gt;
        ]]&gt;</description>
      <Point>
        <coordinates>22.576652,42.668831,0</coordinates>
      </Point>
    </Placemark>
    <Placemark>
      <name>Продава ВИЛА област Перник, с. Калище Калишки дол Обява: 1k176098218875625 (18 000 €)</name>
      <ExtendedData>
        <SchemaData schemaUrl="#PropertySchema">
          <SimpleData name="Price">18 000 €</SimpleData>
          <SimpleData name="Size">34 кв.м</SimpleData>
          <SimpleData name="URL">https://www.imot.bg/obiava-1k176098218875625-prodava-vila-oblast-pernik-s-kalishte-kalishki-dol</SimpleData>
        </SchemaData>
      </ExtendedData>
      <styleUrl>#style_red</styleUrl>
      <description>&lt;![CDATA[
            &lt;div style="font-family: sans-serif; max-width: 320px;"&gt;
                &lt;img src="https://imotstatic1.focus.bg/imot/photosimotbg/1/625//big/1k176098218875625_hk.jpg" style="width:100%; height:auto; max-height:220px; object-fit:cover; border-radius:6px; margin-bottom:12px;"/&gt;
                &lt;hr style="border:0; border-top:1px solid #ccc; margin:10px 0;"/&gt;
                &lt;p style="margin:4px 0;"&gt;&lt;b&gt;Matched:&lt;/b&gt; +ток(+10), +кладенец(+5)&lt;/p&gt;
                &lt;p style="margin:4px 0;"&gt;&lt;b&gt;Penalties:&lt;/b&gt; за ремонт(-15)&lt;/p&gt;
                &lt;hr style="border:0; border-top:1px solid #ccc; margin:10px 0;"/&gt;
                &lt;p style="margin-top:6px; color:#444;"&gt;&lt;b&gt;Description:&lt;/b&gt;&lt;/p&gt;
                &lt;p style="color:#555; font-size:13px; line-height:1.4;"&gt;Агенция Тангра пропъртис продава ВИЛА в село Калище ,общ.Ковачевци . Вилата е на един етаж със застроена площ от 34 кв.м ,разположена в дворно място с площ от 1300 кв.м. Равно и с достъп по асфалтов път .Разполага с общо три помещения и веранда . Пар...&lt;/p&gt;
            &lt;/div&gt;
        ]]&gt;</description>
      <Point>
        <coordinates>22.83208,42.489042,0</coordinates>
      </Point>
    </Placemark>
    <Placemark>
      <name>Продава КЪЩА област Перник, с. Стефаново Обява: 1j175395246775983 (50 000 €)</name>
      <ExtendedData>
        <SchemaData schemaUrl="#PropertySchema">
          <SimpleData name="Price">50 000 €</SimpleData>
          <SimpleData name="Size">30 кв.м</SimpleData>
          <SimpleData name="URL">https://www.imot.bg/obiava-1j175395246775983-prodava-kashta-oblast-pernik-s-stefanovo</SimpleData>
        </SchemaData>
      </ExtendedData>
      <styleUrl>#style_red</styleUrl>
      <description>&lt;![CDATA[
            &lt;div style="font-family: sans-serif; max-width: 320px;"&gt;
                &lt;img src="https://imotstatic3.focus.bg/imot/photosimotbg/1/983//big/1j175395246775983_or.jpg" style="width:100%; height:auto; max-height:220px; object-fit:cover; border-radius:6px; margin-bottom:12px;"/&gt;
                &lt;hr style="border:0; border-top:1px solid #ccc; margin:10px 0;"/&gt;
                &lt;p style="margin:4px 0;"&gt;&lt;b&gt;Matched:&lt;/b&gt; None&lt;/p&gt;
                &lt;p style="margin:4px 0;"&gt;&lt;b&gt;Penalties:&lt;/b&gt; None&lt;/p&gt;
                &lt;hr style="border:0; border-top:1px solid #ccc; margin:10px 0;"/&gt;
                &lt;p style="margin-top:6px; color:#444;"&gt;&lt;b&gt;Description:&lt;/b&gt;&lt;/p&gt;
                &lt;p style="color:#555; font-size:13px; line-height:1.4;"&gt;Aгенция БЕЛА ВИ предлага къща в с.Стефаново със застроена площ 30кв.м ,конструктивно здрава с дворно място от 900 кв.м на тихо и спокойно място.Къщата има следното разположение първи  етаж две стай ,на втори една стая ....&lt;/p&gt;
            &lt;/div&gt;
        ]]&gt;</description>
      <Point>
        <coordinates>23.024917,42.484614,0</coordinates>
      </Point>
    </Placemark>
    <Placemark>
      <name>Продава КЪЩА област Перник, с. Сирищник Обява: 1j174843119541618 (22 496 €)</name>
      <ExtendedData>
        <SchemaData schemaUrl="#PropertySchema">
          <SimpleData name="Price">22 496 €</SimpleData>
          <SimpleData name="Size">26 кв.м</SimpleData>
          <SimpleData name="URL">https://www.imot.bg/obiava-1j174843119541618-prodava-kashta-oblast-pernik-s-sirishtnik</SimpleData>
        </SchemaData>
      </ExtendedData>
      <styleUrl>#style_red</styleUrl>
      <description>&lt;![CDATA[
            &lt;div style="font-family: sans-serif; max-width: 320px;"&gt;
                &lt;img src="https://imotstatic1.focus.bg/imot/photosimotbg/1/618//big/1j174843119541618_zp.jpg" style="width:100%; height:auto; max-height:220px; object-fit:cover; border-radius:6px; margin-bottom:12px;"/&gt;
                &lt;hr style="border:0; border-top:1px solid #ccc; margin:10px 0;"/&gt;
                &lt;p style="margin:4px 0;"&gt;&lt;b&gt;Matched:&lt;/b&gt; +ток(+10), +вода(+10)&lt;/p&gt;
                &lt;p style="margin:4px 0;"&gt;&lt;b&gt;Penalties:&lt;/b&gt; гредоред(-20)&lt;/p&gt;
                &lt;hr style="border:0; border-top:1px solid #ccc; margin:10px 0;"/&gt;
                &lt;p style="margin-top:6px; color:#444;"&gt;&lt;b&gt;Description:&lt;/b&gt;&lt;/p&gt;
                &lt;p style="color:#555; font-size:13px; line-height:1.4;"&gt;Агенция Бела Ви продава поземлен имот от 730 кв.м. с къща 26кв.м. в с. Сирищник, общ. Радомир.Къщата  е гредоред и се систои от две стаи и коридор. Парцелът се намира близо до центъра.Има партиди за ток и вода.  Достъпът е по асфалтов път и около 30 ...&lt;/p&gt;
            &lt;/div&gt;
        ]]&gt;</description>
      <Point>
        <coordinates>22.80185,42.56904,0</coordinates>
      </Point>
    </Placemark>
    <Placemark>
      <name>Продава КЪЩА област Перник, с. Станьовци Обява: 1j178647976035239 (41 900 €)</name>
      <ExtendedData>
        <SchemaData schemaUrl="#PropertySchema">
          <SimpleData name="Price">41 900 €</SimpleData>
          <SimpleData name="Size">130 кв.м</SimpleData>
          <SimpleData name="URL">https://www.imot.bg/obiava-1j178647976035239-prodava-kashta-oblast-pernik-s-stanyovtsi</SimpleData>
        </SchemaData>
      </ExtendedData>
      <styleUrl>#style_red</styleUrl>
      <description>&lt;![CDATA[
            &lt;div style="font-family: sans-serif; max-width: 320px;"&gt;
                &lt;img src="https://imotstatic3.focus.bg/imot/photosimotbg/1/239//big/1j178647976035239_xb.jpg" style="width:100%; height:auto; max-height:220px; object-fit:cover; border-radius:6px; margin-bottom:12px;"/&gt;
                &lt;hr style="border:0; border-top:1px solid #ccc; margin:10px 0;"/&gt;
                &lt;p style="margin:4px 0;"&gt;&lt;b&gt;Matched:&lt;/b&gt; None&lt;/p&gt;
                &lt;p style="margin:4px 0;"&gt;&lt;b&gt;Penalties:&lt;/b&gt; None&lt;/p&gt;
                &lt;hr style="border:0; border-top:1px solid #ccc; margin:10px 0;"/&gt;
                &lt;p style="margin-top:6px; color:#444;"&gt;&lt;b&gt;Description:&lt;/b&gt;&lt;/p&gt;
                &lt;p style="color:#555; font-size:13px; line-height:1.4;"&gt;ID на имота: RP21832 Риълти Партнърс продава дворно място УПИ 780 кв.м, с построена в него двуетажна масивна къща (вила) с РЗП 130 кв.м., със следното разпределение: * сутерен антре, килер, тоалетна и голямо мазе * ет. 1 просторна дневна на две нива ...&lt;/p&gt;
            &lt;/div&gt;
        ]]&gt;</description>
      <Point>
        <coordinates>22.733104,42.688355,0</coordinates>
      </Point>
    </Placemark>
    <Placemark>
      <name>Продава ВИЛА област Перник, с. Борнарево Пандзърски чифлик Обява: 1k174690683333015 (17 895.22 €)</name>
      <ExtendedData>
        <SchemaData schemaUrl="#PropertySchema">
          <SimpleData name="Price">17 895.22 €</SimpleData>
          <SimpleData name="Size">22 кв.м</SimpleData>
          <SimpleData name="URL">https://www.imot.bg/obiava-1k174690683333015-prodava-vila-oblast-pernik-s-bornarevo-pandzarski-chiflik</SimpleData>
        </SchemaData>
      </ExtendedData>
      <styleUrl>#style_red</styleUrl>
      <description>&lt;![CDATA[
            &lt;div style="font-family: sans-serif; max-width: 320px;"&gt;
                &lt;img src="https://cdn3.focus.bg/imot/photosimotbg/1/015//big/1k174690683333015_me.jpg" style="width:100%; height:auto; max-height:220px; object-fit:cover; border-radius:6px; margin-bottom:12px;"/&gt;
                &lt;hr style="border:0; border-top:1px solid #ccc; margin:10px 0;"/&gt;
                &lt;p style="margin:4px 0;"&gt;&lt;b&gt;Matched:&lt;/b&gt; None&lt;/p&gt;
                &lt;p style="margin:4px 0;"&gt;&lt;b&gt;Penalties:&lt;/b&gt; None&lt;/p&gt;
                &lt;hr style="border:0; border-top:1px solid #ccc; margin:10px 0;"/&gt;
                &lt;p style="margin-top:6px; color:#444;"&gt;&lt;b&gt;Description:&lt;/b&gt;&lt;/p&gt;
                &lt;p style="color:#555; font-size:13px; line-height:1.4;"&gt;Агенция Тангра пропъртис продава вила в с.Борнарево ,общ.Радомир. Вила с площ от 22кв.м. изградена в парцел с площ от 1000 кв.м. с лека денивелация със страхотна гледка към града. Достъп по черен път. За тази и други оферти в района не се колебайте д...&lt;/p&gt;
            &lt;/div&gt;
        ]]&gt;</description>
      <Point>
        <coordinates>22.932053,42.536708,0</coordinates>
      </Point>
    </Placemark>
    <Placemark>
      <name>Продава КЪЩА област Перник, с. Светля Обява: 1j178706131865059 (25 000 €)</name>
      <ExtendedData>
        <SchemaData schemaUrl="#PropertySchema">
          <SimpleData name="Price">25 000 €</SimpleData>
          <SimpleData name="Size">51 кв.м</SimpleData>
          <SimpleData name="URL">https://www.imot.bg/obiava-1j178706131865059-prodava-kashta-oblast-pernik-s-svetlya</SimpleData>
        </SchemaData>
      </ExtendedData>
      <styleUrl>#style_red</styleUrl>
      <description>&lt;![CDATA[
            &lt;div style="font-family: sans-serif; max-width: 320px;"&gt;
                &lt;img src="https://cdn3.focus.bg/imot/photosimotbg/1/059//big/1j178706131865059_JQ.jpg" style="width:100%; height:auto; max-height:220px; object-fit:cover; border-radius:6px; margin-bottom:12px;"/&gt;
                &lt;hr style="border:0; border-top:1px solid #ccc; margin:10px 0;"/&gt;
                &lt;p style="margin:4px 0;"&gt;&lt;b&gt;Matched:&lt;/b&gt; None&lt;/p&gt;
                &lt;p style="margin:4px 0;"&gt;&lt;b&gt;Penalties:&lt;/b&gt; None&lt;/p&gt;
                &lt;hr style="border:0; border-top:1px solid #ccc; margin:10px 0;"/&gt;
                &lt;p style="margin-top:6px; color:#444;"&gt;&lt;b&gt;Description:&lt;/b&gt;&lt;/p&gt;
                &lt;p style="color:#555; font-size:13px; line-height:1.4;"&gt;Продава къща директно от единствен  собственик- няма тежести в с Светля общ. Ковачевци на 60 км.от София и на 30 км. от Перник.ЗП 51 кв.м., РЗП 153 кв.м., парцел 525 кв.м.с плодни дървета. Състои се от две мазета, етаж - четири стаи и баня със старо ...&lt;/p&gt;
            &lt;/div&gt;
        ]]&gt;</description>
      <Point>
        <coordinates>22.798969,42.595193,0</coordinates>
      </Point>
    </Placemark>
    <Placemark>
      <name>Продава ВИЛА област Перник, с. Ярджиловци Обява: 1k178427383609327 (29 999 €)</name>
      <ExtendedData>
        <SchemaData schemaUrl="#PropertySchema">
          <SimpleData name="Price">29 999 €</SimpleData>
          <SimpleData name="Size">28 кв.м</SimpleData>
          <SimpleData name="URL">https://www.imot.bg/obiava-1k178427383609327-prodava-vila-oblast-pernik-s-yardzhilovtsi</SimpleData>
        </SchemaData>
      </ExtendedData>
      <styleUrl>#style_red</styleUrl>
      <description>&lt;![CDATA[
            &lt;div style="font-family: sans-serif; max-width: 320px;"&gt;
                &lt;img src="https://imotstatic1.focus.bg/imot/photosimotbg/1/327//big/1k178427383609327_Ah.jpg" style="width:100%; height:auto; max-height:220px; object-fit:cover; border-radius:6px; margin-bottom:12px;"/&gt;
                &lt;hr style="border:0; border-top:1px solid #ccc; margin:10px 0;"/&gt;
                &lt;p style="margin:4px 0;"&gt;&lt;b&gt;Matched:&lt;/b&gt; None&lt;/p&gt;
                &lt;p style="margin:4px 0;"&gt;&lt;b&gt;Penalties:&lt;/b&gt; None&lt;/p&gt;
                &lt;hr style="border:0; border-top:1px solid #ccc; margin:10px 0;"/&gt;
                &lt;p style="margin-top:6px; color:#444;"&gt;&lt;b&gt;Description:&lt;/b&gt;&lt;/p&gt;
                &lt;p style="color:#555; font-size:13px; line-height:1.4;"&gt;🔎 Epicenter Real Estate представя: ■  Парцел с бунгало в с. Ярджиловци   спокойствие, природа и отлична възможност за вашата бъдеща вила! ■  Предлагаме за продажба прекрасен имот в живописното село Ярджиловци, с площ от 848 кв.м, разположен на тихо и...&lt;/p&gt;
            &lt;/div&gt;
        ]]&gt;</description>
      <Point>
        <coordinates>22.942787,42.631942,0</coordinates>
      </Point>
    </Placemark>
    <Placemark>
      <name>Продава ВИЛА област Перник, с. Николаево Обява: 1k175317689869808 (44 482.39 €)</name>
      <ExtendedData>
        <SchemaData schemaUrl="#PropertySchema">
          <SimpleData name="Price">44 482.39 €</SimpleData>
          <SimpleData name="Size">1340 кв.м</SimpleData>
          <SimpleData name="URL">https://www.imot.bg/obiava-1k175317689869808-prodava-vila-oblast-pernik-s-nikolaevo</SimpleData>
        </SchemaData>
      </ExtendedData>
      <styleUrl>#style_red</styleUrl>
      <description>&lt;![CDATA[
            &lt;div style="font-family: sans-serif; max-width: 320px;"&gt;
                &lt;img src="https://imotstatic4.focus.bg/imot/photosimotbg/1/808//big/1k175317689869808_Cs.jpg" style="width:100%; height:auto; max-height:220px; object-fit:cover; border-radius:6px; margin-bottom:12px;"/&gt;
                &lt;hr style="border:0; border-top:1px solid #ccc; margin:10px 0;"/&gt;
                &lt;p style="margin:4px 0;"&gt;&lt;b&gt;Matched:&lt;/b&gt; None&lt;/p&gt;
                &lt;p style="margin:4px 0;"&gt;&lt;b&gt;Penalties:&lt;/b&gt; None&lt;/p&gt;
                &lt;hr style="border:0; border-top:1px solid #ccc; margin:10px 0;"/&gt;
                &lt;p style="margin-top:6px; color:#444;"&gt;&lt;b&gt;Description:&lt;/b&gt;&lt;/p&gt;
                &lt;p style="color:#555; font-size:13px; line-height:1.4;"&gt;ПРОДАВАМ ИМОТ НА 3 КМ. ОТ ГР. РАДОМИР НАМИРАЩ СЕ В С, НИКОЛАЕВО С ПЛОЩ ОТ 1500 КВ. М. МЯСТОТО Е ЗАГРАДЕНО ИМА ВИЛА С ИЗГЛЕД КЪМ ГРАДА И МЕСТНОСТТА ГОЛО БЪРДО, ЗАСАДЕНИ МНОГО ПЛОДНИ ДРЪВЧЕТА...&lt;/p&gt;
            &lt;/div&gt;
        ]]&gt;</description>
      <Point>
        <coordinates>22.93273,42.552335,0</coordinates>
      </Point>
    </Placemark>
    <Placemark>
      <name>Продава ВИЛА област Перник, с. Стефаново Дюлгерска махала Обява: 1k177910231492159 (50 000 €)</name>
      <ExtendedData>
        <SchemaData schemaUrl="#PropertySchema">
          <SimpleData name="Price">50 000 €</SimpleData>
          <SimpleData name="Size">20 кв.м</SimpleData>
          <SimpleData name="URL">https://www.imot.bg/obiava-1k177910231492159-prodava-vila-oblast-pernik-s-stefanovo-dyulgerska-mahala</SimpleData>
        </SchemaData>
      </ExtendedData>
      <styleUrl>#style_red</styleUrl>
      <description>&lt;![CDATA[
            &lt;div style="font-family: sans-serif; max-width: 320px;"&gt;
                &lt;img src="https://imotstatic3.focus.bg/imot/photosimotbg/1/159//big/1k177910231492159_IU.jpg" style="width:100%; height:auto; max-height:220px; object-fit:cover; border-radius:6px; margin-bottom:12px;"/&gt;
                &lt;hr style="border:0; border-top:1px solid #ccc; margin:10px 0;"/&gt;
                &lt;p style="margin:4px 0;"&gt;&lt;b&gt;Matched:&lt;/b&gt; +ток(+10), +двор(+4)&lt;/p&gt;
                &lt;p style="margin:4px 0;"&gt;&lt;b&gt;Penalties:&lt;/b&gt; за ремонт(-15)&lt;/p&gt;
                &lt;hr style="border:0; border-top:1px solid #ccc; margin:10px 0;"/&gt;
                &lt;p style="margin-top:6px; color:#444;"&gt;&lt;b&gt;Description:&lt;/b&gt;&lt;/p&gt;
                &lt;p style="color:#555; font-size:13px; line-height:1.4;"&gt;Агенция Тангра пропъртис продава ВИЛА в с. Стефаново, обл. Перник,общ.Радомир,махала Дюлгерска. Предлагаме за продажба двуетажна вила, разположена в спокойно и живописно село Стефаново, само на около 10  км от гр. Радомир и на приблизително 45  км от...&lt;/p&gt;
            &lt;/div&gt;
        ]]&gt;</description>
      <Point>
        <coordinates>23.024467,42.484164,0</coordinates>
      </Point>
    </Placemark>
    <Placemark>
      <name>Продава КЪЩА област Перник, с. Егълница Обява: 1j172720466192877 (34 000 €)</name>
      <ExtendedData>
        <SchemaData schemaUrl="#PropertySchema">
          <SimpleData name="Price">34 000 €</SimpleData>
          <SimpleData name="Size">60 кв.м</SimpleData>
          <SimpleData name="URL">https://www.imot.bg/obiava-1j172720466192877-prodava-kashta-oblast-pernik-s-egalnitsa</SimpleData>
        </SchemaData>
      </ExtendedData>
      <styleUrl>#style_red</styleUrl>
      <description>&lt;![CDATA[
            &lt;div style="font-family: sans-serif; max-width: 320px;"&gt;
                &lt;img src="https://cdn3.focus.bg/imot/photosimotbg/1/877//big/1j172720466192877_Hz.jpg" style="width:100%; height:auto; max-height:220px; object-fit:cover; border-radius:6px; margin-bottom:12px;"/&gt;
                &lt;hr style="border:0; border-top:1px solid #ccc; margin:10px 0;"/&gt;
                &lt;p style="margin:4px 0;"&gt;&lt;b&gt;Matched:&lt;/b&gt; +ток(+10), +вода(+10), +целогодишен достъп(+12)&lt;/p&gt;
                &lt;p style="margin:4px 0;"&gt;&lt;b&gt;Penalties:&lt;/b&gt; гредоред(-20), за ремонт(-15)&lt;/p&gt;
                &lt;hr style="border:0; border-top:1px solid #ccc; margin:10px 0;"/&gt;
                &lt;p style="margin-top:6px; color:#444;"&gt;&lt;b&gt;Description:&lt;/b&gt;&lt;/p&gt;
                &lt;p style="color:#555; font-size:13px; line-height:1.4;"&gt;Агенция Тангра пропъртис предлага на Вашето внимание къща гредоред  в с.Егълница ,общ.Радомир,обл.Перник.  Къщата е на един  етаж с РЗП 70 кв.м, и две мазета  40 кв.м с каменни основи Като разпределение : три  стаи и коридор . Годината на построяване...&lt;/p&gt;
            &lt;/div&gt;
        ]]&gt;</description>
      <Point>
        <coordinates>22.854152,42.474094,0</coordinates>
      </Point>
    </Placemark>
    <Placemark>
      <name>Продава КЪЩА област Перник, с. Расник Обява: 1j178533838679283 (40 000 €)</name>
      <ExtendedData>
        <SchemaData schemaUrl="#PropertySchema">
          <SimpleData name="Price">40 000 €</SimpleData>
          <SimpleData name="Size">66 кв.м</SimpleData>
          <SimpleData name="URL">https://www.imot.bg/obiava-1j178533838679283-prodava-kashta-oblast-pernik-s-rasnik</SimpleData>
        </SchemaData>
      </ExtendedData>
      <styleUrl>#style_red</styleUrl>
      <description>&lt;![CDATA[
            &lt;div style="font-family: sans-serif; max-width: 320px;"&gt;
                &lt;img src="https://imotstatic4.focus.bg/imot/photosimotbg/1/283//big/1j178533838679283_9P.jpg" style="width:100%; height:auto; max-height:220px; object-fit:cover; border-radius:6px; margin-bottom:12px;"/&gt;
                &lt;hr style="border:0; border-top:1px solid #ccc; margin:10px 0;"/&gt;
                &lt;p style="margin:4px 0;"&gt;&lt;b&gt;Matched:&lt;/b&gt; +целогодишен достъп(+12), +двор(+4)&lt;/p&gt;
                &lt;p style="margin:4px 0;"&gt;&lt;b&gt;Penalties:&lt;/b&gt; гредоред(-20)&lt;/p&gt;
                &lt;hr style="border:0; border-top:1px solid #ccc; margin:10px 0;"/&gt;
                &lt;p style="margin-top:6px; color:#444;"&gt;&lt;b&gt;Description:&lt;/b&gt;&lt;/p&gt;
                &lt;p style="color:#555; font-size:13px; line-height:1.4;"&gt;ID на имота: RP13913 Риълти Партнърс продава ексклузивно къща с равен двор в с. Расник, област Перник. Предлагаме имот с отличен потенциал, разположен в спокойно и предпочитано село само на кратко разстояние от гр. Перник и с удобен достъп до София. ...&lt;/p&gt;
            &lt;/div&gt;
        ]]&gt;</description>
      <Point>
        <coordinates>22.99771,42.701445,0</coordinates>
      </Point>
    </Placemark>
    <Placemark>
      <name>Продава КЪЩА област Перник, гр. Земен Обява: 1j178352946093273 (36 000 €)</name>
      <ExtendedData>
        <SchemaData schemaUrl="#PropertySchema">
          <SimpleData name="Price">36 000 €</SimpleData>
          <SimpleData name="Size">160 кв.м</SimpleData>
          <SimpleData name="URL">https://www.imot.bg/obiava-1j178352946093273-prodava-kashta-oblast-pernik-gr-zemen</SimpleData>
        </SchemaData>
      </ExtendedData>
      <styleUrl>#style_red</styleUrl>
      <description>&lt;![CDATA[
            &lt;div style="font-family: sans-serif; max-width: 320px;"&gt;
                &lt;img src="https://cdn3.focus.bg/imot/photosimotbg/1/273//big/1j178352946093273_Ao.jpg" style="width:100%; height:auto; max-height:220px; object-fit:cover; border-radius:6px; margin-bottom:12px;"/&gt;
                &lt;hr style="border:0; border-top:1px solid #ccc; margin:10px 0;"/&gt;
                &lt;p style="margin:4px 0;"&gt;&lt;b&gt;Matched:&lt;/b&gt; +ток(+10), +кладенец(+5)&lt;/p&gt;
                &lt;p style="margin:4px 0;"&gt;&lt;b&gt;Penalties:&lt;/b&gt; гредоред(-20)&lt;/p&gt;
                &lt;hr style="border:0; border-top:1px solid #ccc; margin:10px 0;"/&gt;
                &lt;p style="margin-top:6px; color:#444;"&gt;&lt;b&gt;Description:&lt;/b&gt;&lt;/p&gt;
                &lt;p style="color:#555; font-size:13px; line-height:1.4;"&gt;Агенция Тангра пропъртис продава  къща в гр. Земен, обл. Перник, на пешеходно разстояние от центъра и ЖП гарата! Имотът е с площ 460 кв.м и лице на три улици   отлична възможност за уютен дом или инвестиция. Разполага с двуетажна къща със РЗП 160  кв...&lt;/p&gt;
            &lt;/div&gt;
        ]]&gt;</description>
      <Point>
        <coordinates>22.750301,42.479412,0</coordinates>
      </Point>
    </Placemark>
    <Placemark>
      <name>Продава КЪЩА област Перник, с. Жедна Обява: 1j173687187017000 (19 940.38 €)</name>
      <ExtendedData>
        <SchemaData schemaUrl="#PropertySchema">
          <SimpleData name="Price">19 940.38 €</SimpleData>
          <SimpleData name="Size">42 кв.м</SimpleData>
          <SimpleData name="URL">https://www.imot.bg/obiava-1j173687187017000-prodava-kashta-oblast-pernik-s-zhedna</SimpleData>
        </SchemaData>
      </ExtendedData>
      <styleUrl>#style_red</styleUrl>
      <description>&lt;![CDATA[
            &lt;div style="font-family: sans-serif; max-width: 320px;"&gt;
                &lt;img src="https://cdn3.focus.bg/imot/photosimotbg/1/000//big/1j173687187017000_Va.jpg" style="width:100%; height:auto; max-height:220px; object-fit:cover; border-radius:6px; margin-bottom:12px;"/&gt;
                &lt;hr style="border:0; border-top:1px solid #ccc; margin:10px 0;"/&gt;
                &lt;p style="margin:4px 0;"&gt;&lt;b&gt;Matched:&lt;/b&gt; +ток(+10), +панорама(+4)&lt;/p&gt;
                &lt;p style="margin:4px 0;"&gt;&lt;b&gt;Penalties:&lt;/b&gt; гредоред(-20)&lt;/p&gt;
                &lt;hr style="border:0; border-top:1px solid #ccc; margin:10px 0;"/&gt;
                &lt;p style="margin-top:6px; color:#444;"&gt;&lt;b&gt;Description:&lt;/b&gt;&lt;/p&gt;
                &lt;p style="color:#555; font-size:13px; line-height:1.4;"&gt;Предлагаме на Вашето внимание стара тухлена къща от 1968г. (гредоред) за събаряне или основен ремонт, ситуирана в поземлен имот с площ от 1059 кв. метра. Имотът е ограден, с денивелация и от него се открива много хубава панорама към планината. До нег...&lt;/p&gt;
            &lt;/div&gt;
        ]]&gt;</description>
      <Point>
        <coordinates>22.9603346,42.4244735,0</coordinates>
      </Point>
    </Placemark>
    <Placemark>
      <name>Продава КЪЩА област Перник, с. Косача Обява: 1j175146810161763 (33 000 €)</name>
      <ExtendedData>
        <SchemaData schemaUrl="#PropertySchema">
          <SimpleData name="Price">33 000 €</SimpleData>
          <SimpleData name="Size">50 кв.м</SimpleData>
          <SimpleData name="URL">https://www.imot.bg/obiava-1j175146810161763-prodava-kashta-oblast-pernik-s-kosacha</SimpleData>
        </SchemaData>
      </ExtendedData>
      <styleUrl>#style_red</styleUrl>
      <description>&lt;![CDATA[
            &lt;div style="font-family: sans-serif; max-width: 320px;"&gt;
                &lt;img src="https://imotstatic1.focus.bg/imot/photosimotbg/1/763//big/1j175146810161763_Ux.jpg" style="width:100%; height:auto; max-height:220px; object-fit:cover; border-radius:6px; margin-bottom:12px;"/&gt;
                &lt;hr style="border:0; border-top:1px solid #ccc; margin:10px 0;"/&gt;
                &lt;p style="margin:4px 0;"&gt;&lt;b&gt;Matched:&lt;/b&gt; +ток(+10), +двор(+4)&lt;/p&gt;
                &lt;p style="margin:4px 0;"&gt;&lt;b&gt;Penalties:&lt;/b&gt; гредоред(-20)&lt;/p&gt;
                &lt;hr style="border:0; border-top:1px solid #ccc; margin:10px 0;"/&gt;
                &lt;p style="margin-top:6px; color:#444;"&gt;&lt;b&gt;Description:&lt;/b&gt;&lt;/p&gt;
                &lt;p style="color:#555; font-size:13px; line-height:1.4;"&gt;Тангра Пропъртис предлага за продажба самостоятелна стара къща с автентичен дух и потенциал за реновиране, разположена в едно от най-чистите места в България   село Косача, община Ковачевци. Имотът включва:?     Къща с гредоред, стабилна и запазена к...&lt;/p&gt;
            &lt;/div&gt;
        ]]&gt;</description>
      <Point>
        <coordinates>22.848248,42.564466,0</coordinates>
      </Point>
    </Placemark>
    <Placemark>
      <name>Продава КЪЩА област Перник, с. Лева река Обява: 1j178290654476973 (4 500 €)</name>
      <ExtendedData>
        <SchemaData schemaUrl="#PropertySchema">
          <SimpleData name="Price">4 500 €</SimpleData>
          <SimpleData name="Size">25 кв.м</SimpleData>
          <SimpleData name="URL">https://www.imot.bg/obiava-1j178290654476973-prodava-kashta-oblast-pernik-s-leva-reka</SimpleData>
        </SchemaData>
      </ExtendedData>
      <styleUrl>#style_red</styleUrl>
      <description>&lt;![CDATA[
            &lt;div style="font-family: sans-serif; max-width: 320px;"&gt;
                &lt;img src="https://imotstatic4.focus.bg/imot/photosimotbg/1/973//big/1j178290654476973_wE.jpg" style="width:100%; height:auto; max-height:220px; object-fit:cover; border-radius:6px; margin-bottom:12px;"/&gt;
                &lt;hr style="border:0; border-top:1px solid #ccc; margin:10px 0;"/&gt;
                &lt;p style="margin:4px 0;"&gt;&lt;b&gt;Matched:&lt;/b&gt; +кладенец(+5)&lt;/p&gt;
                &lt;p style="margin:4px 0;"&gt;&lt;b&gt;Penalties:&lt;/b&gt; за ремонт(-15)&lt;/p&gt;
                &lt;hr style="border:0; border-top:1px solid #ccc; margin:10px 0;"/&gt;
                &lt;p style="margin-top:6px; color:#444;"&gt;&lt;b&gt;Description:&lt;/b&gt;&lt;/p&gt;
                &lt;p style="color:#555; font-size:13px; line-height:1.4;"&gt;Къщата е за ремонт. Парцела е 168 кв.м., в двора има изграден кладенец. 0878185260 Кирилова...&lt;/p&gt;
            &lt;/div&gt;
        ]]&gt;</description>
      <Point>
        <coordinates>22.576652,42.667931,0</coordinates>
      </Point>
    </Placemark>
    <Placemark>
      <name>Продава КЪЩА област Перник, гр. Трън Обява: 1j174356804328333 (34 990 €)</name>
      <ExtendedData>
        <SchemaData schemaUrl="#PropertySchema">
          <SimpleData name="Price">34 990 €</SimpleData>
          <SimpleData name="Size">80 кв.м</SimpleData>
          <SimpleData name="URL">https://www.imot.bg/obiava-1j174356804328333-prodava-kashta-oblast-pernik-gr-tran</SimpleData>
        </SchemaData>
      </ExtendedData>
      <styleUrl>#style_red</styleUrl>
      <description>&lt;![CDATA[
            &lt;div style="font-family: sans-serif; max-width: 320px;"&gt;
                &lt;img src="https://imotstatic1.focus.bg/imot/photosimotbg/1/333//big/1j174356804328333_sq.jpg" style="width:100%; height:auto; max-height:220px; object-fit:cover; border-radius:6px; margin-bottom:12px;"/&gt;
                &lt;hr style="border:0; border-top:1px solid #ccc; margin:10px 0;"/&gt;
                &lt;p style="margin:4px 0;"&gt;&lt;b&gt;Matched:&lt;/b&gt; +вода(+10)&lt;/p&gt;
                &lt;p style="margin:4px 0;"&gt;&lt;b&gt;Penalties:&lt;/b&gt; гредоред(-20)&lt;/p&gt;
                &lt;hr style="border:0; border-top:1px solid #ccc; margin:10px 0;"/&gt;
                &lt;p style="margin-top:6px; color:#444;"&gt;&lt;b&gt;Description:&lt;/b&gt;&lt;/p&gt;
                &lt;p style="color:#555; font-size:13px; line-height:1.4;"&gt;Продава се къща в гр.Трън, обл.Перник на два етажа с два самостоятелни входа,за всеки от етажите.Всеки от етажите се състои от коридор и две стаи  .Намира се на около 200м.от центъра на града. Южно изложение на цялата къща. Къщата е гредоред.Дворното...&lt;/p&gt;
            &lt;/div&gt;
        ]]&gt;</description>
      <Point>
        <coordinates>22.651767,42.834955,0</coordinates>
      </Point>
    </Placemark>
    <Placemark>
      <name>Продава КЪЩА област Перник, гр. Трън Обява: 1j176797866950347 (35 000 €)</name>
      <ExtendedData>
        <SchemaData schemaUrl="#PropertySchema">
          <SimpleData name="Price">35 000 €</SimpleData>
          <SimpleData name="Size">80 кв.м</SimpleData>
          <SimpleData name="URL">https://www.imot.bg/obiava-1j176797866950347-prodava-kashta-oblast-pernik-gr-tran</SimpleData>
        </SchemaData>
      </ExtendedData>
      <styleUrl>#style_red</styleUrl>
      <description>&lt;![CDATA[
            &lt;div style="font-family: sans-serif; max-width: 320px;"&gt;
                &lt;img src="https://cdn3.focus.bg/imot/photosimotbg/1/347//big/1j176797866950347_JA.jpg" style="width:100%; height:auto; max-height:220px; object-fit:cover; border-radius:6px; margin-bottom:12px;"/&gt;
                &lt;hr style="border:0; border-top:1px solid #ccc; margin:10px 0;"/&gt;
                &lt;p style="margin:4px 0;"&gt;&lt;b&gt;Matched:&lt;/b&gt; +вода(+10)&lt;/p&gt;
                &lt;p style="margin:4px 0;"&gt;&lt;b&gt;Penalties:&lt;/b&gt; гредоред(-20)&lt;/p&gt;
                &lt;hr style="border:0; border-top:1px solid #ccc; margin:10px 0;"/&gt;
                &lt;p style="margin-top:6px; color:#444;"&gt;&lt;b&gt;Description:&lt;/b&gt;&lt;/p&gt;
                &lt;p style="color:#555; font-size:13px; line-height:1.4;"&gt;Продава се къща в гр.Трън, обл.Перник на два етажа с два самостоятелни входа,за всеки от етажите.Всеки от етажите се състои от коридор и две стаи .Намира се на около 200м.от центъра на града. Южно изложение на цялата къща. Къщата е гредоред.Дворното ...&lt;/p&gt;
            &lt;/div&gt;
        ]]&gt;</description>
      <Point>
        <coordinates>22.651317,42.835405,0</coordinates>
      </Point>
    </Placemark>
    <Placemark>
      <name>Продава КЪЩА област Перник, с. Габровдол Обява: 1j173628877405463 (45 000 €)</name>
      <ExtendedData>
        <SchemaData schemaUrl="#PropertySchema">
          <SimpleData name="Price">45 000 €</SimpleData>
          <SimpleData name="Size">100 кв.м</SimpleData>
          <SimpleData name="URL">https://www.imot.bg/obiava-1j173628877405463-prodava-kashta-oblast-pernik-s-gabrovdol</SimpleData>
        </SchemaData>
      </ExtendedData>
      <styleUrl>#style_red</styleUrl>
      <description>&lt;![CDATA[
            &lt;div style="font-family: sans-serif; max-width: 320px;"&gt;
                &lt;img src="https://imotstatic4.focus.bg/imot/photosimotbg/1/463//big/1j173628877405463_HD.jpg" style="width:100%; height:auto; max-height:220px; object-fit:cover; border-radius:6px; margin-bottom:12px;"/&gt;
                &lt;hr style="border:0; border-top:1px solid #ccc; margin:10px 0;"/&gt;
                &lt;p style="margin:4px 0;"&gt;&lt;b&gt;Matched:&lt;/b&gt; +ток(+10), +вода(+10), +кладенец(+5)&lt;/p&gt;
                &lt;p style="margin:4px 0;"&gt;&lt;b&gt;Penalties:&lt;/b&gt; гредоред(-20), за ремонт(-15)&lt;/p&gt;
                &lt;hr style="border:0; border-top:1px solid #ccc; margin:10px 0;"/&gt;
                &lt;p style="margin-top:6px; color:#444;"&gt;&lt;b&gt;Description:&lt;/b&gt;&lt;/p&gt;
                &lt;p style="color:#555; font-size:13px; line-height:1.4;"&gt;'Габи М' продава къща в село Габровдол,община Земен, област Перник. Намира се в центъра на селото, на асфалтов път, в близост до къщи с целогодишно живеене. Къщата е гредоред. Застроената площ е 50 кв.м. Състои се от сутерен и етаж. Има външни цимент...&lt;/p&gt;
            &lt;/div&gt;
        ]]&gt;</description>
      <Point>
        <coordinates>22.791299,42.643114,0</coordinates>
      </Point>
    </Placemark>
    <Placemark>
      <name>Продава КЪЩА област Перник, с. Стефаново Мах.Егреците Обява: 1j177313499379716 (40 000 €)</name>
      <ExtendedData>
        <SchemaData schemaUrl="#PropertySchema">
          <SimpleData name="Price">40 000 €</SimpleData>
          <SimpleData name="Size">48 кв.м</SimpleData>
          <SimpleData name="URL">https://www.imot.bg/obiava-1j177313499379716-prodava-kashta-oblast-pernik-s-stefanovo-mah-egretsite</SimpleData>
        </SchemaData>
      </ExtendedData>
      <styleUrl>#style_red</styleUrl>
      <description>&lt;![CDATA[
            &lt;div style="font-family: sans-serif; max-width: 320px;"&gt;
                &lt;img src="https://cdn3.focus.bg/imot/photosimotbg/1/716//big/1j177313499379716_d2.jpg" style="width:100%; height:auto; max-height:220px; object-fit:cover; border-radius:6px; margin-bottom:12px;"/&gt;
                &lt;hr style="border:0; border-top:1px solid #ccc; margin:10px 0;"/&gt;
                &lt;p style="margin:4px 0;"&gt;&lt;b&gt;Matched:&lt;/b&gt; +двор(+4)&lt;/p&gt;
                &lt;p style="margin:4px 0;"&gt;&lt;b&gt;Penalties:&lt;/b&gt; за ремонт(-15)&lt;/p&gt;
                &lt;hr style="border:0; border-top:1px solid #ccc; margin:10px 0;"/&gt;
                &lt;p style="margin-top:6px; color:#444;"&gt;&lt;b&gt;Description:&lt;/b&gt;&lt;/p&gt;
                &lt;p style="color:#555; font-size:13px; line-height:1.4;"&gt;Предлагаме за продажба имот с къща и двор в с. Стефаново, махала Егреците   отлична възможност за хора, търсещи спокойствие, чист въздух и близост до природата. Имотът се състои от къща със застроена площ от 48 кв.м, лятна кухня със застроена площ от...&lt;/p&gt;
            &lt;/div&gt;
        ]]&gt;</description>
      <Point>
        <coordinates>23.024017,42.484614,0</coordinates>
      </Point>
    </Placemark>
    <Placemark>
      <name>Продава КЪЩА област Перник, с. Дрен Обява: 1j177823823714385 (49 000 €)</name>
      <ExtendedData>
        <SchemaData schemaUrl="#PropertySchema">
          <SimpleData name="Price">49 000 €</SimpleData>
          <SimpleData name="Size">60 кв.м</SimpleData>
          <SimpleData name="URL">https://www.imot.bg/obiava-1j177823823714385-prodava-kashta-oblast-pernik-s-dren</SimpleData>
        </SchemaData>
      </ExtendedData>
      <styleUrl>#style_red</styleUrl>
      <description>&lt;![CDATA[
            &lt;div style="font-family: sans-serif; max-width: 320px;"&gt;
                &lt;img src="https://cdn3.focus.bg/imot/photosimotbg/1/385//big/1j177823823714385_sZ.jpg" style="width:100%; height:auto; max-height:220px; object-fit:cover; border-radius:6px; margin-bottom:12px;"/&gt;
                &lt;hr style="border:0; border-top:1px solid #ccc; margin:10px 0;"/&gt;
                &lt;p style="margin:4px 0;"&gt;&lt;b&gt;Matched:&lt;/b&gt; +гараж(+10), +кладенец(+5), +отопление(+5)&lt;/p&gt;
                &lt;p style="margin:4px 0;"&gt;&lt;b&gt;Penalties:&lt;/b&gt; гредоред(-20), за ремонт(-15)&lt;/p&gt;
                &lt;hr style="border:0; border-top:1px solid #ccc; margin:10px 0;"/&gt;
                &lt;p style="margin-top:6px; color:#444;"&gt;&lt;b&gt;Description:&lt;/b&gt;&lt;/p&gt;
                &lt;p style="color:#555; font-size:13px; line-height:1.4;"&gt;Титан Пропъртис   офис Хиподрума с радост предлага на Вашето внимание двуетажна къща за продажба в с. Дрен, община Радомир, област Перник. Имотът е с жилищна площ от 60 кв.м и е разположен върху просторен парцел от 800 кв.м. Къщата е с гредоредна кон...&lt;/p&gt;
            &lt;/div&gt;
        ]]&gt;</description>
      <Point>
        <coordinates>23.1604114,42.4092729,0</coordinates>
      </Point>
    </Placemark>
    <Placemark>
      <name>Продава КЪЩА област Перник, с. Радово Обява: 1j175887813550998 (22 000 €)</name>
      <ExtendedData>
        <SchemaData schemaUrl="#PropertySchema">
          <SimpleData name="Price">22 000 €</SimpleData>
          <SimpleData name="Size">220 кв.м</SimpleData>
          <SimpleData name="URL">https://www.imot.bg/obiava-1j175887813550998-prodava-kashta-oblast-pernik-s-radovo</SimpleData>
        </SchemaData>
      </ExtendedData>
      <styleUrl>#style_red</styleUrl>
      <description>&lt;![CDATA[
            &lt;div style="font-family: sans-serif; max-width: 320px;"&gt;
                &lt;img src="https://imotstatic4.focus.bg/imot/photosimotbg/1/998//big/1j175887813550998_GH.jpg" style="width:100%; height:auto; max-height:220px; object-fit:cover; border-radius:6px; margin-bottom:12px;"/&gt;
                &lt;hr style="border:0; border-top:1px solid #ccc; margin:10px 0;"/&gt;
                &lt;p style="margin:4px 0;"&gt;&lt;b&gt;Matched:&lt;/b&gt; None&lt;/p&gt;
                &lt;p style="margin:4px 0;"&gt;&lt;b&gt;Penalties:&lt;/b&gt; за ремонт(-15)&lt;/p&gt;
                &lt;hr style="border:0; border-top:1px solid #ccc; margin:10px 0;"/&gt;
                &lt;p style="margin-top:6px; color:#444;"&gt;&lt;b&gt;Description:&lt;/b&gt;&lt;/p&gt;
                &lt;p style="color:#555; font-size:13px; line-height:1.4;"&gt;Продава се  бизнес имот  в с. Радово, община Трън, област Перник Имотът е Бифшето начално училище на селото. В момента е за ремонт. 🔹 Площ на застроената част: 220 кв.м 🔹 Достъп: целогодишен на асфалтова улица 🔹 Подходящ за: живеене, вила, стопанска ...&lt;/p&gt;
            &lt;/div&gt;
        ]]&gt;</description>
      <Point>
        <coordinates>22.5899403,42.7987886,0</coordinates>
      </Point>
    </Placemark>
    <Placemark>
      <name>Продава КЪЩА област Перник, с. Конска Обява: 1j177444363817535 (26 000 €)</name>
      <ExtendedData>
        <SchemaData schemaUrl="#PropertySchema">
          <SimpleData name="Price">26 000 €</SimpleData>
          <SimpleData name="Size">72 кв.м</SimpleData>
          <SimpleData name="URL">https://www.imot.bg/obiava-1j177444363817535-prodava-kashta-oblast-pernik-s-konska</SimpleData>
        </SchemaData>
      </ExtendedData>
      <styleUrl>#style_red</styleUrl>
      <description>&lt;![CDATA[
            &lt;div style="font-family: sans-serif; max-width: 320px;"&gt;
                &lt;img src="https://imotstatic1.focus.bg/imot/photosimotbg/1/535//big/1j177444363817535_U5.jpg" style="width:100%; height:auto; max-height:220px; object-fit:cover; border-radius:6px; margin-bottom:12px;"/&gt;
                &lt;hr style="border:0; border-top:1px solid #ccc; margin:10px 0;"/&gt;
                &lt;p style="margin:4px 0;"&gt;&lt;b&gt;Matched:&lt;/b&gt; None&lt;/p&gt;
                &lt;p style="margin:4px 0;"&gt;&lt;b&gt;Penalties:&lt;/b&gt; за ремонт(-15)&lt;/p&gt;
                &lt;hr style="border:0; border-top:1px solid #ccc; margin:10px 0;"/&gt;
                &lt;p style="margin-top:6px; color:#444;"&gt;&lt;b&gt;Description:&lt;/b&gt;&lt;/p&gt;
                &lt;p style="color:#555; font-size:13px; line-height:1.4;"&gt;ИнвестИмо Естейт предлага за продажба къща за ремонт в с. Конска на 6км. от гр.Брезник. Къщата е 72кв.м като сутеренния етаж не влиза в тази квадратура. На горния етаж е сменаена дограмата. Парцелът е 600 кв.м с достатъчно пространство около къщата. ...&lt;/p&gt;
            &lt;/div&gt;
        ]]&gt;</description>
      <Point>
        <coordinates>22.845222,42.732438,0</coordinates>
      </Point>
    </Placemark>
    <Placemark>
      <name>Продава КЪЩА област Перник, с. Кралев дол Обява: 1j176573132632759 (36 999 €)</name>
      <ExtendedData>
        <SchemaData schemaUrl="#PropertySchema">
          <SimpleData name="Price">36 999 €</SimpleData>
          <SimpleData name="Size">80 кв.м</SimpleData>
          <SimpleData name="URL">https://www.imot.bg/obiava-1j176573132632759-prodava-kashta-oblast-pernik-s-kralev-dol</SimpleData>
        </SchemaData>
      </ExtendedData>
      <styleUrl>#style_red</styleUrl>
      <description>&lt;![CDATA[
            &lt;div style="font-family: sans-serif; max-width: 320px;"&gt;
                &lt;img src="https://imotstatic2.focus.bg/imot/photosimotbg/1/759//big/1j176573132632759_oX.jpg" style="width:100%; height:auto; max-height:220px; object-fit:cover; border-radius:6px; margin-bottom:12px;"/&gt;
                &lt;hr style="border:0; border-top:1px solid #ccc; margin:10px 0;"/&gt;
                &lt;p style="margin:4px 0;"&gt;&lt;b&gt;Matched:&lt;/b&gt; None&lt;/p&gt;
                &lt;p style="margin:4px 0;"&gt;&lt;b&gt;Penalties:&lt;/b&gt; груб строеж(-15)&lt;/p&gt;
                &lt;hr style="border:0; border-top:1px solid #ccc; margin:10px 0;"/&gt;
                &lt;p style="margin-top:6px; color:#444;"&gt;&lt;b&gt;Description:&lt;/b&gt;&lt;/p&gt;
                &lt;p style="color:#555; font-size:13px; line-height:1.4;"&gt;Вилната зона на селото. Къща на 3етажа на завършен груб строеж....&lt;/p&gt;
            &lt;/div&gt;
        ]]&gt;</description>
      <Point>
        <coordinates>23.09367,42.56144,0</coordinates>
      </Point>
    </Placemark>
    <Placemark>
      <name>Продава ВИЛА област Перник, с. Ковачевци Обява: 1k174859983576302 (29 143.64 €)</name>
      <ExtendedData>
        <SchemaData schemaUrl="#PropertySchema">
          <SimpleData name="Price">29 143.64 €</SimpleData>
          <SimpleData name="Size">40 кв.м</SimpleData>
          <SimpleData name="URL">https://www.imot.bg/obiava-1k174859983576302-prodava-vila-oblast-pernik-s-kovachevtsi</SimpleData>
        </SchemaData>
      </ExtendedData>
      <styleUrl>#style_red</styleUrl>
      <description>&lt;![CDATA[
            &lt;div style="font-family: sans-serif; max-width: 320px;"&gt;
                &lt;img src="https://cdn3.focus.bg/imot/photosimotbg/1/302//big/1k174859983576302_bm.jpg" style="width:100%; height:auto; max-height:220px; object-fit:cover; border-radius:6px; margin-bottom:12px;"/&gt;
                &lt;hr style="border:0; border-top:1px solid #ccc; margin:10px 0;"/&gt;
                &lt;p style="margin:4px 0;"&gt;&lt;b&gt;Matched:&lt;/b&gt; None&lt;/p&gt;
                &lt;p style="margin:4px 0;"&gt;&lt;b&gt;Penalties:&lt;/b&gt; за ремонт(-15)&lt;/p&gt;
                &lt;hr style="border:0; border-top:1px solid #ccc; margin:10px 0;"/&gt;
                &lt;p style="margin-top:6px; color:#444;"&gt;&lt;b&gt;Description:&lt;/b&gt;&lt;/p&gt;
                &lt;p style="color:#555; font-size:13px; line-height:1.4;"&gt;Агенция Тангра пропъртис продава две бунгала в района на село Ковачевци,обл.Перник. Бунгалата са разположени в ПОЗЕМЛЕН ИМОТ с площ от 1500 кв.м  и са близо до бивша дискотека на брега на Язовир Пчелина. Имота е за почистване и бунгалата са за ремонт...&lt;/p&gt;
            &lt;/div&gt;
        ]]&gt;</description>
      <Point>
        <coordinates>22.818661,42.555192,0</coordinates>
      </Point>
    </Placemark>
    <Placemark>
      <name>Продава КЪЩА област Перник, с. Долна Врабча Обява: 1j178417871842165 (39 000 €)</name>
      <ExtendedData>
        <SchemaData schemaUrl="#PropertySchema">
          <SimpleData name="Price">39 000 €</SimpleData>
          <SimpleData name="Size">80 кв.м</SimpleData>
          <SimpleData name="URL">https://www.imot.bg/obiava-1j178417871842165-prodava-kashta-oblast-pernik-s-dolna-vrabcha</SimpleData>
        </SchemaData>
      </ExtendedData>
      <styleUrl>#style_red</styleUrl>
      <description>&lt;![CDATA[
            &lt;div style="font-family: sans-serif; max-width: 320px;"&gt;
                &lt;img src="https://imotstatic1.focus.bg/imot/photosimotbg/1/165//big/1j178417871842165_tX.jpg" style="width:100%; height:auto; max-height:220px; object-fit:cover; border-radius:6px; margin-bottom:12px;"/&gt;
                &lt;hr style="border:0; border-top:1px solid #ccc; margin:10px 0;"/&gt;
                &lt;p style="margin:4px 0;"&gt;&lt;b&gt;Matched:&lt;/b&gt; +двор(+4)&lt;/p&gt;
                &lt;p style="margin:4px 0;"&gt;&lt;b&gt;Penalties:&lt;/b&gt; гредоред(-20)&lt;/p&gt;
                &lt;hr style="border:0; border-top:1px solid #ccc; margin:10px 0;"/&gt;
                &lt;p style="margin-top:6px; color:#444;"&gt;&lt;b&gt;Description:&lt;/b&gt;&lt;/p&gt;
                &lt;p style="color:#555; font-size:13px; line-height:1.4;"&gt;Предлагаме за продажба къща с площ 80 кв.м, разположена в спокойно и живописно село Долна Врабча. ? Разпределение: Три стаи Коридор ? Къщата е гредоред, подходяща както за постоянно живеене, така и за вила след ремонт. ? Двор: 3001 кв.м   просторен, ...&lt;/p&gt;
            &lt;/div&gt;
        ]]&gt;</description>
      <Point>
        <coordinates>22.724197,42.5701681,0</coordinates>
      </Point>
    </Placemark>
    <Placemark>
      <name>Продава КЪЩА област Перник, с. Горни Романци Обява: 1j177270498335802 (28 000 €)</name>
      <ExtendedData>
        <SchemaData schemaUrl="#PropertySchema">
          <SimpleData name="Price">28 000 €</SimpleData>
          <SimpleData name="Size">60 кв.м</SimpleData>
          <SimpleData name="URL">https://www.imot.bg/obiava-1j177270498335802-prodava-kashta-oblast-pernik-s-gorni-romantsi</SimpleData>
        </SchemaData>
      </ExtendedData>
      <styleUrl>#style_red</styleUrl>
      <description>&lt;![CDATA[
            &lt;div style="font-family: sans-serif; max-width: 320px;"&gt;
                &lt;img src="https://imotstatic2.focus.bg/imot/photosimotbg/1/802//big/1j177270498335802_DN.jpg" style="width:100%; height:auto; max-height:220px; object-fit:cover; border-radius:6px; margin-bottom:12px;"/&gt;
                &lt;hr style="border:0; border-top:1px solid #ccc; margin:10px 0;"/&gt;
                &lt;p style="margin:4px 0;"&gt;&lt;b&gt;Matched:&lt;/b&gt; +двор(+4)&lt;/p&gt;
                &lt;p style="margin:4px 0;"&gt;&lt;b&gt;Penalties:&lt;/b&gt; гредоред(-20)&lt;/p&gt;
                &lt;hr style="border:0; border-top:1px solid #ccc; margin:10px 0;"/&gt;
                &lt;p style="margin-top:6px; color:#444;"&gt;&lt;b&gt;Description:&lt;/b&gt;&lt;/p&gt;
                &lt;p style="color:#555; font-size:13px; line-height:1.4;"&gt;CASA NUEVA REAL ESTATE предлага за продажба къща в с. Горни Романци   тихо и спокойно село с хълмист терен, разположено на около 42 км. от София и в близост до Брезник. Районът се отличава с чист въздух, красива природа и бърз достъп до главен път, к...&lt;/p&gt;
            &lt;/div&gt;
        ]]&gt;</description>
      <Point>
        <coordinates>22.891827,42.782742,0</coordinates>
      </Point>
    </Placemark>
    <Placemark>
      <name>Продава КЪЩА област Перник, с. Копаница Обява: 1j176193859923215 (35 000 €)</name>
      <ExtendedData>
        <SchemaData schemaUrl="#PropertySchema">
          <SimpleData name="Price">35 000 €</SimpleData>
          <SimpleData name="Size">106 кв.м</SimpleData>
          <SimpleData name="URL">https://www.imot.bg/obiava-1j176193859923215-prodava-kashta-oblast-pernik-s-kopanitsa</SimpleData>
        </SchemaData>
      </ExtendedData>
      <styleUrl>#style_red</styleUrl>
      <description>&lt;![CDATA[
            &lt;div style="font-family: sans-serif; max-width: 320px;"&gt;
                &lt;img src="https://cdn3.focus.bg/imot/photosimotbg/1/215//big/1j176193859923215_KI.jpg" style="width:100%; height:auto; max-height:220px; object-fit:cover; border-radius:6px; margin-bottom:12px;"/&gt;
                &lt;hr style="border:0; border-top:1px solid #ccc; margin:10px 0;"/&gt;
                &lt;p style="margin:4px 0;"&gt;&lt;b&gt;Matched:&lt;/b&gt; None&lt;/p&gt;
                &lt;p style="margin:4px 0;"&gt;&lt;b&gt;Penalties:&lt;/b&gt; гредоред(-20)&lt;/p&gt;
                &lt;hr style="border:0; border-top:1px solid #ccc; margin:10px 0;"/&gt;
                &lt;p style="margin-top:6px; color:#444;"&gt;&lt;b&gt;Description:&lt;/b&gt;&lt;/p&gt;
                &lt;p style="color:#555; font-size:13px; line-height:1.4;"&gt;Къщата е на два етажа,  гредоред и е за тотален ремонт. Двора е голям с площ от 1653кв.м. с лека денивелация. Имота се намира в близост до Стопанството, във вилна зона. За клиенти на Агенцията!...&lt;/p&gt;
            &lt;/div&gt;
        ]]&gt;</description>
      <Point>
        <coordinates>22.934577,42.573127,0</coordinates>
      </Point>
    </Placemark>
    <Placemark>
      <name>Продава КЪЩА област Перник, с. Садовик Обява: 1j178534859933708 (35 000 €)</name>
      <ExtendedData>
        <SchemaData schemaUrl="#PropertySchema">
          <SimpleData name="Price">35 000 €</SimpleData>
          <SimpleData name="Size">96 кв.м</SimpleData>
          <SimpleData name="URL">https://www.imot.bg/obiava-1j178534859933708-prodava-kashta-oblast-pernik-s-sadovik</SimpleData>
        </SchemaData>
      </ExtendedData>
      <styleUrl>#style_red</styleUrl>
      <description>&lt;![CDATA[
            &lt;div style="font-family: sans-serif; max-width: 320px;"&gt;
                &lt;img src="https://imotstatic2.focus.bg/imot/photosimotbg/1/708//big/1j178534859933708_Ny.jpg" style="width:100%; height:auto; max-height:220px; object-fit:cover; border-radius:6px; margin-bottom:12px;"/&gt;
                &lt;hr style="border:0; border-top:1px solid #ccc; margin:10px 0;"/&gt;
                &lt;p style="margin:4px 0;"&gt;&lt;b&gt;Matched:&lt;/b&gt; +гараж(+10)&lt;/p&gt;
                &lt;p style="margin:4px 0;"&gt;&lt;b&gt;Penalties:&lt;/b&gt; гредоред(-20), за ремонт(-15)&lt;/p&gt;
                &lt;hr style="border:0; border-top:1px solid #ccc; margin:10px 0;"/&gt;
                &lt;p style="margin-top:6px; color:#444;"&gt;&lt;b&gt;Description:&lt;/b&gt;&lt;/p&gt;
                &lt;p style="color:#555; font-size:13px; line-height:1.4;"&gt;Сердика 1 предлага за продажба имот в с. Садовик, общ. Брезник, с отличен потенциал за постоянно живеене, вила или инвестиция. Имотът е разположен в урегулиран поземлен имот с площ от 503 кв.м и включва две самостоятелни жилищни постройки, разположен...&lt;/p&gt;
            &lt;/div&gt;
        ]]&gt;</description>
      <Point>
        <coordinates>22.8114044,42.7118785,0</coordinates>
      </Point>
    </Placemark>
  </Document>
</kml>