<?xml version='1.0' encoding='utf-8'?>
<kml xmlns="http://www.opengis.net/kml/2.2">
  <Document>
    <Schema id="PropertySchema" name="PropertySchema">
      <SimpleField name="Score" type="int" />
      <SimpleField name="Price" type="string" />
      <SimpleField name="Size" type="string" />
      <SimpleField name="URL" type="string" />
    </Schema>
    <Style id="style_red">
      <IconStyle>
        <Icon>
          <href>http://maps.google.com/mapfiles/ms/icons/red-dot.png</href>
        </Icon>
      </IconStyle>
    </Style>
    <Style id="style_yellow">
      <IconStyle>
        <Icon>
          <href>http://maps.google.com/mapfiles/ms/icons/yellow-dot.png</href>
        </Icon>
      </IconStyle>
    </Style>
    <Style id="style_green">
      <IconStyle>
        <Icon>
          <href>http://maps.google.com/mapfiles/ms/icons/green-dot.png</href>
        </Icon>
      </IconStyle>
    </Style>
    <Placemark>
      <name>Продава КЪЩА област София, с. Миланово Обява: 1j177919729552959 (49 500 €)</name>
      <ExtendedData>
        <SchemaData schemaUrl="#PropertySchema">
          <SimpleData name="Price">49 500 €</SimpleData>
          <SimpleData name="Size">273 кв.м</SimpleData>
          <SimpleData name="URL">https://www.imot.bg/obiava-1j177919729552959-prodava-kashta-oblast-sofiya-s-milanovo</SimpleData>
        </SchemaData>
      </ExtendedData>
      <styleUrl>#style_green</styleUrl>
      <description>&lt;![CDATA[
            &lt;div style="font-family: sans-serif; max-width: 320px;"&gt;
                &lt;img src="https://imotstatic3.focus.bg/imot/photosimotbg/1/959//big/1j177919729552959_pK.jpg" style="width:100%; height:auto; max-height:220px; object-fit:cover; border-radius:6px; margin-bottom:12px;"/&gt;
                &lt;hr style="border:0; border-top:1px solid #ccc; margin:10px 0;"/&gt;
                &lt;p style="margin:4px 0;"&gt;&lt;b&gt;Matched:&lt;/b&gt; +нова(+12), +гараж(+10), +ток(+10), +вода(+10), +двор(+4)&lt;/p&gt;
                &lt;p style="margin:4px 0;"&gt;&lt;b&gt;Penalties:&lt;/b&gt; None&lt;/p&gt;
                &lt;hr style="border:0; border-top:1px solid #ccc; margin:10px 0;"/&gt;
                &lt;p style="margin-top:6px; color:#444;"&gt;&lt;b&gt;Description:&lt;/b&gt;&lt;/p&gt;
                &lt;p style="color:#555; font-size:13px; line-height:1.4;"&gt;ЗК REAL ESTATE, ви представя еднофамилна къща в забележителното село Миланово. Къщата е строена в края на 90-те години, здраво монолитно строителство, с застроена площ на етаж от 91 м2 или обща площ на всички етажи 273 м2. Двор: 520 м2 Състои се от: ...&lt;/p&gt;
            &lt;/div&gt;
        ]]&gt;</description>
      <Point>
        <coordinates>23.393021,43.11593,0</coordinates>
      </Point>
    </Placemark>
    <Placemark>
      <name>Продава КЪЩА област София, с. Разлив Обява: 1j175999198941505 (45 000 €)</name>
      <ExtendedData>
        <SchemaData schemaUrl="#PropertySchema">
          <SimpleData name="Price">45 000 €</SimpleData>
          <SimpleData name="Size">52 кв.м</SimpleData>
          <SimpleData name="URL">https://www.imot.bg/obiava-1j175999198941505-prodava-kashta-oblast-sofiya-s-razliv</SimpleData>
        </SchemaData>
      </ExtendedData>
      <styleUrl>#style_green</styleUrl>
      <description>&lt;![CDATA[
            &lt;div style="font-family: sans-serif; max-width: 320px;"&gt;
                &lt;img src="https://cdn3.focus.bg/imot/photosimotbg/1/505//big/1j175999198941505_cw.jpg" style="width:100%; height:auto; max-height:220px; object-fit:cover; border-radius:6px; margin-bottom:12px;"/&gt;
                &lt;hr style="border:0; border-top:1px solid #ccc; margin:10px 0;"/&gt;
                &lt;p style="margin:4px 0;"&gt;&lt;b&gt;Matched:&lt;/b&gt; +акт 16(+25), +ток(+10), +вода(+10)&lt;/p&gt;
                &lt;p style="margin:4px 0;"&gt;&lt;b&gt;Penalties:&lt;/b&gt; None&lt;/p&gt;
                &lt;hr style="border:0; border-top:1px solid #ccc; margin:10px 0;"/&gt;
                &lt;p style="margin-top:6px; color:#444;"&gt;&lt;b&gt;Description:&lt;/b&gt;&lt;/p&gt;
                &lt;p style="color:#555; font-size:13px; line-height:1.4;"&gt;JJCorporation предлага на Вашето внимание къща в с. Разлив, община Правец, разположена в непосредствена близост до голф игрище Правец, едва на около 60 км от София. Районът е изключително живописен, с чист въздух, красива природа и спокойна среда, съ...&lt;/p&gt;
            &lt;/div&gt;
        ]]&gt;</description>
      <Point>
        <coordinates>23.87148,42.9126669,0</coordinates>
      </Point>
    </Placemark>
    <Placemark>
      <name>Продава КЪЩА област София, с. Каменица Обява: 1j178419248084002 (32 000 €)</name>
      <ExtendedData>
        <SchemaData schemaUrl="#PropertySchema">
          <SimpleData name="Price">32 000 €</SimpleData>
          <SimpleData name="Size">80 кв.м</SimpleData>
          <SimpleData name="URL">https://www.imot.bg/obiava-1j178419248084002-prodava-kashta-oblast-sofiya-s-kamenitsa</SimpleData>
        </SchemaData>
      </ExtendedData>
      <styleUrl>#style_green</styleUrl>
      <description>&lt;![CDATA[
            &lt;div style="font-family: sans-serif; max-width: 320px;"&gt;
                &lt;img src="https://imotstatic1.focus.bg/imot/photosimotbg/1/002//big/1j178419248084002_na.jpg" style="width:100%; height:auto; max-height:220px; object-fit:cover; border-radius:6px; margin-bottom:12px;"/&gt;
                &lt;hr style="border:0; border-top:1px solid #ccc; margin:10px 0;"/&gt;
                &lt;p style="margin:4px 0;"&gt;&lt;b&gt;Matched:&lt;/b&gt; +нова(+12), +ток(+10), +вода(+10), +панорама(+4), +двор(+4)&lt;/p&gt;
                &lt;p style="margin:4px 0;"&gt;&lt;b&gt;Penalties:&lt;/b&gt; None&lt;/p&gt;
                &lt;hr style="border:0; border-top:1px solid #ccc; margin:10px 0;"/&gt;
                &lt;p style="margin-top:6px; color:#444;"&gt;&lt;b&gt;Description:&lt;/b&gt;&lt;/p&gt;
                &lt;p style="color:#555; font-size:13px; line-height:1.4;"&gt;Агенция SUPRIMMO: www.suprimmo.bg Продава се атрактивен планински имот с площ от 1500 кв.м, застроена къща и плевня в живописната махала Брестака (Скумца) на село Каменица, община Мирково, Софийска област. Имот с огромен потенциал, панорама и спокойс...&lt;/p&gt;
            &lt;/div&gt;
        ]]&gt;</description>
      <Point>
        <coordinates>23.9317217,42.5906044,0</coordinates>
      </Point>
    </Placemark>
    <Placemark>
      <name>Продава ВИЛА област София, с. Мала Раковица Обява: 1k159579309449284 (29 000 €)</name>
      <ExtendedData>
        <SchemaData schemaUrl="#PropertySchema">
          <SimpleData name="Price">29 000 €</SimpleData>
          <SimpleData name="Size">23 кв.м</SimpleData>
          <SimpleData name="URL">https://www.imot.bg/obiava-1k159579309449284-prodava-vila-oblast-sofiya-s-mala-rakovitsa</SimpleData>
        </SchemaData>
      </ExtendedData>
      <styleUrl>#style_green</styleUrl>
      <description>&lt;![CDATA[
            &lt;div style="font-family: sans-serif; max-width: 320px;"&gt;
                &lt;img src="https://cdn3.focus.bg/imot/photosimotbg/1/284//big/1k159579309449284_i2.jpg" style="width:100%; height:auto; max-height:220px; object-fit:cover; border-radius:6px; margin-bottom:12px;"/&gt;
                &lt;hr style="border:0; border-top:1px solid #ccc; margin:10px 0;"/&gt;
                &lt;p style="margin:4px 0;"&gt;&lt;b&gt;Matched:&lt;/b&gt; +ток(+10), +вода(+10), +целогодишен достъп(+12), +сонда(+5)&lt;/p&gt;
                &lt;p style="margin:4px 0;"&gt;&lt;b&gt;Penalties:&lt;/b&gt; None&lt;/p&gt;
                &lt;hr style="border:0; border-top:1px solid #ccc; margin:10px 0;"/&gt;
                &lt;p style="margin-top:6px; color:#444;"&gt;&lt;b&gt;Description:&lt;/b&gt;&lt;/p&gt;
                &lt;p style="color:#555; font-size:13px; line-height:1.4;"&gt;РиълНет офис Партнерс продава малка вила в м. Витошица в близост до Клисурския манастир до Банкя. Сградата е със застроена площ от 23 кв.м. разпредекени в две помещения   дневна с кухненски кът /дървена/ и спалня /масивна/. Отделно има външна тоалетн...&lt;/p&gt;
            &lt;/div&gt;
        ]]&gt;</description>
      <Point>
        <coordinates>23.052914,42.730173,0</coordinates>
      </Point>
    </Placemark>
    <Placemark>
      <name>Продава КЪЩА област София, гр. Годеч Обява: 1j176519760275383 (32 000 €)</name>
      <ExtendedData>
        <SchemaData schemaUrl="#PropertySchema">
          <SimpleData name="Price">32 000 €</SimpleData>
          <SimpleData name="Size">80 кв.м</SimpleData>
          <SimpleData name="URL">https://www.imot.bg/obiava-1j176519760275383-prodava-kashta-oblast-sofiya-gr-godech</SimpleData>
        </SchemaData>
      </ExtendedData>
      <styleUrl>#style_green</styleUrl>
      <description>&lt;![CDATA[
            &lt;div style="font-family: sans-serif; max-width: 320px;"&gt;
                &lt;img src="https://cdn3.focus.bg/imot/photosimotbg/1/383//big/1j176519760275383_2c.jpg" style="width:100%; height:auto; max-height:220px; object-fit:cover; border-radius:6px; margin-bottom:12px;"/&gt;
                &lt;hr style="border:0; border-top:1px solid #ccc; margin:10px 0;"/&gt;
                &lt;p style="margin:4px 0;"&gt;&lt;b&gt;Matched:&lt;/b&gt; +ток(+10), +вода(+10), +целогодишен достъп(+12), +двор(+4)&lt;/p&gt;
                &lt;p style="margin:4px 0;"&gt;&lt;b&gt;Penalties:&lt;/b&gt; None&lt;/p&gt;
                &lt;hr style="border:0; border-top:1px solid #ccc; margin:10px 0;"/&gt;
                &lt;p style="margin-top:6px; color:#444;"&gt;&lt;b&gt;Description:&lt;/b&gt;&lt;/p&gt;
                &lt;p style="color:#555; font-size:13px; line-height:1.4;"&gt;ЕРА Надежда продава къща в село Каленовци, град Годеч с площ 60 кв.м., двор с площ 870 кв.м. Предлагаме за продажба имот с отличен потенциал, разположен в спокойно и обитаемо село, недалеч от столицата, с постоянно живеещи съседи. Къщата е с площ от ...&lt;/p&gt;
            &lt;/div&gt;
        ]]&gt;</description>
      <Point>
        <coordinates>23.047016,43.016248,0</coordinates>
      </Point>
    </Placemark>
    <Placemark>
      <name>Продава КЪЩА област София, с. Желен Обява: 1j178592253850614 (29 000 €)</name>
      <ExtendedData>
        <SchemaData schemaUrl="#PropertySchema">
          <SimpleData name="Price">29 000 €</SimpleData>
          <SimpleData name="Size">60 кв.м</SimpleData>
          <SimpleData name="URL">https://www.imot.bg/obiava-1j178592253850614-prodava-kashta-oblast-sofiya-s-zhelen</SimpleData>
        </SchemaData>
      </ExtendedData>
      <styleUrl>#style_green</styleUrl>
      <description>&lt;![CDATA[
            &lt;div style="font-family: sans-serif; max-width: 320px;"&gt;
                &lt;img src="https://imotstatic1.focus.bg/imot/photosimotbg/1/614//big/1j178592253850614_to.jpg" style="width:100%; height:auto; max-height:220px; object-fit:cover; border-radius:6px; margin-bottom:12px;"/&gt;
                &lt;hr style="border:0; border-top:1px solid #ccc; margin:10px 0;"/&gt;
                &lt;p style="margin:4px 0;"&gt;&lt;b&gt;Matched:&lt;/b&gt; +ток(+10), +вода(+10), +асфалт(+8), +панорама(+4), +двор(+4)&lt;/p&gt;
                &lt;p style="margin:4px 0;"&gt;&lt;b&gt;Penalties:&lt;/b&gt; None&lt;/p&gt;
                &lt;hr style="border:0; border-top:1px solid #ccc; margin:10px 0;"/&gt;
                &lt;p style="margin-top:6px; color:#444;"&gt;&lt;b&gt;Description:&lt;/b&gt;&lt;/p&gt;
                &lt;p style="color:#555; font-size:13px; line-height:1.4;"&gt;Продава се къща с двор в с. Желен, общ. Своге. Село Желен се намира само на 40 км. от София и на 7 км. от гр. Своге и на около 30 мин. пеша от ЖП Гара с. Желен. В селото и до имота има целогодишно живеещо население. Парцелът е с квадратура 594 кв.м.,...&lt;/p&gt;
            &lt;/div&gt;
        ]]&gt;</description>
      <Point>
        <coordinates>23.37112,42.98989,0</coordinates>
      </Point>
    </Placemark>
    <Placemark>
      <name>Продава КЪЩА област София, с. Желен Обява: 1j178592253850614 (29 000 €)</name>
      <ExtendedData>
        <SchemaData schemaUrl="#PropertySchema">
          <SimpleData name="Price">29 000 €</SimpleData>
          <SimpleData name="Size">60 кв.м</SimpleData>
          <SimpleData name="URL">https://www.imot.bg/obiava-1j178592253850614-prodava-kashta-oblast-sofiya-s-zhelen#playertag</SimpleData>
        </SchemaData>
      </ExtendedData>
      <styleUrl>#style_green</styleUrl>
      <description>&lt;![CDATA[
            &lt;div style="font-family: sans-serif; max-width: 320px;"&gt;
                &lt;img src="https://imotstatic1.focus.bg/imot/photosimotbg/1/614//big/1j178592253850614_to.jpg" style="width:100%; height:auto; max-height:220px; object-fit:cover; border-radius:6px; margin-bottom:12px;"/&gt;
                &lt;hr style="border:0; border-top:1px solid #ccc; margin:10px 0;"/&gt;
                &lt;p style="margin:4px 0;"&gt;&lt;b&gt;Matched:&lt;/b&gt; +ток(+10), +вода(+10), +асфалт(+8), +панорама(+4), +двор(+4)&lt;/p&gt;
                &lt;p style="margin:4px 0;"&gt;&lt;b&gt;Penalties:&lt;/b&gt; None&lt;/p&gt;
                &lt;hr style="border:0; border-top:1px solid #ccc; margin:10px 0;"/&gt;
                &lt;p style="margin-top:6px; color:#444;"&gt;&lt;b&gt;Description:&lt;/b&gt;&lt;/p&gt;
                &lt;p style="color:#555; font-size:13px; line-height:1.4;"&gt;Продава се къща с двор в с. Желен, общ. Своге. Село Желен се намира само на 40 км. от София и на 7 км. от гр. Своге и на около 30 мин. пеша от ЖП Гара с. Желен. В селото и до имота има целогодишно живеещо население. Парцелът е с квадратура 594 кв.м.,...&lt;/p&gt;
            &lt;/div&gt;
        ]]&gt;</description>
      <Point>
        <coordinates>23.371472,42.989721,0</coordinates>
      </Point>
    </Placemark>
    <Placemark>
      <name>Продава КЪЩА област София, с. Цацаровци Обява: 1j178228170533430 (43 500 €)</name>
      <ExtendedData>
        <SchemaData schemaUrl="#PropertySchema">
          <SimpleData name="Price">43 500 €</SimpleData>
          <SimpleData name="Size">80 кв.м</SimpleData>
          <SimpleData name="URL">https://www.imot.bg/obiava-1j178228170533430-prodava-kashta-oblast-sofiya-s-tsatsarovtsi</SimpleData>
        </SchemaData>
      </ExtendedData>
      <styleUrl>#style_green</styleUrl>
      <description>&lt;![CDATA[
            &lt;div style="font-family: sans-serif; max-width: 320px;"&gt;
                &lt;img src="https://imotstatic1.focus.bg/imot/photosimotbg/1/430//big/1j178228170533430_HL.jpg" style="width:100%; height:auto; max-height:220px; object-fit:cover; border-radius:6px; margin-bottom:12px;"/&gt;
                &lt;hr style="border:0; border-top:1px solid #ccc; margin:10px 0;"/&gt;
                &lt;p style="margin:4px 0;"&gt;&lt;b&gt;Matched:&lt;/b&gt; +ток(+10), +вода(+10), +целогодишен достъп(+12), +двор(+4)&lt;/p&gt;
                &lt;p style="margin:4px 0;"&gt;&lt;b&gt;Penalties:&lt;/b&gt; None&lt;/p&gt;
                &lt;hr style="border:0; border-top:1px solid #ccc; margin:10px 0;"/&gt;
                &lt;p style="margin-top:6px; color:#444;"&gt;&lt;b&gt;Description:&lt;/b&gt;&lt;/p&gt;
                &lt;p style="color:#555; font-size:13px; line-height:1.4;"&gt;Предлагаме за продажба къща с двор в с. Цацаровци, община Драгоман. Имотът е разположен в тих и живописен район и предлага отлична възможност за създаване на уютен дом извън градската среда. В парцела е изградена двуетажна къща с площ от 80 кв.м, как...&lt;/p&gt;
            &lt;/div&gt;
        ]]&gt;</description>
      <Point>
        <coordinates>22.863978,42.865374,0</coordinates>
      </Point>
    </Placemark>
    <Placemark>
      <name>Продава КЪЩА област София, с. Шума махала Странето Обява: 1j178250479798940 (39 000 €)</name>
      <ExtendedData>
        <SchemaData schemaUrl="#PropertySchema">
          <SimpleData name="Price">39 000 €</SimpleData>
          <SimpleData name="Size">100 кв.м</SimpleData>
          <SimpleData name="URL">https://www.imot.bg/obiava-1j178250479798940-prodava-kashta-oblast-sofiya-s-shuma-mahala-straneto</SimpleData>
        </SchemaData>
      </ExtendedData>
      <styleUrl>#style_green</styleUrl>
      <description>&lt;![CDATA[
            &lt;div style="font-family: sans-serif; max-width: 320px;"&gt;
                &lt;img src="https://imotstatic3.focus.bg/imot/photosimotbg/1/940//big/1j178250479798940_ZP.jpg" style="width:100%; height:auto; max-height:220px; object-fit:cover; border-radius:6px; margin-bottom:12px;"/&gt;
                &lt;hr style="border:0; border-top:1px solid #ccc; margin:10px 0;"/&gt;
                &lt;p style="margin:4px 0;"&gt;&lt;b&gt;Matched:&lt;/b&gt; +ток(+10), +вода(+10), +целогодишен достъп(+12), +двор(+4)&lt;/p&gt;
                &lt;p style="margin:4px 0;"&gt;&lt;b&gt;Penalties:&lt;/b&gt; None&lt;/p&gt;
                &lt;hr style="border:0; border-top:1px solid #ccc; margin:10px 0;"/&gt;
                &lt;p style="margin-top:6px; color:#444;"&gt;&lt;b&gt;Description:&lt;/b&gt;&lt;/p&gt;
                &lt;p style="color:#555; font-size:13px; line-height:1.4;"&gt;Агенция за недвижими имоти АС 'Джей-Ди'има възможност да предложи на своите клиенти: Уединена къща с целогодишен достъп на 42 км от София /30 минути/ и на 5 км от гр. Годеч.Имотът се състои от къща на три нива от 1980г./сутерен от 10 кв метра,първи е...&lt;/p&gt;
            &lt;/div&gt;
        ]]&gt;</description>
      <Point>
        <coordinates>23.090871,42.994363,0</coordinates>
      </Point>
    </Placemark>
    <Placemark>
      <name>Продава ВИЛА област София, с. Калотина Обява: 1k175672756628158 (45 000 €)</name>
      <ExtendedData>
        <SchemaData schemaUrl="#PropertySchema">
          <SimpleData name="Price">45 000 €</SimpleData>
          <SimpleData name="Size">45 кв.м</SimpleData>
          <SimpleData name="URL">https://www.imot.bg/obiava-1k175672756628158-prodava-vila-oblast-sofiya-s-kalotina</SimpleData>
        </SchemaData>
      </ExtendedData>
      <styleUrl>#style_green</styleUrl>
      <description>&lt;![CDATA[
            &lt;div style="font-family: sans-serif; max-width: 320px;"&gt;
                &lt;img src="https://cdn3.focus.bg/imot/photosimotbg/1/158//big/1k175672756628158_CR.jpg" style="width:100%; height:auto; max-height:220px; object-fit:cover; border-radius:6px; margin-bottom:12px;"/&gt;
                &lt;hr style="border:0; border-top:1px solid #ccc; margin:10px 0;"/&gt;
                &lt;p style="margin:4px 0;"&gt;&lt;b&gt;Matched:&lt;/b&gt; +ток(+10), +вода(+10), +целогодишен достъп(+12), +панорама(+4)&lt;/p&gt;
                &lt;p style="margin:4px 0;"&gt;&lt;b&gt;Penalties:&lt;/b&gt; None&lt;/p&gt;
                &lt;hr style="border:0; border-top:1px solid #ccc; margin:10px 0;"/&gt;
                &lt;p style="margin-top:6px; color:#444;"&gt;&lt;b&gt;Description:&lt;/b&gt;&lt;/p&gt;
                &lt;p style="color:#555; font-size:13px; line-height:1.4;"&gt;Местоположение: Вилна зона с.Калотина, Ново Бърдо Разстояние - 55 км от София Асфалтов път, Бърз достъп, Красива панорама Дворно място 520м2 облагородено с овощни дръвчета и два бора Строителство: Масивно,тухла,плоча,дървена дограма Разпределение:РЗП...&lt;/p&gt;
            &lt;/div&gt;
        ]]&gt;</description>
      <Point>
        <coordinates>22.86854,42.99684,0</coordinates>
      </Point>
    </Placemark>
    <Placemark>
      <name>Продава КЪЩА област София, с. Свидня махала Стоевци Обява: 1j172175889768234 (32 000 €)</name>
      <ExtendedData>
        <SchemaData schemaUrl="#PropertySchema">
          <SimpleData name="Price">32 000 €</SimpleData>
          <SimpleData name="Size">50 кв.м</SimpleData>
          <SimpleData name="URL">https://www.imot.bg/obiava-1j172175889768234-prodava-kashta-oblast-sofiya-s-svidnya-mahala-stoevtsi</SimpleData>
        </SchemaData>
      </ExtendedData>
      <styleUrl>#style_green</styleUrl>
      <description>&lt;![CDATA[
            &lt;div style="font-family: sans-serif; max-width: 320px;"&gt;
                &lt;img src="https://cdn3.focus.bg/imot/photosimotbg/1/234//big/1j172175889768234_7B.jpg" style="width:100%; height:auto; max-height:220px; object-fit:cover; border-radius:6px; margin-bottom:12px;"/&gt;
                &lt;hr style="border:0; border-top:1px solid #ccc; margin:10px 0;"/&gt;
                &lt;p style="margin:4px 0;"&gt;&lt;b&gt;Matched:&lt;/b&gt; +ток(+10), +вода(+10), +канализация(+10), +отопление(+5)&lt;/p&gt;
                &lt;p style="margin:4px 0;"&gt;&lt;b&gt;Penalties:&lt;/b&gt; None&lt;/p&gt;
                &lt;hr style="border:0; border-top:1px solid #ccc; margin:10px 0;"/&gt;
                &lt;p style="margin-top:6px; color:#444;"&gt;&lt;b&gt;Description:&lt;/b&gt;&lt;/p&gt;
                &lt;p style="color:#555; font-size:13px; line-height:1.4;"&gt;7️⃣Seven Estate Даряваме 7% от ВСЕКИ наш комисион за благотворителни каузи. 📧 https://7estate.bg/ 7️⃣ Имаме привилегията да предложим на Вашето внимание двуетажна къща със страхотна панорамна гледка в община Своге. 📍Имотът се намира в с. Свидня, маха...&lt;/p&gt;
            &lt;/div&gt;
        ]]&gt;</description>
      <Point>
        <coordinates>23.29833,42.969296,0</coordinates>
      </Point>
    </Placemark>
    <Placemark>
      <name>Продава КЪЩА област София, с. Брезе село Брезе Обява: 1j170896057102737 (30 000 €)</name>
      <ExtendedData>
        <SchemaData schemaUrl="#PropertySchema">
          <SimpleData name="Price">30 000 €</SimpleData>
          <SimpleData name="Size">100 кв.м</SimpleData>
          <SimpleData name="URL">https://www.imot.bg/obiava-1j170896057102737-prodava-kashta-oblast-sofiya-s-breze-selo-breze</SimpleData>
        </SchemaData>
      </ExtendedData>
      <styleUrl>#style_green</styleUrl>
      <description>&lt;![CDATA[
            &lt;div style="font-family: sans-serif; max-width: 320px;"&gt;
                &lt;img src="https://imotstatic3.focus.bg/imot/photosimotbg/1/737//big/1j170896057102737_GF.jpg" style="width:100%; height:auto; max-height:220px; object-fit:cover; border-radius:6px; margin-bottom:12px;"/&gt;
                &lt;hr style="border:0; border-top:1px solid #ccc; margin:10px 0;"/&gt;
                &lt;p style="margin:4px 0;"&gt;&lt;b&gt;Matched:&lt;/b&gt; +гараж(+10), +ток(+10), +вода(+10), +панорама(+4)&lt;/p&gt;
                &lt;p style="margin:4px 0;"&gt;&lt;b&gt;Penalties:&lt;/b&gt; None&lt;/p&gt;
                &lt;hr style="border:0; border-top:1px solid #ccc; margin:10px 0;"/&gt;
                &lt;p style="margin-top:6px; color:#444;"&gt;&lt;b&gt;Description:&lt;/b&gt;&lt;/p&gt;
                &lt;p style="color:#555; font-size:13px; line-height:1.4;"&gt;Продавам имот в село Брезе, представляващ дворно място от 1600 кв.м., заедно със стара жилищна сграда от 60 м2; стара жилищна сграда от 45 м2; селскостопанска постройка от 75 м2; селскостопанска постройка от 100 м2 и Масивен гараж от 25 м2. Имота се ...&lt;/p&gt;
            &lt;/div&gt;
        ]]&gt;</description>
      <Point>
        <coordinates>23.2121012,43.0198575,0</coordinates>
      </Point>
    </Placemark>
    <Placemark>
      <name>Продава КЪЩА област София, с. Мухово Обява: 1j175681581092158 (37 900 €)</name>
      <ExtendedData>
        <SchemaData schemaUrl="#PropertySchema">
          <SimpleData name="Price">37 900 €</SimpleData>
          <SimpleData name="Size">140 кв.м</SimpleData>
          <SimpleData name="URL">https://www.imot.bg/obiava-1j175681581092158-prodava-kashta-oblast-sofiya-s-muhovo</SimpleData>
        </SchemaData>
      </ExtendedData>
      <styleUrl>#style_green</styleUrl>
      <description>&lt;![CDATA[
            &lt;div style="font-family: sans-serif; max-width: 320px;"&gt;
                &lt;img src="https://cdn3.focus.bg/imot/photosimotbg/1/158//big/1j175681581092158_bF.jpg" style="width:100%; height:auto; max-height:220px; object-fit:cover; border-radius:6px; margin-bottom:12px;"/&gt;
                &lt;hr style="border:0; border-top:1px solid #ccc; margin:10px 0;"/&gt;
                &lt;p style="margin:4px 0;"&gt;&lt;b&gt;Matched:&lt;/b&gt; +гараж(+10), +ток(+10), +вода(+10), +панорама(+4)&lt;/p&gt;
                &lt;p style="margin:4px 0;"&gt;&lt;b&gt;Penalties:&lt;/b&gt; None&lt;/p&gt;
                &lt;hr style="border:0; border-top:1px solid #ccc; margin:10px 0;"/&gt;
                &lt;p style="margin-top:6px; color:#444;"&gt;&lt;b&gt;Description:&lt;/b&gt;&lt;/p&gt;
                &lt;p style="color:#555; font-size:13px; line-height:1.4;"&gt;Предлагаме на вашето внимание къща в с. Мухово с прекрасна панорама. На около 75 км. от София и 25 от АМ Тракия. Къщата е в регулацията на с. Мухово, на минути пеша от стената на яз. Тополница. Сградата е тухлена, със стоманобетонни плочи. РЗП 140 м2...&lt;/p&gt;
            &lt;/div&gt;
        ]]&gt;</description>
      <Point>
        <coordinates>23.995524,42.422207,0</coordinates>
      </Point>
    </Placemark>
    <Placemark>
      <name>Продава КЪЩА област София, с. Мухово Обява: 1j176397080798907 (47 500 €)</name>
      <ExtendedData>
        <SchemaData schemaUrl="#PropertySchema">
          <SimpleData name="Price">47 500 €</SimpleData>
          <SimpleData name="Size">63 кв.м</SimpleData>
          <SimpleData name="URL">https://www.imot.bg/obiava-1j176397080798907-prodava-kashta-oblast-sofiya-s-muhovo</SimpleData>
        </SchemaData>
      </ExtendedData>
      <styleUrl>#style_green</styleUrl>
      <description>&lt;![CDATA[
            &lt;div style="font-family: sans-serif; max-width: 320px;"&gt;
                &lt;img src="https://imotstatic1.focus.bg/imot/photosimotbg/1/907//big/1j176397080798907_CM.jpg" style="width:100%; height:auto; max-height:220px; object-fit:cover; border-radius:6px; margin-bottom:12px;"/&gt;
                &lt;hr style="border:0; border-top:1px solid #ccc; margin:10px 0;"/&gt;
                &lt;p style="margin:4px 0;"&gt;&lt;b&gt;Matched:&lt;/b&gt; +ток(+10), +вода(+10), +канализация(+10), +двор(+4)&lt;/p&gt;
                &lt;p style="margin:4px 0;"&gt;&lt;b&gt;Penalties:&lt;/b&gt; None&lt;/p&gt;
                &lt;hr style="border:0; border-top:1px solid #ccc; margin:10px 0;"/&gt;
                &lt;p style="margin-top:6px; color:#444;"&gt;&lt;b&gt;Description:&lt;/b&gt;&lt;/p&gt;
                &lt;p style="color:#555; font-size:13px; line-height:1.4;"&gt;Sеcret Garden Real Estates, представя на вашето внимание за продажба къща със самостоятелен двор, разположена в живописното село Мухово, непосредствено до язовир Тополница. Къщата е на два етажа и има следното разпределение. **Първи етаж: две стаи, о...&lt;/p&gt;
            &lt;/div&gt;
        ]]&gt;</description>
      <Point>
        <coordinates>23.995974,42.421757,0</coordinates>
      </Point>
    </Placemark>
    <Placemark>
      <name>Продава КЪЩА област София, с. Бучин проход мах.Витова Обява: 1j178480494946960 (46 000 €)</name>
      <ExtendedData>
        <SchemaData schemaUrl="#PropertySchema">
          <SimpleData name="Price">46 000 €</SimpleData>
          <SimpleData name="Size">60 кв.м</SimpleData>
          <SimpleData name="URL">https://www.imot.bg/obiava-1j178480494946960-prodava-kashta-oblast-sofiya-s-buchin-prohod-mah-vitova</SimpleData>
        </SchemaData>
      </ExtendedData>
      <styleUrl>#style_green</styleUrl>
      <description>&lt;![CDATA[
            &lt;div style="font-family: sans-serif; max-width: 320px;"&gt;
                &lt;img src="https://imotstatic3.focus.bg/imot/photosimotbg/1/960//big/1j178480494946960_RK.jpg" style="width:100%; height:auto; max-height:220px; object-fit:cover; border-radius:6px; margin-bottom:12px;"/&gt;
                &lt;hr style="border:0; border-top:1px solid #ccc; margin:10px 0;"/&gt;
                &lt;p style="margin:4px 0;"&gt;&lt;b&gt;Matched:&lt;/b&gt; +ток(+10), +вода(+10), +целогодишен достъп(+12)&lt;/p&gt;
                &lt;p style="margin:4px 0;"&gt;&lt;b&gt;Penalties:&lt;/b&gt; None&lt;/p&gt;
                &lt;hr style="border:0; border-top:1px solid #ccc; margin:10px 0;"/&gt;
                &lt;p style="margin-top:6px; color:#444;"&gt;&lt;b&gt;Description:&lt;/b&gt;&lt;/p&gt;
                &lt;p style="color:#555; font-size:13px; line-height:1.4;"&gt;Едноетажна вилна сграда с целогодишен достъп на 10 метра вляво от пътя Бучин проход-Своге. С ток и вода. Изрядна строителна документация. Застроена площ 60 кв.м. Вътрешно разпределение: спалня, дневна, кухня, баня с тоалетна. Парцелът позволява изгра...&lt;/p&gt;
            &lt;/div&gt;
        ]]&gt;</description>
      <Point>
        <coordinates>23.1425283,42.9700914,0</coordinates>
      </Point>
    </Placemark>
    <Placemark>
      <name>Продава КЪЩА област София, гр. Своге Обява: 1j174012775317978 (34 000 €)</name>
      <ExtendedData>
        <SchemaData schemaUrl="#PropertySchema">
          <SimpleData name="Price">34 000 €</SimpleData>
          <SimpleData name="Size">57 кв.м</SimpleData>
          <SimpleData name="URL">https://www.imot.bg/obiava-1j174012775317978-prodava-kashta-oblast-sofiya-gr-svoge</SimpleData>
        </SchemaData>
      </ExtendedData>
      <styleUrl>#style_green</styleUrl>
      <description>&lt;![CDATA[
            &lt;div style="font-family: sans-serif; max-width: 320px;"&gt;
                &lt;img src="https://imotstatic4.focus.bg/imot/photosimotbg/1/978//big/1j174012775317978_FH.jpg" style="width:100%; height:auto; max-height:220px; object-fit:cover; border-radius:6px; margin-bottom:12px;"/&gt;
                &lt;hr style="border:0; border-top:1px solid #ccc; margin:10px 0;"/&gt;
                &lt;p style="margin:4px 0;"&gt;&lt;b&gt;Matched:&lt;/b&gt; +ток(+10), +вода(+10), +целогодишен достъп(+12)&lt;/p&gt;
                &lt;p style="margin:4px 0;"&gt;&lt;b&gt;Penalties:&lt;/b&gt; None&lt;/p&gt;
                &lt;hr style="border:0; border-top:1px solid #ccc; margin:10px 0;"/&gt;
                &lt;p style="margin-top:6px; color:#444;"&gt;&lt;b&gt;Description:&lt;/b&gt;&lt;/p&gt;
                &lt;p style="color:#555; font-size:13px; line-height:1.4;"&gt;Предлагам за продажба,къща близнак,находяща се в гр.Своге.На асфалтов път с целогодишен достъп и целогодишно ползване.На пешеходно разстояние от центъра да града,около 15 минути.Къщата се състой от остъклена тераса,преход към вестибюл и три обширни с...&lt;/p&gt;
            &lt;/div&gt;
        ]]&gt;</description>
      <Point>
        <coordinates>23.348232,42.960184,0</coordinates>
      </Point>
    </Placemark>
    <Placemark>
      <name>Продава КЪЩА област София, с. Луково Обява: 1j172051970015198 (36 900 €)</name>
      <ExtendedData>
        <SchemaData schemaUrl="#PropertySchema">
          <SimpleData name="Price">36 900 €</SimpleData>
          <SimpleData name="Size">60 кв.м</SimpleData>
          <SimpleData name="URL">https://www.imot.bg/obiava-1j172051970015198-prodava-kashta-oblast-sofiya-s-lukovo</SimpleData>
        </SchemaData>
      </ExtendedData>
      <styleUrl>#style_green</styleUrl>
      <description>&lt;![CDATA[
            &lt;div style="font-family: sans-serif; max-width: 320px;"&gt;
                &lt;img src="https://cdn3.focus.bg/imot/photosimotbg/1/198//big/1j172051970015198_Bh.jpg" style="width:100%; height:auto; max-height:220px; object-fit:cover; border-radius:6px; margin-bottom:12px;"/&gt;
                &lt;hr style="border:0; border-top:1px solid #ccc; margin:10px 0;"/&gt;
                &lt;p style="margin:4px 0;"&gt;&lt;b&gt;Matched:&lt;/b&gt; +ток(+10), +целогодишен достъп(+12), +кладенец(+5), +двор(+4)&lt;/p&gt;
                &lt;p style="margin:4px 0;"&gt;&lt;b&gt;Penalties:&lt;/b&gt; None&lt;/p&gt;
                &lt;hr style="border:0; border-top:1px solid #ccc; margin:10px 0;"/&gt;
                &lt;p style="margin-top:6px; color:#444;"&gt;&lt;b&gt;Description:&lt;/b&gt;&lt;/p&gt;
                &lt;p style="color:#555; font-size:13px; line-height:1.4;"&gt;Масивна двуетажна къща от 1977г,2 етажа по 30 кв.м.,двор 1000 кв.м. с кладенец,денивелация,овощни дървета,ток,ограда,целогодишен достъп по асфалтов и бетонен път, наоколо живеят съседи целогодишно,граничи с борова гора,парцелът е слънчев,със западно ...&lt;/p&gt;
            &lt;/div&gt;
        ]]&gt;</description>
      <Point>
        <coordinates>23.409102,42.873515,0</coordinates>
      </Point>
    </Placemark>
    <Placemark>
      <name>Продава КЪЩА област София, гр. Своге Обява: 1j174465040663257 (23 000 €)</name>
      <ExtendedData>
        <SchemaData schemaUrl="#PropertySchema">
          <SimpleData name="Price">23 000 €</SimpleData>
          <SimpleData name="Size">50 кв.м</SimpleData>
          <SimpleData name="URL">https://www.imot.bg/obiava-1j174465040663257-prodava-kashta-oblast-sofiya-gr-svoge</SimpleData>
        </SchemaData>
      </ExtendedData>
      <styleUrl>#style_yellow</styleUrl>
      <description>&lt;![CDATA[
            &lt;div style="font-family: sans-serif; max-width: 320px;"&gt;
                &lt;img src="https://imotstatic4.focus.bg/imot/photosimotbg/1/257//big/1j174465040663257_nq.jpg" style="width:100%; height:auto; max-height:220px; object-fit:cover; border-radius:6px; margin-bottom:12px;"/&gt;
                &lt;hr style="border:0; border-top:1px solid #ccc; margin:10px 0;"/&gt;
                &lt;p style="margin:4px 0;"&gt;&lt;b&gt;Matched:&lt;/b&gt; +ток(+10), +вода(+10), +канализация(+10)&lt;/p&gt;
                &lt;p style="margin:4px 0;"&gt;&lt;b&gt;Penalties:&lt;/b&gt; None&lt;/p&gt;
                &lt;hr style="border:0; border-top:1px solid #ccc; margin:10px 0;"/&gt;
                &lt;p style="margin-top:6px; color:#444;"&gt;&lt;b&gt;Description:&lt;/b&gt;&lt;/p&gt;
                &lt;p style="color:#555; font-size:13px; line-height:1.4;"&gt;7️⃣ 7Estate дарява 7% от печалбата за благотворителни каузи📧 https://7estate.bg/ 7️⃣ Имаме удоволствието да предложим на Вашето внимание парцел с готова инфраструктура и изградени тераси, идеален за изграждане на мечтания дом сред природата. 📍 Районъ...&lt;/p&gt;
            &lt;/div&gt;
        ]]&gt;</description>
      <Point>
        <coordinates>23.348497,42.960098,0</coordinates>
      </Point>
    </Placemark>
    <Placemark>
      <name>Продава КЪЩА област София, с. Владо Тричков Корита Обява: 1j178773397488379 (26 500 €)</name>
      <ExtendedData>
        <SchemaData schemaUrl="#PropertySchema">
          <SimpleData name="Price">26 500 €</SimpleData>
          <SimpleData name="Size">70 кв.м</SimpleData>
          <SimpleData name="URL">https://www.imot.bg/obiava-1j178773397488379-prodava-kashta-oblast-sofiya-s-vlado-trichkov-korita</SimpleData>
        </SchemaData>
      </ExtendedData>
      <styleUrl>#style_yellow</styleUrl>
      <description>&lt;![CDATA[
            &lt;div style="font-family: sans-serif; max-width: 320px;"&gt;
                &lt;img src="https://imotstatic2.focus.bg/imot/photosimotbg/1/379//big/1j178773397488379_li.jpg" style="width:100%; height:auto; max-height:220px; object-fit:cover; border-radius:6px; margin-bottom:12px;"/&gt;
                &lt;hr style="border:0; border-top:1px solid #ccc; margin:10px 0;"/&gt;
                &lt;p style="margin:4px 0;"&gt;&lt;b&gt;Matched:&lt;/b&gt; +гараж(+10), +ток(+10), +вода(+10)&lt;/p&gt;
                &lt;p style="margin:4px 0;"&gt;&lt;b&gt;Penalties:&lt;/b&gt; None&lt;/p&gt;
                &lt;hr style="border:0; border-top:1px solid #ccc; margin:10px 0;"/&gt;
                &lt;p style="margin-top:6px; color:#444;"&gt;&lt;b&gt;Description:&lt;/b&gt;&lt;/p&gt;
                &lt;p style="color:#555; font-size:13px; line-height:1.4;"&gt;Продава се недвижим имот, находящ се извън строителните граници на с. Тричков, Софийска област, местност  Корита ,достъпа до имота е по калдаръмен път на около 2.5 км от асвалтов път. Имота е на тихо и спокойно място. Имотът представлява дворно място...&lt;/p&gt;
            &lt;/div&gt;
        ]]&gt;</description>
      <Point>
        <coordinates>23.365089,42.864756,0</coordinates>
      </Point>
    </Placemark>
    <Placemark>
      <name>Продава КЪЩА област София, с. Калугерово Обява: 1j167888598994823 (27 000 €)</name>
      <ExtendedData>
        <SchemaData schemaUrl="#PropertySchema">
          <SimpleData name="Price">27 000 €</SimpleData>
          <SimpleData name="Size">112 кв.м</SimpleData>
          <SimpleData name="URL">https://www.imot.bg/obiava-1j167888598994823-prodava-kashta-oblast-sofiya-s-kalugerovo</SimpleData>
        </SchemaData>
      </ExtendedData>
      <styleUrl>#style_yellow</styleUrl>
      <description>&lt;![CDATA[
            &lt;div style="font-family: sans-serif; max-width: 320px;"&gt;
                &lt;img src="https://imotstatic4.focus.bg/imot/photosimotbg/1/823//big/1j167888598994823_X6.jpg" style="width:100%; height:auto; max-height:220px; object-fit:cover; border-radius:6px; margin-bottom:12px;"/&gt;
                &lt;hr style="border:0; border-top:1px solid #ccc; margin:10px 0;"/&gt;
                &lt;p style="margin:4px 0;"&gt;&lt;b&gt;Matched:&lt;/b&gt; +гараж(+10), +ток(+10), +вода(+10)&lt;/p&gt;
                &lt;p style="margin:4px 0;"&gt;&lt;b&gt;Penalties:&lt;/b&gt; None&lt;/p&gt;
                &lt;hr style="border:0; border-top:1px solid #ccc; margin:10px 0;"/&gt;
                &lt;p style="margin-top:6px; color:#444;"&gt;&lt;b&gt;Description:&lt;/b&gt;&lt;/p&gt;
                &lt;p style="color:#555; font-size:13px; line-height:1.4;"&gt;Двуетажна паянтова жилищна сграда със застроена площ 37,23 кв. метра. Къщата е със самостоятелен вход и обособено дворно място 800 кв. метра. Разпределението е следното: Приземен етаж с мазе и гараж, външни стълби към първи етаж, който се състои от д...&lt;/p&gt;
            &lt;/div&gt;
        ]]&gt;</description>
      <Point>
        <coordinates>23.894915,42.990753,0</coordinates>
      </Point>
    </Placemark>
    <Placemark>
      <name>Продава КЪЩА област София, с. Правешка Лакавица Обява: 1j176181143450727 (26 000 €)</name>
      <ExtendedData>
        <SchemaData schemaUrl="#PropertySchema">
          <SimpleData name="Price">26 000 €</SimpleData>
          <SimpleData name="Size">100 кв.м</SimpleData>
          <SimpleData name="URL">https://www.imot.bg/obiava-1j176181143450727-prodava-kashta-oblast-sofiya-s-praveshka-lakavitsa</SimpleData>
        </SchemaData>
      </ExtendedData>
      <styleUrl>#style_yellow</styleUrl>
      <description>&lt;![CDATA[
            &lt;div style="font-family: sans-serif; max-width: 320px;"&gt;
                &lt;img src="https://cdn3.focus.bg/imot/photosimotbg/1/727//big/1j176181143450727_y3.jpg" style="width:100%; height:auto; max-height:220px; object-fit:cover; border-radius:6px; margin-bottom:12px;"/&gt;
                &lt;hr style="border:0; border-top:1px solid #ccc; margin:10px 0;"/&gt;
                &lt;p style="margin:4px 0;"&gt;&lt;b&gt;Matched:&lt;/b&gt; +ток(+10), +вода(+10), +кладенец(+5), +двор(+4)&lt;/p&gt;
                &lt;p style="margin:4px 0;"&gt;&lt;b&gt;Penalties:&lt;/b&gt; None&lt;/p&gt;
                &lt;hr style="border:0; border-top:1px solid #ccc; margin:10px 0;"/&gt;
                &lt;p style="margin-top:6px; color:#444;"&gt;&lt;b&gt;Description:&lt;/b&gt;&lt;/p&gt;
                &lt;p style="color:#555; font-size:13px; line-height:1.4;"&gt;Предлагаме ви стара къща с двор от 2000кв.м.в село Правешка Лакавица.Къщата е захранена с ток и вода,а под нея има кладенец и казан за варене на ракия....&lt;/p&gt;
            &lt;/div&gt;
        ]]&gt;</description>
      <Point>
        <coordinates>23.9036101,42.9493105,0</coordinates>
      </Point>
    </Placemark>
    <Placemark>
      <name>Продава ВИЛА област София, гр. Костинброд Обява: 1k178674942129688 (26 300 €)</name>
      <ExtendedData>
        <SchemaData schemaUrl="#PropertySchema">
          <SimpleData name="Price">26 300 €</SimpleData>
          <SimpleData name="Size">54 кв.м</SimpleData>
          <SimpleData name="URL">https://www.imot.bg/obiava-1k178674942129688-prodava-vila-oblast-sofiya-gr-kostinbrod</SimpleData>
        </SchemaData>
      </ExtendedData>
      <styleUrl>#style_yellow</styleUrl>
      <description>&lt;![CDATA[
            &lt;div style="font-family: sans-serif; max-width: 320px;"&gt;
                &lt;img src="https://imotstatic1.focus.bg/imot/photosimotbg/1/688//big/1k178674942129688_7f.jpg" style="width:100%; height:auto; max-height:220px; object-fit:cover; border-radius:6px; margin-bottom:12px;"/&gt;
                &lt;hr style="border:0; border-top:1px solid #ccc; margin:10px 0;"/&gt;
                &lt;p style="margin:4px 0;"&gt;&lt;b&gt;Matched:&lt;/b&gt; +ток(+10), +вода(+10), +сонда(+5), +двор(+4)&lt;/p&gt;
                &lt;p style="margin:4px 0;"&gt;&lt;b&gt;Penalties:&lt;/b&gt; None&lt;/p&gt;
                &lt;hr style="border:0; border-top:1px solid #ccc; margin:10px 0;"/&gt;
                &lt;p style="margin-top:6px; color:#444;"&gt;&lt;b&gt;Description:&lt;/b&gt;&lt;/p&gt;
                &lt;p style="color:#555; font-size:13px; line-height:1.4;"&gt;Представяме ви уникална възможност за инвестиция   очарователна вила, разположена в едно от най‑спокойните и зелени кътчета край София   село Царичина, само на 20 25 минути от града. Имотът включва 54 кв.м масивна постройка на две нива, съчетаваща фу...&lt;/p&gt;
            &lt;/div&gt;
        ]]&gt;</description>
      <Point>
        <coordinates>23.215651,42.813649,0</coordinates>
      </Point>
    </Placemark>
    <Placemark>
      <name>Продава ВИЛА област София, гр. Своге Село Свидня Обява: 1k178137130697799 (42 000 €)</name>
      <ExtendedData>
        <SchemaData schemaUrl="#PropertySchema">
          <SimpleData name="Price">42 000 €</SimpleData>
          <SimpleData name="Size">60 кв.м</SimpleData>
          <SimpleData name="URL">https://www.imot.bg/obiava-1k178137130697799-prodava-vila-oblast-sofiya-gr-svoge-selo-svidnya</SimpleData>
        </SchemaData>
      </ExtendedData>
      <styleUrl>#style_yellow</styleUrl>
      <description>&lt;![CDATA[
            &lt;div style="font-family: sans-serif; max-width: 320px;"&gt;
                &lt;img src="https://imotstatic2.focus.bg/imot/photosimotbg/1/799//big/1k178137130697799_WH.jpg" style="width:100%; height:auto; max-height:220px; object-fit:cover; border-radius:6px; margin-bottom:12px;"/&gt;
                &lt;hr style="border:0; border-top:1px solid #ccc; margin:10px 0;"/&gt;
                &lt;p style="margin:4px 0;"&gt;&lt;b&gt;Matched:&lt;/b&gt; +ток(+10), +вода(+10), +кладенец(+5), +двор(+4)&lt;/p&gt;
                &lt;p style="margin:4px 0;"&gt;&lt;b&gt;Penalties:&lt;/b&gt; None&lt;/p&gt;
                &lt;hr style="border:0; border-top:1px solid #ccc; margin:10px 0;"/&gt;
                &lt;p style="margin-top:6px; color:#444;"&gt;&lt;b&gt;Description:&lt;/b&gt;&lt;/p&gt;
                &lt;p style="color:#555; font-size:13px; line-height:1.4;"&gt;Вилата има ток,вода ,кладенец . Продава се с частично обзавеждане . Добре поддържан двор . Постоянни съседи и се обитава постоянно....&lt;/p&gt;
            &lt;/div&gt;
        ]]&gt;</description>
      <Point>
        <coordinates>23.34866,42.959873,0</coordinates>
      </Point>
    </Placemark>
    <Placemark>
      <name>Продава ВИЛА област София, с. Луково Обява: 1k177124918861503 (27 999 €)</name>
      <ExtendedData>
        <SchemaData schemaUrl="#PropertySchema">
          <SimpleData name="Price">27 999 €</SimpleData>
          <SimpleData name="Size">83 кв.м</SimpleData>
          <SimpleData name="URL">https://www.imot.bg/obiava-1k177124918861503-prodava-vila-oblast-sofiya-s-lukovo</SimpleData>
        </SchemaData>
      </ExtendedData>
      <styleUrl>#style_yellow</styleUrl>
      <description>&lt;![CDATA[
            &lt;div style="font-family: sans-serif; max-width: 320px;"&gt;
                &lt;img src="https://cdn3.focus.bg/imot/photosimotbg/1/503//big/1k177124918861503_1a.jpg" style="width:100%; height:auto; max-height:220px; object-fit:cover; border-radius:6px; margin-bottom:12px;"/&gt;
                &lt;hr style="border:0; border-top:1px solid #ccc; margin:10px 0;"/&gt;
                &lt;p style="margin:4px 0;"&gt;&lt;b&gt;Matched:&lt;/b&gt; +ток(+10), +вода(+10), +кладенец(+5), +двор(+4)&lt;/p&gt;
                &lt;p style="margin:4px 0;"&gt;&lt;b&gt;Penalties:&lt;/b&gt; None&lt;/p&gt;
                &lt;hr style="border:0; border-top:1px solid #ccc; margin:10px 0;"/&gt;
                &lt;p style="margin-top:6px; color:#444;"&gt;&lt;b&gt;Description:&lt;/b&gt;&lt;/p&gt;
                &lt;p style="color:#555; font-size:13px; line-height:1.4;"&gt;🏡 Къща с двор от 720 кв.м в с. Луково   на 35 км от София Цена: 27 999 евро GPS координати: 42.876803, 23.383512 Имотът предлага спокойствие, чист въздух и възможност да бъде преобразен според нуждите на новия собственик. Основни параметри: Парцел: 7...&lt;/p&gt;
            &lt;/div&gt;
        ]]&gt;</description>
      <Point>
        <coordinates>23.409454,42.873346,0</coordinates>
      </Point>
    </Placemark>
    <Placemark>
      <name>Продава КЪЩА област София, с. Горна Василица м.Пердова Обява: 1j178694986442643 (25 000 €)</name>
      <ExtendedData>
        <SchemaData schemaUrl="#PropertySchema">
          <SimpleData name="Price">25 000 €</SimpleData>
          <SimpleData name="Size">76 кв.м</SimpleData>
          <SimpleData name="URL">https://www.imot.bg/obiava-1j178694986442643-prodava-kashta-oblast-sofiya-s-gorna-vasilitsa-m-perdova</SimpleData>
        </SchemaData>
      </ExtendedData>
      <styleUrl>#style_yellow</styleUrl>
      <description>&lt;![CDATA[
            &lt;div style="font-family: sans-serif; max-width: 320px;"&gt;
                &lt;img src="https://imotstatic3.focus.bg/imot/photosimotbg/1/643//big/1j178694986442643_TM.jpg" style="width:100%; height:auto; max-height:220px; object-fit:cover; border-radius:6px; margin-bottom:12px;"/&gt;
                &lt;hr style="border:0; border-top:1px solid #ccc; margin:10px 0;"/&gt;
                &lt;p style="margin:4px 0;"&gt;&lt;b&gt;Matched:&lt;/b&gt; +ток(+10), +вода(+10), +панорама(+4), +двор(+4)&lt;/p&gt;
                &lt;p style="margin:4px 0;"&gt;&lt;b&gt;Penalties:&lt;/b&gt; None&lt;/p&gt;
                &lt;hr style="border:0; border-top:1px solid #ccc; margin:10px 0;"/&gt;
                &lt;p style="margin-top:6px; color:#444;"&gt;&lt;b&gt;Description:&lt;/b&gt;&lt;/p&gt;
                &lt;p style="color:#555; font-size:13px; line-height:1.4;"&gt;Стара селска къща със ЗП от 76 кв.м. ведно с двор УПИ от 1124 кв.м. в село Горна Василица, община Костенец. Паянтова конструкция, в лошо състояние включително теч от покрива. Възможно реставриране по желание. От към улицата дворът е ограден с дувар о...&lt;/p&gt;
            &lt;/div&gt;
        ]]&gt;</description>
      <Point>
        <coordinates>23.84975,42.34674,0</coordinates>
      </Point>
    </Placemark>
    <Placemark>
      <name>Продава ВИЛА област София, с. Владо Тричков Ромча Обява: 1k169877165462335 (18 000 €)</name>
      <ExtendedData>
        <SchemaData schemaUrl="#PropertySchema">
          <SimpleData name="Price">18 000 €</SimpleData>
          <SimpleData name="Size">18 кв.м</SimpleData>
          <SimpleData name="URL">https://www.imot.bg/obiava-1k169877165462335-prodava-vila-oblast-sofiya-s-vlado-trichkov-romcha</SimpleData>
        </SchemaData>
      </ExtendedData>
      <styleUrl>#style_yellow</styleUrl>
      <description>&lt;![CDATA[
            &lt;div style="font-family: sans-serif; max-width: 320px;"&gt;
                &lt;img src="https://imotstatic1.focus.bg/imot/photosimotbg/1/335//big/1k169877165462335_Wx.jpg" style="width:100%; height:auto; max-height:220px; object-fit:cover; border-radius:6px; margin-bottom:12px;"/&gt;
                &lt;hr style="border:0; border-top:1px solid #ccc; margin:10px 0;"/&gt;
                &lt;p style="margin:4px 0;"&gt;&lt;b&gt;Matched:&lt;/b&gt; +ток(+10), +вода(+10), +панорама(+4), +двор(+4)&lt;/p&gt;
                &lt;p style="margin:4px 0;"&gt;&lt;b&gt;Penalties:&lt;/b&gt; None&lt;/p&gt;
                &lt;hr style="border:0; border-top:1px solid #ccc; margin:10px 0;"/&gt;
                &lt;p style="margin-top:6px; color:#444;"&gt;&lt;b&gt;Description:&lt;/b&gt;&lt;/p&gt;
                &lt;p style="color:#555; font-size:13px; line-height:1.4;"&gt;Масивно  Бунгало на етаж и полуетаж.Достъп по макадан.Съседи целогодишно живущи.Двор терасиран.Вода от извор.Мазе.Ток.Панорама.трл.0876115191...&lt;/p&gt;
            &lt;/div&gt;
        ]]&gt;</description>
      <Point>
        <coordinates>23.365314,42.864696,0</coordinates>
      </Point>
    </Placemark>
    <Placemark>
      <name>Продава КЪЩА област София, с. Свидня Обява: 1j177764750379629 (45 000 €)</name>
      <ExtendedData>
        <SchemaData schemaUrl="#PropertySchema">
          <SimpleData name="Price">45 000 €</SimpleData>
          <SimpleData name="Size">90 кв.м</SimpleData>
          <SimpleData name="URL">https://www.imot.bg/obiava-1j177764750379629-prodava-kashta-oblast-sofiya-s-svidnya</SimpleData>
        </SchemaData>
      </ExtendedData>
      <styleUrl>#style_yellow</styleUrl>
      <description>&lt;![CDATA[
            &lt;div style="font-family: sans-serif; max-width: 320px;"&gt;
                &lt;img src="https://cdn3.focus.bg/imot/photosimotbg/1/629//big/1j177764750379629_Dm.jpg" style="width:100%; height:auto; max-height:220px; object-fit:cover; border-radius:6px; margin-bottom:12px;"/&gt;
                &lt;hr style="border:0; border-top:1px solid #ccc; margin:10px 0;"/&gt;
                &lt;p style="margin:4px 0;"&gt;&lt;b&gt;Matched:&lt;/b&gt; +ток(+10), +асфалт(+8), +сонда(+5), +двор(+4)&lt;/p&gt;
                &lt;p style="margin:4px 0;"&gt;&lt;b&gt;Penalties:&lt;/b&gt; None&lt;/p&gt;
                &lt;hr style="border:0; border-top:1px solid #ccc; margin:10px 0;"/&gt;
                &lt;p style="margin-top:6px; color:#444;"&gt;&lt;b&gt;Description:&lt;/b&gt;&lt;/p&gt;
                &lt;p style="color:#555; font-size:13px; line-height:1.4;"&gt;Масивна къща в село Свидня , асфалт и 100 м черен път . На два етажа и приземен етаж .Двор 900 кв .м , ток, възможност за сонда . Изключителни права . Съдействие за кредитиране . За допълнителна информация на посоченият телефон ....&lt;/p&gt;
            &lt;/div&gt;
        ]]&gt;</description>
      <Point>
        <coordinates>23.298594,42.96921,0</coordinates>
      </Point>
    </Placemark>
    <Placemark>
      <name>Продава ВИЛА област София, с. Свидня Обява: 1k165349073718160 (14 000 €)</name>
      <ExtendedData>
        <SchemaData schemaUrl="#PropertySchema">
          <SimpleData name="Price">14 000 €</SimpleData>
          <SimpleData name="Size">16 кв.м</SimpleData>
          <SimpleData name="URL">https://www.imot.bg/obiava-1k165349073718160-prodava-vila-oblast-sofiya-s-svidnya</SimpleData>
        </SchemaData>
      </ExtendedData>
      <styleUrl>#style_yellow</styleUrl>
      <description>&lt;![CDATA[
            &lt;div style="font-family: sans-serif; max-width: 320px;"&gt;
                &lt;img src="https://cdn3.focus.bg/imot/photosimotbg/1/160//big/1k165349073718160_Ny.jpg" style="width:100%; height:auto; max-height:220px; object-fit:cover; border-radius:6px; margin-bottom:12px;"/&gt;
                &lt;hr style="border:0; border-top:1px solid #ccc; margin:10px 0;"/&gt;
                &lt;p style="margin:4px 0;"&gt;&lt;b&gt;Matched:&lt;/b&gt; +ток(+10), +целогодишен достъп(+12), +кладенец(+5)&lt;/p&gt;
                &lt;p style="margin:4px 0;"&gt;&lt;b&gt;Penalties:&lt;/b&gt; None&lt;/p&gt;
                &lt;hr style="border:0; border-top:1px solid #ccc; margin:10px 0;"/&gt;
                &lt;p style="margin-top:6px; color:#444;"&gt;&lt;b&gt;Description:&lt;/b&gt;&lt;/p&gt;
                &lt;p style="color:#555; font-size:13px; line-height:1.4;"&gt;Вила в живописната м. Дашовци на с. Свидня с дворно място от 500 кв.м., представляваща паянтова постройка застроена на площ от около 16 кв.м. на етаж и половина с тераса, ток, кладенец с дълбочина 8 метра и постоянен воден стълб 3,5 метра и 10 овощни...&lt;/p&gt;
            &lt;/div&gt;
        ]]&gt;</description>
      <Point>
        <coordinates>23.298758,42.968985,0</coordinates>
      </Point>
    </Placemark>
    <Placemark>
      <name>Продава ВИЛА област София, с. Владо Тричков м 'Калугерица' Обява: 1k171663156936493 (45 000 €)</name>
      <ExtendedData>
        <SchemaData schemaUrl="#PropertySchema">
          <SimpleData name="Price">45 000 €</SimpleData>
          <SimpleData name="Size">36 кв.м</SimpleData>
          <SimpleData name="URL">https://www.imot.bg/obiava-1k171663156936493-prodava-vila-oblast-sofiya-s-vlado-trichkov-m-kalugeritsa</SimpleData>
        </SchemaData>
      </ExtendedData>
      <styleUrl>#style_yellow</styleUrl>
      <description>&lt;![CDATA[
            &lt;div style="font-family: sans-serif; max-width: 320px;"&gt;
                &lt;img src="https://imotstatic3.focus.bg/imot/photosimotbg/1/493//big/1k171663156936493_Q3.jpg" style="width:100%; height:auto; max-height:220px; object-fit:cover; border-radius:6px; margin-bottom:12px;"/&gt;
                &lt;hr style="border:0; border-top:1px solid #ccc; margin:10px 0;"/&gt;
                &lt;p style="margin:4px 0;"&gt;&lt;b&gt;Matched:&lt;/b&gt; +вода(+10), +целогодишен достъп(+12), +кладенец(+5)&lt;/p&gt;
                &lt;p style="margin:4px 0;"&gt;&lt;b&gt;Penalties:&lt;/b&gt; None&lt;/p&gt;
                &lt;hr style="border:0; border-top:1px solid #ccc; margin:10px 0;"/&gt;
                &lt;p style="margin-top:6px; color:#444;"&gt;&lt;b&gt;Description:&lt;/b&gt;&lt;/p&gt;
                &lt;p style="color:#555; font-size:13px; line-height:1.4;"&gt;***ВИДЕО в обявата под текста*** ЕДНОЕТАЖНА ВИЛНА ПОСТРОЙКА, РАЗПОЛОЖЕНА В ИМОТ С ЦЕЛОГОДИШЕН ДОСТЪП, С ЕЛЕКТРОЗАХРАНВАНЕ И ОСИГУРЕНА ВОДА ОТ НОВОИЗГРАДЕН СОНДАЖЕН КЛАДЕНЕЦ!!! МЕСТОПОЛОЖЕНИЕ: с. Владо Тричков, м. Калугерица. Селото е разположено на 8...&lt;/p&gt;
            &lt;/div&gt;
        ]]&gt;</description>
      <Point>
        <coordinates>23.365479,42.864531,0</coordinates>
      </Point>
    </Placemark>
    <Placemark>
      <name>Продава ВИЛА област София, с. Владо Тричков м 'Калугерица' Обява: 1k171663156936493 (45 000 €)</name>
      <ExtendedData>
        <SchemaData schemaUrl="#PropertySchema">
          <SimpleData name="Price">45 000 €</SimpleData>
          <SimpleData name="Size">36 кв.м</SimpleData>
          <SimpleData name="URL">https://www.imot.bg/obiava-1k171663156936493-prodava-vila-oblast-sofiya-s-vlado-trichkov-m-kalugeritsa#playertag</SimpleData>
        </SchemaData>
      </ExtendedData>
      <styleUrl>#style_yellow</styleUrl>
      <description>&lt;![CDATA[
            &lt;div style="font-family: sans-serif; max-width: 320px;"&gt;
                &lt;img src="https://imotstatic3.focus.bg/imot/photosimotbg/1/493//big/1k171663156936493_Q3.jpg" style="width:100%; height:auto; max-height:220px; object-fit:cover; border-radius:6px; margin-bottom:12px;"/&gt;
                &lt;hr style="border:0; border-top:1px solid #ccc; margin:10px 0;"/&gt;
                &lt;p style="margin:4px 0;"&gt;&lt;b&gt;Matched:&lt;/b&gt; +вода(+10), +целогодишен достъп(+12), +кладенец(+5)&lt;/p&gt;
                &lt;p style="margin:4px 0;"&gt;&lt;b&gt;Penalties:&lt;/b&gt; None&lt;/p&gt;
                &lt;hr style="border:0; border-top:1px solid #ccc; margin:10px 0;"/&gt;
                &lt;p style="margin-top:6px; color:#444;"&gt;&lt;b&gt;Description:&lt;/b&gt;&lt;/p&gt;
                &lt;p style="color:#555; font-size:13px; line-height:1.4;"&gt;***ВИДЕО в обявата под текста*** ЕДНОЕТАЖНА ВИЛНА ПОСТРОЙКА, РАЗПОЛОЖЕНА В ИМОТ С ЦЕЛОГОДИШЕН ДОСТЪП, С ЕЛЕКТРОЗАХРАНВАНЕ И ОСИГУРЕНА ВОДА ОТ НОВОИЗГРАДЕН СОНДАЖЕН КЛАДЕНЕЦ!!! МЕСТОПОЛОЖЕНИЕ: с. Владо Тричков, м. Калугерица. Селото е разположено на 8...&lt;/p&gt;
            &lt;/div&gt;
        ]]&gt;</description>
      <Point>
        <coordinates>23.365539,42.864306,0</coordinates>
      </Point>
    </Placemark>
    <Placemark>
      <name>Продава КЪЩА област София, с. Бърдо Обява: 1j178272263727115 (50 000 €)</name>
      <ExtendedData>
        <SchemaData schemaUrl="#PropertySchema">
          <SimpleData name="Price">50 000 €</SimpleData>
          <SimpleData name="Size">188 кв.м</SimpleData>
          <SimpleData name="URL">https://www.imot.bg/obiava-1j178272263727115-prodava-kashta-oblast-sofiya-s-bardo</SimpleData>
        </SchemaData>
      </ExtendedData>
      <styleUrl>#style_yellow</styleUrl>
      <description>&lt;![CDATA[
            &lt;div style="font-family: sans-serif; max-width: 320px;"&gt;
                &lt;img src="https://cdn3.focus.bg/imot/photosimotbg/1/115//big/1j178272263727115_bN.jpg" style="width:100%; height:auto; max-height:220px; object-fit:cover; border-radius:6px; margin-bottom:12px;"/&gt;
                &lt;hr style="border:0; border-top:1px solid #ccc; margin:10px 0;"/&gt;
                &lt;p style="margin:4px 0;"&gt;&lt;b&gt;Matched:&lt;/b&gt; +гараж(+10), +канализация(+10), +кладенец(+5)&lt;/p&gt;
                &lt;p style="margin:4px 0;"&gt;&lt;b&gt;Penalties:&lt;/b&gt; None&lt;/p&gt;
                &lt;hr style="border:0; border-top:1px solid #ccc; margin:10px 0;"/&gt;
                &lt;p style="margin-top:6px; color:#444;"&gt;&lt;b&gt;Description:&lt;/b&gt;&lt;/p&gt;
                &lt;p style="color:#555; font-size:13px; line-height:1.4;"&gt;ДЕПОЗИРАНА! ПРОСТОРНА ТРИЕТАЖНА КЪЩА в с. Бърдо, общ. Ихтиман. Разположена на 188кв.м. къщата има следното разпределение: на партерен и сутеренен етаж са разположени съответно, двоен гараж, котелно помещение и мазе с вътрешно стълбище. На първи етаж:...&lt;/p&gt;
            &lt;/div&gt;
        ]]&gt;</description>
      <Point>
        <coordinates>23.8058025,42.5685331,0</coordinates>
      </Point>
    </Placemark>
    <Placemark>
      <name>Продава КЪЩА област София, с. Малки Искър Обява: 1j177934555485117 (42 000 €)</name>
      <ExtendedData>
        <SchemaData schemaUrl="#PropertySchema">
          <SimpleData name="Price">42 000 €</SimpleData>
          <SimpleData name="Size">30 кв.м</SimpleData>
          <SimpleData name="URL">https://www.imot.bg/obiava-1j177934555485117-prodava-kashta-oblast-sofiya-s-malki-iskar</SimpleData>
        </SchemaData>
      </ExtendedData>
      <styleUrl>#style_yellow</styleUrl>
      <description>&lt;![CDATA[
            &lt;div style="font-family: sans-serif; max-width: 320px;"&gt;
                &lt;img src="https://imotstatic2.focus.bg/imot/photosimotbg/1/117//big/1j177934555485117_xf.jpg" style="width:100%; height:auto; max-height:220px; object-fit:cover; border-radius:6px; margin-bottom:12px;"/&gt;
                &lt;hr style="border:0; border-top:1px solid #ccc; margin:10px 0;"/&gt;
                &lt;p style="margin:4px 0;"&gt;&lt;b&gt;Matched:&lt;/b&gt; +ток(+10), +вода(+10), +кладенец(+5)&lt;/p&gt;
                &lt;p style="margin:4px 0;"&gt;&lt;b&gt;Penalties:&lt;/b&gt; None&lt;/p&gt;
                &lt;hr style="border:0; border-top:1px solid #ccc; margin:10px 0;"/&gt;
                &lt;p style="margin-top:6px; color:#444;"&gt;&lt;b&gt;Description:&lt;/b&gt;&lt;/p&gt;
                &lt;p style="color:#555; font-size:13px; line-height:1.4;"&gt;Предлагаме ви новопостроена,незавършена,едноетажна къща до реката с лице на главната улица на село Малки Искър.Къщата има кладенец и е захранена с ток и вода от селският водопровод....&lt;/p&gt;
            &lt;/div&gt;
        ]]&gt;</description>
      <Point>
        <coordinates>24.0776729,42.9212604,0</coordinates>
      </Point>
    </Placemark>
    <Placemark>
      <name>Продава КЪЩА област София, с. Батулия Бельови къщи Обява: 1j177748926779809 (19 500 €)</name>
      <ExtendedData>
        <SchemaData schemaUrl="#PropertySchema">
          <SimpleData name="Price">19 500 €</SimpleData>
          <SimpleData name="Size">30 кв.м</SimpleData>
          <SimpleData name="URL">https://www.imot.bg/obiava-1j177748926779809-prodava-kashta-oblast-sofiya-s-batuliya-belyovi-kashti</SimpleData>
        </SchemaData>
      </ExtendedData>
      <styleUrl>#style_yellow</styleUrl>
      <description>&lt;![CDATA[
            &lt;div style="font-family: sans-serif; max-width: 320px;"&gt;
                &lt;img src="https://imotstatic2.focus.bg/imot/photosimotbg/1/809//big/1j177748926779809_dk.jpg" style="width:100%; height:auto; max-height:220px; object-fit:cover; border-radius:6px; margin-bottom:12px;"/&gt;
                &lt;hr style="border:0; border-top:1px solid #ccc; margin:10px 0;"/&gt;
                &lt;p style="margin:4px 0;"&gt;&lt;b&gt;Matched:&lt;/b&gt; +ток(+10), +вода(+10), +панорама(+4)&lt;/p&gt;
                &lt;p style="margin:4px 0;"&gt;&lt;b&gt;Penalties:&lt;/b&gt; None&lt;/p&gt;
                &lt;hr style="border:0; border-top:1px solid #ccc; margin:10px 0;"/&gt;
                &lt;p style="margin-top:6px; color:#444;"&gt;&lt;b&gt;Description:&lt;/b&gt;&lt;/p&gt;
                &lt;p style="color:#555; font-size:13px; line-height:1.4;"&gt;ОФЕРТА 26660. Виртуален 360 градуса оглед можете да направите на: https://unicomimoti.com/IAMS/360/26660/app-files/index.html Уни комерс продава малка масивна тухлена вилна къща в живописното село Батулия, местност Бельови къщи. Сградата е с площ 55к...&lt;/p&gt;
            &lt;/div&gt;
        ]]&gt;</description>
      <Point>
        <coordinates>23.42515,42.897255,0</coordinates>
      </Point>
    </Placemark>
    <Placemark>
      <name>Продава КЪЩА област София, с. Клисура (Самоков) Обява: 1j172258755790942 (28 000 €)</name>
      <ExtendedData>
        <SchemaData schemaUrl="#PropertySchema">
          <SimpleData name="Price">28 000 €</SimpleData>
          <SimpleData name="Size">60 кв.м</SimpleData>
          <SimpleData name="URL">https://www.imot.bg/obiava-1j172258755790942-prodava-kashta-oblast-sofiya-s-klisura-samokov</SimpleData>
        </SchemaData>
      </ExtendedData>
      <styleUrl>#style_yellow</styleUrl>
      <description>&lt;![CDATA[
            &lt;div style="font-family: sans-serif; max-width: 320px;"&gt;
                &lt;img src="https://imotstatic2.focus.bg/imot/photosimotbg/1/942//big/1j172258755790942_FM.jpg" style="width:100%; height:auto; max-height:220px; object-fit:cover; border-radius:6px; margin-bottom:12px;"/&gt;
                &lt;hr style="border:0; border-top:1px solid #ccc; margin:10px 0;"/&gt;
                &lt;p style="margin:4px 0;"&gt;&lt;b&gt;Matched:&lt;/b&gt; +ток(+10), +канализация(+10), +двор(+4)&lt;/p&gt;
                &lt;p style="margin:4px 0;"&gt;&lt;b&gt;Penalties:&lt;/b&gt; None&lt;/p&gt;
                &lt;hr style="border:0; border-top:1px solid #ccc; margin:10px 0;"/&gt;
                &lt;p style="margin-top:6px; color:#444;"&gt;&lt;b&gt;Description:&lt;/b&gt;&lt;/p&gt;
                &lt;p style="color:#555; font-size:13px; line-height:1.4;"&gt;ДИВА Пропъртис предлага в продажба самостоятелна къща с двор, намираща се в село Клисура, община Самоков, обл. София. Къщата е със застроена площ от 60 кв.м., едноетажна, с мазе и двор 416 кв.м. - изложение изток, юг и запад. Сградата е тухлена, стро...&lt;/p&gt;
            &lt;/div&gt;
        ]]&gt;</description>
      <Point>
        <coordinates>23.3564139,42.3205807,0</coordinates>
      </Point>
    </Placemark>
    <Placemark>
      <name>Продава КЪЩА област София, с. Лопян Обява: 1j176597210231853 (49 999 €)</name>
      <ExtendedData>
        <SchemaData schemaUrl="#PropertySchema">
          <SimpleData name="Price">49 999 €</SimpleData>
          <SimpleData name="Size">530 кв.м</SimpleData>
          <SimpleData name="URL">https://www.imot.bg/obiava-1j176597210231853-prodava-kashta-oblast-sofiya-s-lopyan</SimpleData>
        </SchemaData>
      </ExtendedData>
      <styleUrl>#style_yellow</styleUrl>
      <description>&lt;![CDATA[
            &lt;div style="font-family: sans-serif; max-width: 320px;"&gt;
                &lt;img src="https://imotstatic2.focus.bg/imot/photosimotbg/1/853//big/1j176597210231853_Q5.jpg" style="width:100%; height:auto; max-height:220px; object-fit:cover; border-radius:6px; margin-bottom:12px;"/&gt;
                &lt;hr style="border:0; border-top:1px solid #ccc; margin:10px 0;"/&gt;
                &lt;p style="margin:4px 0;"&gt;&lt;b&gt;Matched:&lt;/b&gt; +ток(+10), +вода(+10), +двор(+4)&lt;/p&gt;
                &lt;p style="margin:4px 0;"&gt;&lt;b&gt;Penalties:&lt;/b&gt; None&lt;/p&gt;
                &lt;hr style="border:0; border-top:1px solid #ccc; margin:10px 0;"/&gt;
                &lt;p style="margin-top:6px; color:#444;"&gt;&lt;b&gt;Description:&lt;/b&gt;&lt;/p&gt;
                &lt;p style="color:#555; font-size:13px; line-height:1.4;"&gt;Референтен номер: 940. Maxview предлага двуетажна къща с площ от 150 кв.м,разпределени в два етажа     На първият етаж е разположена кухня,две помещения,подходящи за механа и баня с санитарен възел.     На вторият етаж се намират три спални и баня с ...&lt;/p&gt;
            &lt;/div&gt;
        ]]&gt;</description>
      <Point>
        <coordinates>24.0756615,42.873406,0</coordinates>
      </Point>
    </Placemark>
    <Placemark>
      <name>Продава КЪЩА област София, с. Томпсън Обява: 1j170773995751480 (37 000 €)</name>
      <ExtendedData>
        <SchemaData schemaUrl="#PropertySchema">
          <SimpleData name="Price">37 000 €</SimpleData>
          <SimpleData name="Size">70 кв.м</SimpleData>
          <SimpleData name="URL">https://www.imot.bg/obiava-1j170773995751480-prodava-kashta-oblast-sofiya-s-tompsan</SimpleData>
        </SchemaData>
      </ExtendedData>
      <styleUrl>#style_yellow</styleUrl>
      <description>&lt;![CDATA[
            &lt;div style="font-family: sans-serif; max-width: 320px;"&gt;
                &lt;img src="https://imotstatic4.focus.bg/imot/photosimotbg/1/480//big/1j170773995751480_1n.jpg" style="width:100%; height:auto; max-height:220px; object-fit:cover; border-radius:6px; margin-bottom:12px;"/&gt;
                &lt;hr style="border:0; border-top:1px solid #ccc; margin:10px 0;"/&gt;
                &lt;p style="margin:4px 0;"&gt;&lt;b&gt;Matched:&lt;/b&gt; +ток(+10), +вода(+10), +двор(+4)&lt;/p&gt;
                &lt;p style="margin:4px 0;"&gt;&lt;b&gt;Penalties:&lt;/b&gt; None&lt;/p&gt;
                &lt;hr style="border:0; border-top:1px solid #ccc; margin:10px 0;"/&gt;
                &lt;p style="margin-top:6px; color:#444;"&gt;&lt;b&gt;Description:&lt;/b&gt;&lt;/p&gt;
                &lt;p style="color:#555; font-size:13px; line-height:1.4;"&gt;Панорамна гледка! Чист въздух, красота и спокойствие! Монолитна вила за продажба в с.Томпсън, общ.Своге с РЗП:70 кв.м. и двор от 500 кв.м. С ток, вода от каптаж. Чешма в близост до имота. На 2 km черен път след пощата в селото. Имот подходящ за хора ...&lt;/p&gt;
            &lt;/div&gt;
        ]]&gt;</description>
      <Point>
        <coordinates>23.381187,42.929372,0</coordinates>
      </Point>
    </Placemark>
    <Placemark>
      <name>Продава ВИЛА област София, с. Желен Обява: 1k171609865305072 (20 000 €)</name>
      <ExtendedData>
        <SchemaData schemaUrl="#PropertySchema">
          <SimpleData name="Price">20 000 €</SimpleData>
          <SimpleData name="Size">40 кв.м</SimpleData>
          <SimpleData name="URL">https://www.imot.bg/obiava-1k171609865305072-prodava-vila-oblast-sofiya-s-zhelen</SimpleData>
        </SchemaData>
      </ExtendedData>
      <styleUrl>#style_yellow</styleUrl>
      <description>&lt;![CDATA[
            &lt;div style="font-family: sans-serif; max-width: 320px;"&gt;
                &lt;img src="https://imotstatic3.focus.bg/imot/photosimotbg/1/072//big/1k171609865305072_jO.jpg" style="width:100%; height:auto; max-height:220px; object-fit:cover; border-radius:6px; margin-bottom:12px;"/&gt;
                &lt;hr style="border:0; border-top:1px solid #ccc; margin:10px 0;"/&gt;
                &lt;p style="margin:4px 0;"&gt;&lt;b&gt;Matched:&lt;/b&gt; +ток(+10), +вода(+10), +двор(+4)&lt;/p&gt;
                &lt;p style="margin:4px 0;"&gt;&lt;b&gt;Penalties:&lt;/b&gt; None&lt;/p&gt;
                &lt;hr style="border:0; border-top:1px solid #ccc; margin:10px 0;"/&gt;
                &lt;p style="margin-top:6px; color:#444;"&gt;&lt;b&gt;Description:&lt;/b&gt;&lt;/p&gt;
                &lt;p style="color:#555; font-size:13px; line-height:1.4;"&gt;ОТ СОБСТВЕНИК.Вила в с.Желен разположена на живописно място,оградена от гора с двор от 1300 кв.м.,вилата е с площ от 40 кв.м.,и има две спални и всекидневна,като в двора има и бунгало /15 кв.м./ за инструменти.Вилата има ток и опция за вода тъй като ...&lt;/p&gt;
            &lt;/div&gt;
        ]]&gt;</description>
      <Point>
        <coordinates>23.371559,42.98934,0</coordinates>
      </Point>
    </Placemark>
    <Placemark>
      <name>Продава ВИЛА област София, с. Чурек Обява: 1k166757055009965 (36 000 €)</name>
      <ExtendedData>
        <SchemaData schemaUrl="#PropertySchema">
          <SimpleData name="Price">36 000 €</SimpleData>
          <SimpleData name="Size">155 кв.м</SimpleData>
          <SimpleData name="URL">https://www.imot.bg/obiava-1k166757055009965-prodava-vila-oblast-sofiya-s-churek</SimpleData>
        </SchemaData>
      </ExtendedData>
      <styleUrl>#style_yellow</styleUrl>
      <description>&lt;![CDATA[
            &lt;div style="font-family: sans-serif; max-width: 320px;"&gt;
                &lt;img src="https://imotstatic1.focus.bg/imot/photosimotbg/1/965//big/1r166757055009965_kh.jpg" style="width:100%; height:auto; max-height:220px; object-fit:cover; border-radius:6px; margin-bottom:12px;"/&gt;
                &lt;hr style="border:0; border-top:1px solid #ccc; margin:10px 0;"/&gt;
                &lt;p style="margin:4px 0;"&gt;&lt;b&gt;Matched:&lt;/b&gt; +ток(+10), +вода(+10), +панорама(+4)&lt;/p&gt;
                &lt;p style="margin:4px 0;"&gt;&lt;b&gt;Penalties:&lt;/b&gt; None&lt;/p&gt;
                &lt;hr style="border:0; border-top:1px solid #ccc; margin:10px 0;"/&gt;
                &lt;p style="margin-top:6px; color:#444;"&gt;&lt;b&gt;Description:&lt;/b&gt;&lt;/p&gt;
                &lt;p style="color:#555; font-size:13px; line-height:1.4;"&gt;Скала Ди Недвижими имоти предлага ексклузивно отличен парцел със започната къща във вилната зона на с.Чурек. Прекрасна панорама. Бърз достъп и добре ситуиран спрямо магистрала Хемус, така,че не се чува шума от нея. Вилната зона е с хубави, модeрни къ...&lt;/p&gt;
            &lt;/div&gt;
        ]]&gt;</description>
      <Point>
        <coordinates>23.71624,42.77475,0</coordinates>
      </Point>
    </Placemark>
    <Placemark>
      <name>Продава ВИЛА област София, с. Свидня Обява: 1k171699470345952 (18 000 €)</name>
      <ExtendedData>
        <SchemaData schemaUrl="#PropertySchema">
          <SimpleData name="Price">18 000 €</SimpleData>
          <SimpleData name="Size">60 кв.м</SimpleData>
          <SimpleData name="URL">https://www.imot.bg/obiava-1k171699470345952-prodava-vila-oblast-sofiya-s-svidnya</SimpleData>
        </SchemaData>
      </ExtendedData>
      <styleUrl>#style_yellow</styleUrl>
      <description>&lt;![CDATA[
            &lt;div style="font-family: sans-serif; max-width: 320px;"&gt;
                &lt;img src="https://imotstatic1.focus.bg/imot/photosimotbg/1/952//big/1k171699470345952_9q.jpg" style="width:100%; height:auto; max-height:220px; object-fit:cover; border-radius:6px; margin-bottom:12px;"/&gt;
                &lt;hr style="border:0; border-top:1px solid #ccc; margin:10px 0;"/&gt;
                &lt;p style="margin:4px 0;"&gt;&lt;b&gt;Matched:&lt;/b&gt; +ток(+10), +вода(+10), +панорама(+4)&lt;/p&gt;
                &lt;p style="margin:4px 0;"&gt;&lt;b&gt;Penalties:&lt;/b&gt; None&lt;/p&gt;
                &lt;hr style="border:0; border-top:1px solid #ccc; margin:10px 0;"/&gt;
                &lt;p style="margin-top:6px; color:#444;"&gt;&lt;b&gt;Description:&lt;/b&gt;&lt;/p&gt;
                &lt;p style="color:#555; font-size:13px; line-height:1.4;"&gt;Вила на един етаж находяща се в махала 'Дашовци' с дворно място от 700 кв.м. на 700-800 метра от главния път за с. Чибаовци. Има четири помещения, разкошна веранда с прекрасна панорама и външна тоалетна. Под верандата се намира складовото помещение /...&lt;/p&gt;
            &lt;/div&gt;
        ]]&gt;</description>
      <Point>
        <coordinates>23.298758,42.968707,0</coordinates>
      </Point>
    </Placemark>
    <Placemark>
      <name>Продава КЪЩА област София, гр. Долна баня Обява: 1j175102529946763 (38 900 €)</name>
      <ExtendedData>
        <SchemaData schemaUrl="#PropertySchema">
          <SimpleData name="Price">38 900 €</SimpleData>
          <SimpleData name="Size">300 кв.м</SimpleData>
          <SimpleData name="URL">https://www.imot.bg/obiava-1j175102529946763-prodava-kashta-oblast-sofiya-gr-dolna-banya</SimpleData>
        </SchemaData>
      </ExtendedData>
      <styleUrl>#style_yellow</styleUrl>
      <description>&lt;![CDATA[
            &lt;div style="font-family: sans-serif; max-width: 320px;"&gt;
                &lt;img src="https://cdn3.focus.bg/imot/photosimotbg/1/763//big/1j175102529946763_6k.jpg" style="width:100%; height:auto; max-height:220px; object-fit:cover; border-radius:6px; margin-bottom:12px;"/&gt;
                &lt;hr style="border:0; border-top:1px solid #ccc; margin:10px 0;"/&gt;
                &lt;p style="margin:4px 0;"&gt;&lt;b&gt;Matched:&lt;/b&gt; +ток(+10), +вода(+10)&lt;/p&gt;
                &lt;p style="margin:4px 0;"&gt;&lt;b&gt;Penalties:&lt;/b&gt; None&lt;/p&gt;
                &lt;hr style="border:0; border-top:1px solid #ccc; margin:10px 0;"/&gt;
                &lt;p style="margin-top:6px; color:#444;"&gt;&lt;b&gt;Description:&lt;/b&gt;&lt;/p&gt;
                &lt;p style="color:#555; font-size:13px; line-height:1.4;"&gt;-УЗАКОНЕНА КЪЩА -ПРОСТОРЕН ПАРЦЕЛ с ток и вода -в регулация Консорс недвижими имоти предлага къща в просторен парцел / 976 м2 / на хубава локация в град Долна баня. Къщата е близнак и е узаконена, но има нужда от цялостно довършване. Парцела е изцяло...&lt;/p&gt;
            &lt;/div&gt;
        ]]&gt;</description>
      <Point>
        <coordinates>23.764538,42.311346,0</coordinates>
      </Point>
    </Placemark>
    <Placemark>
      <name>Продава КЪЩА област София, с. Габровница Искърско дефиле Обява: 1j175881085420759 (33 500 €)</name>
      <ExtendedData>
        <SchemaData schemaUrl="#PropertySchema">
          <SimpleData name="Price">33 500 €</SimpleData>
          <SimpleData name="Size">130 кв.м</SimpleData>
          <SimpleData name="URL">https://www.imot.bg/obiava-1j175881085420759-prodava-kashta-oblast-sofiya-s-gabrovnitsa-iskarsko-defile</SimpleData>
        </SchemaData>
      </ExtendedData>
      <styleUrl>#style_yellow</styleUrl>
      <description>&lt;![CDATA[
            &lt;div style="font-family: sans-serif; max-width: 320px;"&gt;
                &lt;img src="https://imotstatic2.focus.bg/imot/photosimotbg/1/759//big/1j175881085420759_66.jpg" style="width:100%; height:auto; max-height:220px; object-fit:cover; border-radius:6px; margin-bottom:12px;"/&gt;
                &lt;hr style="border:0; border-top:1px solid #ccc; margin:10px 0;"/&gt;
                &lt;p style="margin:4px 0;"&gt;&lt;b&gt;Matched:&lt;/b&gt; +ток(+10), +вода(+10)&lt;/p&gt;
                &lt;p style="margin:4px 0;"&gt;&lt;b&gt;Penalties:&lt;/b&gt; None&lt;/p&gt;
                &lt;hr style="border:0; border-top:1px solid #ccc; margin:10px 0;"/&gt;
                &lt;p style="margin-top:6px; color:#444;"&gt;&lt;b&gt;Description:&lt;/b&gt;&lt;/p&gt;
                &lt;p style="color:#555; font-size:13px; line-height:1.4;"&gt;БЕЗ КОМИСИОН ЗА КУПУВАЧА !!! 'Емили Риъл Естейтс' Ви предлага,триетажна къща в с.Габровница, общ.Своге. Къщата се намира в центъра на селото, на асфалтов път, също така е в близост до ЖП спирка. Разположена е в живописното Искърско дефиле, по пътя за...&lt;/p&gt;
            &lt;/div&gt;
        ]]&gt;</description>
      <Point>
        <coordinates>23.47433,43.06462,0</coordinates>
      </Point>
    </Placemark>
    <Placemark>
      <name>Продава ВИЛА област София, с. Долно Камарци Обява: 1k178212978937278 (49 900 €)</name>
      <ExtendedData>
        <SchemaData schemaUrl="#PropertySchema">
          <SimpleData name="Price">49 900 €</SimpleData>
          <SimpleData name="Size">47 кв.м</SimpleData>
          <SimpleData name="URL">https://www.imot.bg/obiava-1k178212978937278-prodava-vila-oblast-sofiya-s-dolno-kamartsi</SimpleData>
        </SchemaData>
      </ExtendedData>
      <styleUrl>#style_yellow</styleUrl>
      <description>&lt;![CDATA[
            &lt;div style="font-family: sans-serif; max-width: 320px;"&gt;
                &lt;img src="https://cdn3.focus.bg/imot/photosimotbg/1/278//big/1k178212978937278_fJ.jpg" style="width:100%; height:auto; max-height:220px; object-fit:cover; border-radius:6px; margin-bottom:12px;"/&gt;
                &lt;hr style="border:0; border-top:1px solid #ccc; margin:10px 0;"/&gt;
                &lt;p style="margin:4px 0;"&gt;&lt;b&gt;Matched:&lt;/b&gt; +ток(+10), +вода(+10)&lt;/p&gt;
                &lt;p style="margin:4px 0;"&gt;&lt;b&gt;Penalties:&lt;/b&gt; None&lt;/p&gt;
                &lt;hr style="border:0; border-top:1px solid #ccc; margin:10px 0;"/&gt;
                &lt;p style="margin-top:6px; color:#444;"&gt;&lt;b&gt;Description:&lt;/b&gt;&lt;/p&gt;
                &lt;p style="color:#555; font-size:13px; line-height:1.4;"&gt;ТОК И ВОДА !!! ЧАС ПЪТ ОТ СОФИЯ !!! ТИШИНА И СПОКОЙСТВИЕ !!! Home2U представя на Вашето внимание имот във вилната зона на с. Долно Камарци, само на около час път от София. Парцелът е с площ 1026 кв.м., преотстъпен от общината през 1981г. Върху парцел...&lt;/p&gt;
            &lt;/div&gt;
        ]]&gt;</description>
      <Point>
        <coordinates>23.856433,42.715181,0</coordinates>
      </Point>
    </Placemark>
    <Placemark>
      <name>Продава КЪЩА област София, с. Гинци Обява: 1j176519713527635 (30 000 €)</name>
      <ExtendedData>
        <SchemaData schemaUrl="#PropertySchema">
          <SimpleData name="Price">30 000 €</SimpleData>
          <SimpleData name="Size">60 кв.м</SimpleData>
          <SimpleData name="URL">https://www.imot.bg/obiava-1j176519713527635-prodava-kashta-oblast-sofiya-s-gintsi</SimpleData>
        </SchemaData>
      </ExtendedData>
      <styleUrl>#style_yellow</styleUrl>
      <description>&lt;![CDATA[
            &lt;div style="font-family: sans-serif; max-width: 320px;"&gt;
                &lt;img src="https://imotstatic2.focus.bg/imot/photosimotbg/1/635//big/1j176519713527635_AX.jpg" style="width:100%; height:auto; max-height:220px; object-fit:cover; border-radius:6px; margin-bottom:12px;"/&gt;
                &lt;hr style="border:0; border-top:1px solid #ccc; margin:10px 0;"/&gt;
                &lt;p style="margin:4px 0;"&gt;&lt;b&gt;Matched:&lt;/b&gt; +ток(+10), +вода(+10)&lt;/p&gt;
                &lt;p style="margin:4px 0;"&gt;&lt;b&gt;Penalties:&lt;/b&gt; None&lt;/p&gt;
                &lt;hr style="border:0; border-top:1px solid #ccc; margin:10px 0;"/&gt;
                &lt;p style="margin-top:6px; color:#444;"&gt;&lt;b&gt;Description:&lt;/b&gt;&lt;/p&gt;
                &lt;p style="color:#555; font-size:13px; line-height:1.4;"&gt;АСФАЛТОВ ПЪТ ! ! ! ТОК ! ! ! ВОДА ! ! ! ТИХ РАЙОН ! ! ! ПРИРОДА ! ! ! ЧИСТ ВЪЗДУХ ! ! ! Представяме на вашето внимание двуетажна къща, намираща се в село Гинци. Имотът е с площ 60 кв.м и парцел от 300 кв.м, разположен на тиха и спокойна локация, в бл...&lt;/p&gt;
            &lt;/div&gt;
        ]]&gt;</description>
      <Point>
        <coordinates>23.108167,43.073363,0</coordinates>
      </Point>
    </Placemark>
    <Placemark>
      <name>Продава КЪЩА област София, с. Белчин Обява: 1j178842604039587 (37 000 €)</name>
      <ExtendedData>
        <SchemaData schemaUrl="#PropertySchema">
          <SimpleData name="Price">37 000 €</SimpleData>
          <SimpleData name="Size">68 кв.м</SimpleData>
          <SimpleData name="URL">https://www.imot.bg/obiava-1j178842604039587-prodava-kashta-oblast-sofiya-s-belchin</SimpleData>
        </SchemaData>
      </ExtendedData>
      <styleUrl>#style_yellow</styleUrl>
      <description>&lt;![CDATA[
            &lt;div style="font-family: sans-serif; max-width: 320px;"&gt;
                &lt;img src="https://imotstatic2.focus.bg/imot/photosimotbg/1/587//big/1j178842604039587_KN.jpg" style="width:100%; height:auto; max-height:220px; object-fit:cover; border-radius:6px; margin-bottom:12px;"/&gt;
                &lt;hr style="border:0; border-top:1px solid #ccc; margin:10px 0;"/&gt;
                &lt;p style="margin:4px 0;"&gt;&lt;b&gt;Matched:&lt;/b&gt; +ток(+10), +вода(+10)&lt;/p&gt;
                &lt;p style="margin:4px 0;"&gt;&lt;b&gt;Penalties:&lt;/b&gt; None&lt;/p&gt;
                &lt;hr style="border:0; border-top:1px solid #ccc; margin:10px 0;"/&gt;
                &lt;p style="margin-top:6px; color:#444;"&gt;&lt;b&gt;Description:&lt;/b&gt;&lt;/p&gt;
                &lt;p style="color:#555; font-size:13px; line-height:1.4;"&gt;Агенция SUPRIMMO: www.suprimmo.bg Представяме за продажба имот, разположен в село Алино, което се намира на 18 км от град Самоков и 27 км от курорта 'Боровец'. Селото предлага спокойна среда и удобен достъп до планинския курорт, което го прави атракт...&lt;/p&gt;
            &lt;/div&gt;
        ]]&gt;</description>
      <Point>
        <coordinates>23.380477,42.361987,0</coordinates>
      </Point>
    </Placemark>
    <Placemark>
      <name>Продава КЪЩА област София, с. Върбница Обява: 1j177510598145546 (41 500 €)</name>
      <ExtendedData>
        <SchemaData schemaUrl="#PropertySchema">
          <SimpleData name="Price">41 500 €</SimpleData>
          <SimpleData name="Size">60 кв.м</SimpleData>
          <SimpleData name="URL">https://www.imot.bg/obiava-1j177510598145546-prodava-kashta-oblast-sofiya-s-varbnitsa</SimpleData>
        </SchemaData>
      </ExtendedData>
      <styleUrl>#style_yellow</styleUrl>
      <description>&lt;![CDATA[
            &lt;div style="font-family: sans-serif; max-width: 320px;"&gt;
                &lt;img src="https://imotstatic1.focus.bg/imot/photosimotbg/1/546//big/1j177510598145546_wX.jpg" style="width:100%; height:auto; max-height:220px; object-fit:cover; border-radius:6px; margin-bottom:12px;"/&gt;
                &lt;hr style="border:0; border-top:1px solid #ccc; margin:10px 0;"/&gt;
                &lt;p style="margin:4px 0;"&gt;&lt;b&gt;Matched:&lt;/b&gt; +ток(+10), +вода(+10)&lt;/p&gt;
                &lt;p style="margin:4px 0;"&gt;&lt;b&gt;Penalties:&lt;/b&gt; None&lt;/p&gt;
                &lt;hr style="border:0; border-top:1px solid #ccc; margin:10px 0;"/&gt;
                &lt;p style="margin-top:6px; color:#444;"&gt;&lt;b&gt;Description:&lt;/b&gt;&lt;/p&gt;
                &lt;p style="color:#555; font-size:13px; line-height:1.4;"&gt;Реком 99 Ви представя къща в село Върбница, в близост до град Годеч. Имотът е с изрядни документи и урегулиран поземлен имот с площ от 600 кв.м. Къщата е на три етажа, като всеки е с площ от около 90 кв.м., а застроената площ е 60 кв.м. Разполага с т...&lt;/p&gt;
            &lt;/div&gt;
        ]]&gt;</description>
      <Point>
        <coordinates>23.0312219,42.9796605,0</coordinates>
      </Point>
    </Placemark>
    <Placemark>
      <name>Продава КЪЩА област София, с. Бов Обява: 1j175284093145652 (50 000 €)</name>
      <ExtendedData>
        <SchemaData schemaUrl="#PropertySchema">
          <SimpleData name="Price">50 000 €</SimpleData>
          <SimpleData name="Size">50 кв.м</SimpleData>
          <SimpleData name="URL">https://www.imot.bg/obiava-1j175284093145652-prodava-kashta-oblast-sofiya-s-bov</SimpleData>
        </SchemaData>
      </ExtendedData>
      <styleUrl>#style_yellow</styleUrl>
      <description>&lt;![CDATA[
            &lt;div style="font-family: sans-serif; max-width: 320px;"&gt;
                &lt;img src="https://imotstatic3.focus.bg/imot/photosimotbg/1/652//big/1j175284093145652_hi.jpg" style="width:100%; height:auto; max-height:220px; object-fit:cover; border-radius:6px; margin-bottom:12px;"/&gt;
                &lt;hr style="border:0; border-top:1px solid #ccc; margin:10px 0;"/&gt;
                &lt;p style="margin:4px 0;"&gt;&lt;b&gt;Matched:&lt;/b&gt; +ток(+10), +вода(+10)&lt;/p&gt;
                &lt;p style="margin:4px 0;"&gt;&lt;b&gt;Penalties:&lt;/b&gt; None&lt;/p&gt;
                &lt;hr style="border:0; border-top:1px solid #ccc; margin:10px 0;"/&gt;
                &lt;p style="margin-top:6px; color:#444;"&gt;&lt;b&gt;Description:&lt;/b&gt;&lt;/p&gt;
                &lt;p style="color:#555; font-size:13px; line-height:1.4;"&gt;Къща на два етажа. В много добро състояние. Голям, поддържан парцел. В регулация. Ток и вода в имота. Асфалтов път....&lt;/p&gt;
            &lt;/div&gt;
        ]]&gt;</description>
      <Point>
        <coordinates>23.354045,43.0222823,0</coordinates>
      </Point>
    </Placemark>
    <Placemark>
      <name>Продава КЪЩА област София, гр. Своге с.Буковец Обява: 1j178634524938023 (30 000 €)</name>
      <ExtendedData>
        <SchemaData schemaUrl="#PropertySchema">
          <SimpleData name="Price">30 000 €</SimpleData>
          <SimpleData name="Size">360 кв.м</SimpleData>
          <SimpleData name="URL">https://www.imot.bg/obiava-1j178634524938023-prodava-kashta-oblast-sofiya-gr-svoge-s-bukovets</SimpleData>
        </SchemaData>
      </ExtendedData>
      <styleUrl>#style_yellow</styleUrl>
      <description>&lt;![CDATA[
            &lt;div style="font-family: sans-serif; max-width: 320px;"&gt;
                &lt;img src="https://imotstatic4.focus.bg/imot/photosimotbg/1/023//big/1j178634524938023_Tj.jpg" style="width:100%; height:auto; max-height:220px; object-fit:cover; border-radius:6px; margin-bottom:12px;"/&gt;
                &lt;hr style="border:0; border-top:1px solid #ccc; margin:10px 0;"/&gt;
                &lt;p style="margin:4px 0;"&gt;&lt;b&gt;Matched:&lt;/b&gt; +ток(+10), +вода(+10)&lt;/p&gt;
                &lt;p style="margin:4px 0;"&gt;&lt;b&gt;Penalties:&lt;/b&gt; None&lt;/p&gt;
                &lt;hr style="border:0; border-top:1px solid #ccc; margin:10px 0;"/&gt;
                &lt;p style="margin-top:6px; color:#444;"&gt;&lt;b&gt;Description:&lt;/b&gt;&lt;/p&gt;
                &lt;p style="color:#555; font-size:13px; line-height:1.4;"&gt;ПРОДАВА СЕ: Просторнa почивна станция в с. Буковец, общ. Своге Основни характеристики: Площ на парцела (УПИ): 2790 кв.м. (равен, урегулиран терен) РЗП 360 кв.м. Етажност: Масивна двуетажна сграда с партиди за Ток и Вода Локация: с. Буковец, само на 2...&lt;/p&gt;
            &lt;/div&gt;
        ]]&gt;</description>
      <Point>
        <coordinates>23.34866,42.959595,0</coordinates>
      </Point>
    </Placemark>
    <Placemark>
      <name>Продава КЪЩА област София, с. Дръмша Обява: 1j175985192951219 (40 000 €)</name>
      <ExtendedData>
        <SchemaData schemaUrl="#PropertySchema">
          <SimpleData name="Price">40 000 €</SimpleData>
          <SimpleData name="Size">32 кв.м</SimpleData>
          <SimpleData name="URL">https://www.imot.bg/obiava-1j175985192951219-prodava-kashta-oblast-sofiya-s-dramsha</SimpleData>
        </SchemaData>
      </ExtendedData>
      <styleUrl>#style_yellow</styleUrl>
      <description>&lt;![CDATA[
            &lt;div style="font-family: sans-serif; max-width: 320px;"&gt;
                &lt;img src="https://imotstatic3.focus.bg/imot/photosimotbg/1/219//big/1j175985192951219_Bh.jpg" style="width:100%; height:auto; max-height:220px; object-fit:cover; border-radius:6px; margin-bottom:12px;"/&gt;
                &lt;hr style="border:0; border-top:1px solid #ccc; margin:10px 0;"/&gt;
                &lt;p style="margin:4px 0;"&gt;&lt;b&gt;Matched:&lt;/b&gt; +ток(+10), +вода(+10)&lt;/p&gt;
                &lt;p style="margin:4px 0;"&gt;&lt;b&gt;Penalties:&lt;/b&gt; None&lt;/p&gt;
                &lt;hr style="border:0; border-top:1px solid #ccc; margin:10px 0;"/&gt;
                &lt;p style="margin-top:6px; color:#444;"&gt;&lt;b&gt;Description:&lt;/b&gt;&lt;/p&gt;
                &lt;p style="color:#555; font-size:13px; line-height:1.4;"&gt;Малка къщичка скрита в дъбова гора,страхотно място за отдих и почивка,романтични и тихи вечери край камината. Къщата е за сериозен ремонт,има прекаран ток,но няма вода....&lt;/p&gt;
            &lt;/div&gt;
        ]]&gt;</description>
      <Point>
        <coordinates>23.2094136,42.9346542,0</coordinates>
      </Point>
    </Placemark>
    <Placemark>
      <name>Продава КЪЩА област София, с. Липница Обява: 1j177796530634273 (43 000 €)</name>
      <ExtendedData>
        <SchemaData schemaUrl="#PropertySchema">
          <SimpleData name="Price">43 000 €</SimpleData>
          <SimpleData name="Size">100 кв.м</SimpleData>
          <SimpleData name="URL">https://www.imot.bg/obiava-1j177796530634273-prodava-kashta-oblast-sofiya-s-lipnitsa</SimpleData>
        </SchemaData>
      </ExtendedData>
      <styleUrl>#style_yellow</styleUrl>
      <description>&lt;![CDATA[
            &lt;div style="font-family: sans-serif; max-width: 320px;"&gt;
                &lt;img src="https://imotstatic2.focus.bg/imot/photosimotbg/1/273//big/1j177796530634273_Xz.jpg" style="width:100%; height:auto; max-height:220px; object-fit:cover; border-radius:6px; margin-bottom:12px;"/&gt;
                &lt;hr style="border:0; border-top:1px solid #ccc; margin:10px 0;"/&gt;
                &lt;p style="margin:4px 0;"&gt;&lt;b&gt;Matched:&lt;/b&gt; +ток(+10), +вода(+10)&lt;/p&gt;
                &lt;p style="margin:4px 0;"&gt;&lt;b&gt;Penalties:&lt;/b&gt; None&lt;/p&gt;
                &lt;hr style="border:0; border-top:1px solid #ccc; margin:10px 0;"/&gt;
                &lt;p style="margin-top:6px; color:#444;"&gt;&lt;b&gt;Description:&lt;/b&gt;&lt;/p&gt;
                &lt;p style="color:#555; font-size:13px; line-height:1.4;"&gt;BULGARIA REAL ESTATE Ви предлага Продава се къща в гр. Ботевград, област София ID 5275 Търсите уединен дом близо до столицата, където тишината и спокойствието са ежедневие? Разгледайте това прекрасно предложение само на 65 км. от София! Основни харак...&lt;/p&gt;
            &lt;/div&gt;
        ]]&gt;</description>
      <Point>
        <coordinates>23.7545982,43.029162,0</coordinates>
      </Point>
    </Placemark>
    <Placemark>
      <name>Продава КЪЩА област София, с. Луково Обява: 1j176790890091895 (35 000 €)</name>
      <ExtendedData>
        <SchemaData schemaUrl="#PropertySchema">
          <SimpleData name="Price">35 000 €</SimpleData>
          <SimpleData name="Size">60 кв.м</SimpleData>
          <SimpleData name="URL">https://www.imot.bg/obiava-1j176790890091895-prodava-kashta-oblast-sofiya-s-lukovo</SimpleData>
        </SchemaData>
      </ExtendedData>
      <styleUrl>#style_yellow</styleUrl>
      <description>&lt;![CDATA[
            &lt;div style="font-family: sans-serif; max-width: 320px;"&gt;
                &lt;img src="https://cdn3.focus.bg/imot/photosimotbg/1/895//big/1k176790890091895_4q.jpg" style="width:100%; height:auto; max-height:220px; object-fit:cover; border-radius:6px; margin-bottom:12px;"/&gt;
                &lt;hr style="border:0; border-top:1px solid #ccc; margin:10px 0;"/&gt;
                &lt;p style="margin:4px 0;"&gt;&lt;b&gt;Matched:&lt;/b&gt; +ток(+10), +вода(+10)&lt;/p&gt;
                &lt;p style="margin:4px 0;"&gt;&lt;b&gt;Penalties:&lt;/b&gt; None&lt;/p&gt;
                &lt;hr style="border:0; border-top:1px solid #ccc; margin:10px 0;"/&gt;
                &lt;p style="margin-top:6px; color:#444;"&gt;&lt;b&gt;Description:&lt;/b&gt;&lt;/p&gt;
                &lt;p style="color:#555; font-size:13px; line-height:1.4;"&gt;Къща/вила на 2 етажа, в регулация, ток, вода, улично осветление. На 700м от кметството/магазина на 500м от гара Луково, предимно бетонен път, на 25км от София. Започнат РЕМОНТ , трябва да се облече отвътре, вкарана вода вътре, ремонтиран покрив. Абсо...&lt;/p&gt;
            &lt;/div&gt;
        ]]&gt;</description>
      <Point>
        <coordinates>23.409541,42.872965,0</coordinates>
      </Point>
    </Placemark>
    <Placemark>
      <name>Продава КЪЩА област София, с. Рашково Обява: 1j164907974310581 (39 000 €)</name>
      <ExtendedData>
        <SchemaData schemaUrl="#PropertySchema">
          <SimpleData name="Price">39 000 €</SimpleData>
          <SimpleData name="Size">160 кв.м</SimpleData>
          <SimpleData name="URL">https://www.imot.bg/obiava-1j164907974310581-prodava-kashta-oblast-sofiya-s-rashkovo</SimpleData>
        </SchemaData>
      </ExtendedData>
      <styleUrl>#style_yellow</styleUrl>
      <description>&lt;![CDATA[
            &lt;div style="font-family: sans-serif; max-width: 320px;"&gt;
                &lt;img src="https://imotstatic2.focus.bg/imot/photosimotbg/1/581//big/1j164907974310581_pN.jpg" style="width:100%; height:auto; max-height:220px; object-fit:cover; border-radius:6px; margin-bottom:12px;"/&gt;
                &lt;hr style="border:0; border-top:1px solid #ccc; margin:10px 0;"/&gt;
                &lt;p style="margin:4px 0;"&gt;&lt;b&gt;Matched:&lt;/b&gt; +ток(+10), +вода(+10)&lt;/p&gt;
                &lt;p style="margin:4px 0;"&gt;&lt;b&gt;Penalties:&lt;/b&gt; None&lt;/p&gt;
                &lt;hr style="border:0; border-top:1px solid #ccc; margin:10px 0;"/&gt;
                &lt;p style="margin-top:6px; color:#444;"&gt;&lt;b&gt;Description:&lt;/b&gt;&lt;/p&gt;
                &lt;p style="color:#555; font-size:13px; line-height:1.4;"&gt;Продавам къща в с. Рашково , община Ботевград . Къщата е на 2етажа с РЗП около 150 кв.м На първия етаж има 2 големи помещения , а на втория има коридор , дневна , три стаи и една по-малка . Долния етаж е изграден от камък , а горния е тухлен . .Ток ,...&lt;/p&gt;
            &lt;/div&gt;
        ]]&gt;</description>
      <Point>
        <coordinates>23.617815,43.009384,0</coordinates>
      </Point>
    </Placemark>
    <Placemark>
      <name>Продава КЪЩА област София, с. Очуша Обява: 1j168500428137112 (31 999 €)</name>
      <ExtendedData>
        <SchemaData schemaUrl="#PropertySchema">
          <SimpleData name="Price">31 999 €</SimpleData>
          <SimpleData name="Size">62 кв.м</SimpleData>
          <SimpleData name="URL">https://www.imot.bg/obiava-1j168500428137112-prodava-kashta-oblast-sofiya-s-ochusha</SimpleData>
        </SchemaData>
      </ExtendedData>
      <styleUrl>#style_yellow</styleUrl>
      <description>&lt;![CDATA[
            &lt;div style="font-family: sans-serif; max-width: 320px;"&gt;
                &lt;img src="https://imotstatic2.focus.bg/imot/photosimotbg/1/112//big/1j168500428137112_De.jpg" style="width:100%; height:auto; max-height:220px; object-fit:cover; border-radius:6px; margin-bottom:12px;"/&gt;
                &lt;hr style="border:0; border-top:1px solid #ccc; margin:10px 0;"/&gt;
                &lt;p style="margin:4px 0;"&gt;&lt;b&gt;Matched:&lt;/b&gt; +ток(+10), +вода(+10)&lt;/p&gt;
                &lt;p style="margin:4px 0;"&gt;&lt;b&gt;Penalties:&lt;/b&gt; None&lt;/p&gt;
                &lt;hr style="border:0; border-top:1px solid #ccc; margin:10px 0;"/&gt;
                &lt;p style="margin-top:6px; color:#444;"&gt;&lt;b&gt;Description:&lt;/b&gt;&lt;/p&gt;
                &lt;p style="color:#555; font-size:13px; line-height:1.4;"&gt;Отговорен брокер: Петър Китанов Двуетажна къща разположена в с Очуша , Софийска област, разположен на пътя София Пловдив близо до кк.Боровец .  Намира се на 70 км. от София, на 80 км. от Пловдив и на 30 км. от курорта Боровец. В общината се намират и...&lt;/p&gt;
            &lt;/div&gt;
        ]]&gt;</description>
      <Point>
        <coordinates>23.725968,42.388872,0</coordinates>
      </Point>
    </Placemark>
    <Placemark>
      <name>Продава КЪЩА област София, с. Свидня Обява: 1j178117432209738 (16 500 €)</name>
      <ExtendedData>
        <SchemaData schemaUrl="#PropertySchema">
          <SimpleData name="Price">16 500 €</SimpleData>
          <SimpleData name="Size">38 кв.м</SimpleData>
          <SimpleData name="URL">https://www.imot.bg/obiava-1j178117432209738-prodava-kashta-oblast-sofiya-s-svidnya</SimpleData>
        </SchemaData>
      </ExtendedData>
      <styleUrl>#style_yellow</styleUrl>
      <description>&lt;![CDATA[
            &lt;div style="font-family: sans-serif; max-width: 320px;"&gt;
                &lt;img src="https://imotstatic2.focus.bg/imot/photosimotbg/1/738//big/1j178117432209738_vH.jpg" style="width:100%; height:auto; max-height:220px; object-fit:cover; border-radius:6px; margin-bottom:12px;"/&gt;
                &lt;hr style="border:0; border-top:1px solid #ccc; margin:10px 0;"/&gt;
                &lt;p style="margin:4px 0;"&gt;&lt;b&gt;Matched:&lt;/b&gt; +ток(+10), +вода(+10)&lt;/p&gt;
                &lt;p style="margin:4px 0;"&gt;&lt;b&gt;Penalties:&lt;/b&gt; None&lt;/p&gt;
                &lt;hr style="border:0; border-top:1px solid #ccc; margin:10px 0;"/&gt;
                &lt;p style="margin-top:6px; color:#444;"&gt;&lt;b&gt;Description:&lt;/b&gt;&lt;/p&gt;
                &lt;p style="color:#555; font-size:13px; line-height:1.4;"&gt;Предлагаме  поземлен имот от  580 кв.м. с построена в него полумасивна къща от 38кв.м.Ток и вода в имота. В с.Свидня на 5км. от гр. Своге и на около 40 км. От гр. София. Около парцела има целогодишно обитавани къщи.Агенцията предлага съдействие за ба...&lt;/p&gt;
            &lt;/div&gt;
        ]]&gt;</description>
      <Point>
        <coordinates>23.298594,42.968482,0</coordinates>
      </Point>
    </Placemark>
    <Placemark>
      <name>Продава ВИЛА област София, с. Банчовци Обява: 1k176348398510748 (37 000 €)</name>
      <ExtendedData>
        <SchemaData schemaUrl="#PropertySchema">
          <SimpleData name="Price">37 000 €</SimpleData>
          <SimpleData name="Size">68 кв.м</SimpleData>
          <SimpleData name="URL">https://www.imot.bg/obiava-1k176348398510748-prodava-vila-oblast-sofiya-s-banchovtsi</SimpleData>
        </SchemaData>
      </ExtendedData>
      <styleUrl>#style_yellow</styleUrl>
      <description>&lt;![CDATA[
            &lt;div style="font-family: sans-serif; max-width: 320px;"&gt;
                &lt;img src="https://cdn3.focus.bg/imot/photosimotbg/1/748//big/1k176348398510748_Pa.jpg" style="width:100%; height:auto; max-height:220px; object-fit:cover; border-radius:6px; margin-bottom:12px;"/&gt;
                &lt;hr style="border:0; border-top:1px solid #ccc; margin:10px 0;"/&gt;
                &lt;p style="margin:4px 0;"&gt;&lt;b&gt;Matched:&lt;/b&gt; +ток(+10), +сонда(+5), +отопление(+5)&lt;/p&gt;
                &lt;p style="margin:4px 0;"&gt;&lt;b&gt;Penalties:&lt;/b&gt; None&lt;/p&gt;
                &lt;hr style="border:0; border-top:1px solid #ccc; margin:10px 0;"/&gt;
                &lt;p style="margin-top:6px; color:#444;"&gt;&lt;b&gt;Description:&lt;/b&gt;&lt;/p&gt;
                &lt;p style="color:#555; font-size:13px; line-height:1.4;"&gt;Агенция ХЕЛИОН продава къща/вила във вилна зона Банчовци, с.Пауново, на 35км от гр.София и на 7км от с.Вакарел. Вилата е на два етажа с два отделни входа, с  РЗП 68кв.м. Разпределението е както следва: на първи етаж имадве стаи, веранда, кухня и тоал...&lt;/p&gt;
            &lt;/div&gt;
        ]]&gt;</description>
      <Point>
        <coordinates>23.6978154,42.5216294,0</coordinates>
      </Point>
    </Placemark>
    <Placemark>
      <name>Продава ВИЛА област София, гр. Своге с. Желен Обява: 1k175983099654681 (29 499 €)</name>
      <ExtendedData>
        <SchemaData schemaUrl="#PropertySchema">
          <SimpleData name="Price">29 499 €</SimpleData>
          <SimpleData name="Size">45 кв.м</SimpleData>
          <SimpleData name="URL">https://www.imot.bg/obiava-1k175983099654681-prodava-vila-oblast-sofiya-gr-svoge-s-zhelen</SimpleData>
        </SchemaData>
      </ExtendedData>
      <styleUrl>#style_yellow</styleUrl>
      <description>&lt;![CDATA[
            &lt;div style="font-family: sans-serif; max-width: 320px;"&gt;
                &lt;img src="https://imotstatic1.focus.bg/imot/photosimotbg/1/681//big/1k175983099654681_as.jpg" style="width:100%; height:auto; max-height:220px; object-fit:cover; border-radius:6px; margin-bottom:12px;"/&gt;
                &lt;hr style="border:0; border-top:1px solid #ccc; margin:10px 0;"/&gt;
                &lt;p style="margin:4px 0;"&gt;&lt;b&gt;Matched:&lt;/b&gt; +ток(+10), +вода(+10)&lt;/p&gt;
                &lt;p style="margin:4px 0;"&gt;&lt;b&gt;Penalties:&lt;/b&gt; None&lt;/p&gt;
                &lt;hr style="border:0; border-top:1px solid #ccc; margin:10px 0;"/&gt;
                &lt;p style="margin-top:6px; color:#444;"&gt;&lt;b&gt;Description:&lt;/b&gt;&lt;/p&gt;
                &lt;p style="color:#555; font-size:13px; line-height:1.4;"&gt;7️⃣ 7Estate дарява 7% от печалбата за благотворителни каузи 📧 https://7estate.bg/ 7️⃣ Имаме удоволствието да предложим на Вашето внимание автентична вила с прекрасна панорамна гледка и впечатляваща околна природа. 📍 Районът   село Желен, местност Дра...&lt;/p&gt;
            &lt;/div&gt;
        ]]&gt;</description>
      <Point>
        <coordinates>23.348497,42.95937,0</coordinates>
      </Point>
    </Placemark>
    <Placemark>
      <name>Продава ВИЛА област София, с. Бойковец над Центъра Обява: 1k141803255154894 (45 000 €)</name>
      <ExtendedData>
        <SchemaData schemaUrl="#PropertySchema">
          <SimpleData name="Price">45 000 €</SimpleData>
          <SimpleData name="Size">100 кв.м</SimpleData>
          <SimpleData name="URL">https://www.imot.bg/obiava-1k141803255154894-prodava-vila-oblast-sofiya-s-boykovets-nad-tsentara</SimpleData>
        </SchemaData>
      </ExtendedData>
      <styleUrl>#style_yellow</styleUrl>
      <description>&lt;![CDATA[
            &lt;div style="font-family: sans-serif; max-width: 320px;"&gt;
                &lt;img src="https://imotstatic2.focus.bg/imot/photosimotbg/1/894//big/1k141803255154894_2.pic" style="width:100%; height:auto; max-height:220px; object-fit:cover; border-radius:6px; margin-bottom:12px;"/&gt;
                &lt;hr style="border:0; border-top:1px solid #ccc; margin:10px 0;"/&gt;
                &lt;p style="margin:4px 0;"&gt;&lt;b&gt;Matched:&lt;/b&gt; +ток(+10), +вода(+10)&lt;/p&gt;
                &lt;p style="margin:4px 0;"&gt;&lt;b&gt;Penalties:&lt;/b&gt; None&lt;/p&gt;
                &lt;hr style="border:0; border-top:1px solid #ccc; margin:10px 0;"/&gt;
                &lt;p style="margin-top:6px; color:#444;"&gt;&lt;b&gt;Description:&lt;/b&gt;&lt;/p&gt;
                &lt;p style="color:#555; font-size:13px; line-height:1.4;"&gt;УНИКАЛНА ГЛЕДКА.Вила на едно ниво и тавански стаи:вход към основната част от голяма тераса към дневно помещение с камина, бар и тапезария с кух.бокс, един общ малък санитарен възел за цялата сграда(тоалетна с душ и умивалник с ел.боилер) и вътрешна с...&lt;/p&gt;
            &lt;/div&gt;
        ]]&gt;</description>
      <Point>
        <coordinates>23.9192001,42.832271,0</coordinates>
      </Point>
    </Placemark>
    <Placemark>
      <name>Продава ВИЛА област София, Гара Бов вилна зона Обява: 1k163033419620999 (45 000 €)</name>
      <ExtendedData>
        <SchemaData schemaUrl="#PropertySchema">
          <SimpleData name="Price">45 000 €</SimpleData>
          <SimpleData name="Size">108 кв.м</SimpleData>
          <SimpleData name="URL">https://www.imot.bg/obiava-1k163033419620999-prodava-vila-oblast-sofiya-gara-bov-vilna-zona</SimpleData>
        </SchemaData>
      </ExtendedData>
      <styleUrl>#style_yellow</styleUrl>
      <description>&lt;![CDATA[
            &lt;div style="font-family: sans-serif; max-width: 320px;"&gt;
                &lt;img src="https://imotstatic1.focus.bg/imot/photosimotbg/1/999//big/1k163033419620999_MD.jpg" style="width:100%; height:auto; max-height:220px; object-fit:cover; border-radius:6px; margin-bottom:12px;"/&gt;
                &lt;hr style="border:0; border-top:1px solid #ccc; margin:10px 0;"/&gt;
                &lt;p style="margin:4px 0;"&gt;&lt;b&gt;Matched:&lt;/b&gt; +гараж(+10), +вода(+10)&lt;/p&gt;
                &lt;p style="margin:4px 0;"&gt;&lt;b&gt;Penalties:&lt;/b&gt; None&lt;/p&gt;
                &lt;hr style="border:0; border-top:1px solid #ccc; margin:10px 0;"/&gt;
                &lt;p style="margin-top:6px; color:#444;"&gt;&lt;b&gt;Description:&lt;/b&gt;&lt;/p&gt;
                &lt;p style="color:#555; font-size:13px; line-height:1.4;"&gt;МЕСТОПОЛОЖЕНИЕ: гара Бов, на 50км от София и на 10км от гр.Своге. ДОСТЪП: Асфьлт до гара Бов и 1.5км черен, равен път покрай река Трескавец. ОПИСАНИЕ НА ИМОТА: Триетажна, масивна сграда със ЗП - 50 кв.м и РЗП - 108 кв.м, с ПВЦ дограма и довъшителни р...&lt;/p&gt;
            &lt;/div&gt;
        ]]&gt;</description>
      <Point>
        <coordinates>23.354045,43.0222823,0</coordinates>
      </Point>
    </Placemark>
    <Placemark>
      <name>Продава ВИЛА област София, с. Свидня Обява: 1k178159726403005 (32 000 €)</name>
      <ExtendedData>
        <SchemaData schemaUrl="#PropertySchema">
          <SimpleData name="Price">32 000 €</SimpleData>
          <SimpleData name="Size">45 кв.м</SimpleData>
          <SimpleData name="URL">https://www.imot.bg/obiava-1k178159726403005-prodava-vila-oblast-sofiya-s-svidnya</SimpleData>
        </SchemaData>
      </ExtendedData>
      <styleUrl>#style_yellow</styleUrl>
      <description>&lt;![CDATA[
            &lt;div style="font-family: sans-serif; max-width: 320px;"&gt;
                &lt;img src="https://imotstatic1.focus.bg/imot/photosimotbg/1/005//big/1k178159726403005_7R.jpg" style="width:100%; height:auto; max-height:220px; object-fit:cover; border-radius:6px; margin-bottom:12px;"/&gt;
                &lt;hr style="border:0; border-top:1px solid #ccc; margin:10px 0;"/&gt;
                &lt;p style="margin:4px 0;"&gt;&lt;b&gt;Matched:&lt;/b&gt; +ток(+10), +вода(+10)&lt;/p&gt;
                &lt;p style="margin:4px 0;"&gt;&lt;b&gt;Penalties:&lt;/b&gt; None&lt;/p&gt;
                &lt;hr style="border:0; border-top:1px solid #ccc; margin:10px 0;"/&gt;
                &lt;p style="margin-top:6px; color:#444;"&gt;&lt;b&gt;Description:&lt;/b&gt;&lt;/p&gt;
                &lt;p style="color:#555; font-size:13px; line-height:1.4;"&gt;Продава се парцел с ток и вода. На парцела има малка къща която е за основен ремонт За контакт Капка Георгиева тел 0886067888 Оферта 19856...&lt;/p&gt;
            &lt;/div&gt;
        ]]&gt;</description>
      <Point>
        <coordinates>23.29833,42.968396,0</coordinates>
      </Point>
    </Placemark>
    <Placemark>
      <name>Продава ВИЛА област София, с. Дружево Обява: 1k171991722119679 (35 000 €)</name>
      <ExtendedData>
        <SchemaData schemaUrl="#PropertySchema">
          <SimpleData name="Price">35 000 €</SimpleData>
          <SimpleData name="Size">72 кв.м</SimpleData>
          <SimpleData name="URL">https://www.imot.bg/obiava-1k171991722119679-prodava-vila-oblast-sofiya-s-druzhevo</SimpleData>
        </SchemaData>
      </ExtendedData>
      <styleUrl>#style_yellow</styleUrl>
      <description>&lt;![CDATA[
            &lt;div style="font-family: sans-serif; max-width: 320px;"&gt;
                &lt;img src="https://cdn3.focus.bg/imot/photosimotbg/1/679//big/1j171991722119679_xt.jpg" style="width:100%; height:auto; max-height:220px; object-fit:cover; border-radius:6px; margin-bottom:12px;"/&gt;
                &lt;hr style="border:0; border-top:1px solid #ccc; margin:10px 0;"/&gt;
                &lt;p style="margin:4px 0;"&gt;&lt;b&gt;Matched:&lt;/b&gt; +ток(+10), +вода(+10)&lt;/p&gt;
                &lt;p style="margin:4px 0;"&gt;&lt;b&gt;Penalties:&lt;/b&gt; None&lt;/p&gt;
                &lt;hr style="border:0; border-top:1px solid #ccc; margin:10px 0;"/&gt;
                &lt;p style="margin-top:6px; color:#444;"&gt;&lt;b&gt;Description:&lt;/b&gt;&lt;/p&gt;
                &lt;p style="color:#555; font-size:13px; line-height:1.4;"&gt;Агенция 'СИСТИ' продава едноетажна масивна къща застроена на 72 кв.м състояща се от входно антре,спалня,хол с трапезерия , камина с водна риза, радиатори във всички помещения , лира в банята,кухня и санитарен възел, голяма покрита тераса.Дворно място...&lt;/p&gt;
            &lt;/div&gt;
        ]]&gt;</description>
      <Point>
        <coordinates>23.35653,43.1394,0</coordinates>
      </Point>
    </Placemark>
    <Placemark>
      <name>Продава ВИЛА област София, с. Мала Раковица Обява: 1k178310216540620 (27 999 €)</name>
      <ExtendedData>
        <SchemaData schemaUrl="#PropertySchema">
          <SimpleData name="Price">27 999 €</SimpleData>
          <SimpleData name="Size">601 кв.м</SimpleData>
          <SimpleData name="URL">https://www.imot.bg/obiava-1k178310216540620-prodava-vila-oblast-sofiya-s-mala-rakovitsa</SimpleData>
        </SchemaData>
      </ExtendedData>
      <styleUrl>#style_yellow</styleUrl>
      <description>&lt;![CDATA[
            &lt;div style="font-family: sans-serif; max-width: 320px;"&gt;
                &lt;img src="https://imotstatic2.focus.bg/imot/photosimotbg/1/620//big/1k178310216540620_n8.jpg" style="width:100%; height:auto; max-height:220px; object-fit:cover; border-radius:6px; margin-bottom:12px;"/&gt;
                &lt;hr style="border:0; border-top:1px solid #ccc; margin:10px 0;"/&gt;
                &lt;p style="margin:4px 0;"&gt;&lt;b&gt;Matched:&lt;/b&gt; +ток(+10), +вода(+10)&lt;/p&gt;
                &lt;p style="margin:4px 0;"&gt;&lt;b&gt;Penalties:&lt;/b&gt; None&lt;/p&gt;
                &lt;hr style="border:0; border-top:1px solid #ccc; margin:10px 0;"/&gt;
                &lt;p style="margin-top:6px; color:#444;"&gt;&lt;b&gt;Description:&lt;/b&gt;&lt;/p&gt;
                &lt;p style="color:#555; font-size:13px; line-height:1.4;"&gt;ARCO Real Estate предлага за продажба поземлен имот с къща, разположен във вилна зона  Витошица . ? Само на 25 минути от София! ? На 5 км от входа на гр. Банкя ? В близост до Клисурски манастир  Св. Петка Параскева ? 45 метра лице на път Имотът се на...&lt;/p&gt;
            &lt;/div&gt;
        ]]&gt;</description>
      <Point>
        <coordinates>23.053364,42.729723,0</coordinates>
      </Point>
    </Placemark>
    <Placemark>
      <name>Продава ВИЛА област София, с. Макоцево Обява: 1k178750733657720 (17 000 €)</name>
      <ExtendedData>
        <SchemaData schemaUrl="#PropertySchema">
          <SimpleData name="Price">17 000 €</SimpleData>
          <SimpleData name="Size">24 кв.м</SimpleData>
          <SimpleData name="URL">https://www.imot.bg/obiava-1k178750733657720-prodava-vila-oblast-sofiya-s-makotsevo#playertag</SimpleData>
        </SchemaData>
      </ExtendedData>
      <styleUrl>#style_yellow</styleUrl>
      <description>&lt;![CDATA[
            &lt;div style="font-family: sans-serif; max-width: 320px;"&gt;
                &lt;img src="https://imotstatic4.focus.bg/imot/photosimotbg/1/720//big/1k178750733657720_8T.jpg" style="width:100%; height:auto; max-height:220px; object-fit:cover; border-radius:6px; margin-bottom:12px;"/&gt;
                &lt;hr style="border:0; border-top:1px solid #ccc; margin:10px 0;"/&gt;
                &lt;p style="margin:4px 0;"&gt;&lt;b&gt;Matched:&lt;/b&gt; +ток(+10), +вода(+10)&lt;/p&gt;
                &lt;p style="margin:4px 0;"&gt;&lt;b&gt;Penalties:&lt;/b&gt; None&lt;/p&gt;
                &lt;hr style="border:0; border-top:1px solid #ccc; margin:10px 0;"/&gt;
                &lt;p style="margin-top:6px; color:#444;"&gt;&lt;b&gt;Description:&lt;/b&gt;&lt;/p&gt;
                &lt;p style="color:#555; font-size:13px; line-height:1.4;"&gt;Номер по кадастър 334. Мястото се намира в горната част на вилната зона. Има ток, няма вода или сондаж. До парцела се стига по черен макадамен път километър и половина. Има нотариален акт и изрядни документи за продажба....&lt;/p&gt;
            &lt;/div&gt;
        ]]&gt;</description>
      <Point>
        <coordinates>23.795957,42.694193,0</coordinates>
      </Point>
    </Placemark>
    <Placemark>
      <name>Продава ВИЛА област София, с. Макоцево Обява: 1k178750733657720 (17 000 €)</name>
      <ExtendedData>
        <SchemaData schemaUrl="#PropertySchema">
          <SimpleData name="Price">17 000 €</SimpleData>
          <SimpleData name="Size">24 кв.м</SimpleData>
          <SimpleData name="URL">https://www.imot.bg/obiava-1k178750733657720-prodava-vila-oblast-sofiya-s-makotsevo</SimpleData>
        </SchemaData>
      </ExtendedData>
      <styleUrl>#style_yellow</styleUrl>
      <description>&lt;![CDATA[
            &lt;div style="font-family: sans-serif; max-width: 320px;"&gt;
                &lt;img src="https://imotstatic4.focus.bg/imot/photosimotbg/1/720//big/1k178750733657720_8T.jpg" style="width:100%; height:auto; max-height:220px; object-fit:cover; border-radius:6px; margin-bottom:12px;"/&gt;
                &lt;hr style="border:0; border-top:1px solid #ccc; margin:10px 0;"/&gt;
                &lt;p style="margin:4px 0;"&gt;&lt;b&gt;Matched:&lt;/b&gt; +ток(+10), +вода(+10)&lt;/p&gt;
                &lt;p style="margin:4px 0;"&gt;&lt;b&gt;Penalties:&lt;/b&gt; None&lt;/p&gt;
                &lt;hr style="border:0; border-top:1px solid #ccc; margin:10px 0;"/&gt;
                &lt;p style="margin-top:6px; color:#444;"&gt;&lt;b&gt;Description:&lt;/b&gt;&lt;/p&gt;
                &lt;p style="color:#555; font-size:13px; line-height:1.4;"&gt;Номер по кадастър 334. Мястото се намира в горната част на вилната зона. Има ток, няма вода или сондаж. До парцела се стига по черен макадамен път километър и половина. Има нотариален акт и изрядни документи за продажба....&lt;/p&gt;
            &lt;/div&gt;
        ]]&gt;</description>
      <Point>
        <coordinates>23.796347,42.693518,0</coordinates>
      </Point>
    </Placemark>
    <Placemark>
      <name>Продава ВИЛА област София, с. Свидня Обява: 1k178274489600770 (18 000 €)</name>
      <ExtendedData>
        <SchemaData schemaUrl="#PropertySchema">
          <SimpleData name="Price">18 000 €</SimpleData>
          <SimpleData name="Size">90 кв.м</SimpleData>
          <SimpleData name="URL">https://www.imot.bg/obiava-1k178274489600770-prodava-vila-oblast-sofiya-s-svidnya</SimpleData>
        </SchemaData>
      </ExtendedData>
      <styleUrl>#style_yellow</styleUrl>
      <description>&lt;![CDATA[
            &lt;div style="font-family: sans-serif; max-width: 320px;"&gt;
                &lt;img src="https://imotstatic2.focus.bg/imot/photosimotbg/1/770//big/1k178274489600770_EC.jpg" style="width:100%; height:auto; max-height:220px; object-fit:cover; border-radius:6px; margin-bottom:12px;"/&gt;
                &lt;hr style="border:0; border-top:1px solid #ccc; margin:10px 0;"/&gt;
                &lt;p style="margin:4px 0;"&gt;&lt;b&gt;Matched:&lt;/b&gt; +ток(+10), +вода(+10)&lt;/p&gt;
                &lt;p style="margin:4px 0;"&gt;&lt;b&gt;Penalties:&lt;/b&gt; None&lt;/p&gt;
                &lt;hr style="border:0; border-top:1px solid #ccc; margin:10px 0;"/&gt;
                &lt;p style="margin-top:6px; color:#444;"&gt;&lt;b&gt;Description:&lt;/b&gt;&lt;/p&gt;
                &lt;p style="color:#555; font-size:13px; line-height:1.4;"&gt;Двуетажна масивна вила.Вътрешни стълби .Хол на две нива .Камина.Два входа.Ток, вода.Двора е терасиран..Достъп по бетониран и макадан.Съседи целогодишно.Близо до река  в гориста местност.ИЗРЯДНИ ДОКУМЕНТИ....&lt;/p&gt;
            &lt;/div&gt;
        ]]&gt;</description>
      <Point>
        <coordinates>23.298065,42.968482,0</coordinates>
      </Point>
    </Placemark>
    <Placemark>
      <name>Продава КЪЩА област София, гр. Своге Обява: 1j178371410468252 (50 000 €)</name>
      <ExtendedData>
        <SchemaData schemaUrl="#PropertySchema">
          <SimpleData name="Price">50 000 €</SimpleData>
          <SimpleData name="Size">100 кв.м</SimpleData>
          <SimpleData name="URL">https://www.imot.bg/obiava-1j178371410468252-prodava-kashta-oblast-sofiya-gr-svoge</SimpleData>
        </SchemaData>
      </ExtendedData>
      <styleUrl>#style_yellow</styleUrl>
      <description>&lt;![CDATA[
            &lt;div style="font-family: sans-serif; max-width: 320px;"&gt;
                &lt;img src="https://imotstatic4.focus.bg/imot/photosimotbg/1/252//big/1j178371410468252_BI.jpg" style="width:100%; height:auto; max-height:220px; object-fit:cover; border-radius:6px; margin-bottom:12px;"/&gt;
                &lt;hr style="border:0; border-top:1px solid #ccc; margin:10px 0;"/&gt;
                &lt;p style="margin:4px 0;"&gt;&lt;b&gt;Matched:&lt;/b&gt; +обзаведен(+15), +двор(+4)&lt;/p&gt;
                &lt;p style="margin:4px 0;"&gt;&lt;b&gt;Penalties:&lt;/b&gt; None&lt;/p&gt;
                &lt;hr style="border:0; border-top:1px solid #ccc; margin:10px 0;"/&gt;
                &lt;p style="margin-top:6px; color:#444;"&gt;&lt;b&gt;Description:&lt;/b&gt;&lt;/p&gt;
                &lt;p style="color:#555; font-size:13px; line-height:1.4;"&gt;Предлагаме за продажба двуетажна вила, разположена във вилна зона на гр. Своге, сред много зеленина, тишина и спокойствие. Имотът е подходящ както за сезонно ползване и почивка през уикендите, така и за хора, които търсят къща с голям двор и възможно...&lt;/p&gt;
            &lt;/div&gt;
        ]]&gt;</description>
      <Point>
        <coordinates>23.348232,42.959284,0</coordinates>
      </Point>
    </Placemark>
    <Placemark>
      <name>Продава КЪЩА област София, с. Калугерово Обява: 1j177770696548445 (19 999 €)</name>
      <ExtendedData>
        <SchemaData schemaUrl="#PropertySchema">
          <SimpleData name="Price">19 999 €</SimpleData>
          <SimpleData name="Size">70 кв.м</SimpleData>
          <SimpleData name="URL">https://www.imot.bg/obiava-1j177770696548445-prodava-kashta-oblast-sofiya-s-kalugerovo</SimpleData>
        </SchemaData>
      </ExtendedData>
      <styleUrl>#style_yellow</styleUrl>
      <description>&lt;![CDATA[
            &lt;div style="font-family: sans-serif; max-width: 320px;"&gt;
                &lt;img src="https://cdn3.focus.bg/imot/photosimotbg/1/445//big/1j177770696548445_ZK.jpg" style="width:100%; height:auto; max-height:220px; object-fit:cover; border-radius:6px; margin-bottom:12px;"/&gt;
                &lt;hr style="border:0; border-top:1px solid #ccc; margin:10px 0;"/&gt;
                &lt;p style="margin:4px 0;"&gt;&lt;b&gt;Matched:&lt;/b&gt; +ток(+10), +кладенец(+5), +двор(+4)&lt;/p&gt;
                &lt;p style="margin:4px 0;"&gt;&lt;b&gt;Penalties:&lt;/b&gt; None&lt;/p&gt;
                &lt;hr style="border:0; border-top:1px solid #ccc; margin:10px 0;"/&gt;
                &lt;p style="margin-top:6px; color:#444;"&gt;&lt;b&gt;Description:&lt;/b&gt;&lt;/p&gt;
                &lt;p style="color:#555; font-size:13px; line-height:1.4;"&gt;Предлагаме ви къща в село Калугерово,махала ''Чекотина''под''Чекотинският манастир''.Къщата е над реката в уединена зона със само още една съседна къща в която се живее целогодишно.Къщата е с три стаи и двор от 1200кв.м.а около нея има още 5дка.които...&lt;/p&gt;
            &lt;/div&gt;
        ]]&gt;</description>
      <Point>
        <coordinates>23.895305,42.990078,0</coordinates>
      </Point>
    </Placemark>
    <Placemark>
      <name>Продава КЪЩА област София, с. Чуковезер Обява: 1j176355431263898 (24 999 €)</name>
      <ExtendedData>
        <SchemaData schemaUrl="#PropertySchema">
          <SimpleData name="Price">24 999 €</SimpleData>
          <SimpleData name="Size">107 кв.м</SimpleData>
          <SimpleData name="URL">https://www.imot.bg/obiava-1j176355431263898-prodava-kashta-oblast-sofiya-s-chukovezer</SimpleData>
        </SchemaData>
      </ExtendedData>
      <styleUrl>#style_yellow</styleUrl>
      <description>&lt;![CDATA[
            &lt;div style="font-family: sans-serif; max-width: 320px;"&gt;
                &lt;img src="https://imotstatic4.focus.bg/imot/photosimotbg/1/898//big/1j176355431263898_9R.jpg" style="width:100%; height:auto; max-height:220px; object-fit:cover; border-radius:6px; margin-bottom:12px;"/&gt;
                &lt;hr style="border:0; border-top:1px solid #ccc; margin:10px 0;"/&gt;
                &lt;p style="margin:4px 0;"&gt;&lt;b&gt;Matched:&lt;/b&gt; +канализация(+10), +кладенец(+5), +двор(+4)&lt;/p&gt;
                &lt;p style="margin:4px 0;"&gt;&lt;b&gt;Penalties:&lt;/b&gt; None&lt;/p&gt;
                &lt;hr style="border:0; border-top:1px solid #ccc; margin:10px 0;"/&gt;
                &lt;p style="margin-top:6px; color:#444;"&gt;&lt;b&gt;Description:&lt;/b&gt;&lt;/p&gt;
                &lt;p style="color:#555; font-size:13px; line-height:1.4;"&gt;CLAVIS NOVA Ви представя къща в китното селце Чуковезер, разположено на 5 км от град Драгоман и на 40 минути от София. Мястото е изключително спокойно, с чист въздух и неповторима панорамна гледка, идеално за релакс през уикендите! Характеристики на ...&lt;/p&gt;
            &lt;/div&gt;
        ]]&gt;</description>
      <Point>
        <coordinates>22.90351,42.9056,0</coordinates>
      </Point>
    </Placemark>
    <Placemark>
      <name>Продава ВИЛА област София, с. Батулия Обява: 1k171620665841878 (14 827.46 €)</name>
      <ExtendedData>
        <SchemaData schemaUrl="#PropertySchema">
          <SimpleData name="Price">14 827.46 €</SimpleData>
          <SimpleData name="Size">25 кв.м</SimpleData>
          <SimpleData name="URL">https://www.imot.bg/obiava-1k171620665841878-prodava-vila-oblast-sofiya-s-batuliya</SimpleData>
        </SchemaData>
      </ExtendedData>
      <styleUrl>#style_yellow</styleUrl>
      <description>&lt;![CDATA[
            &lt;div style="font-family: sans-serif; max-width: 320px;"&gt;
                &lt;img src="https://cdn3.focus.bg/imot/photosimotbg/1/878//big/1k171620665841878_gn.jpg" style="width:100%; height:auto; max-height:220px; object-fit:cover; border-radius:6px; margin-bottom:12px;"/&gt;
                &lt;hr style="border:0; border-top:1px solid #ccc; margin:10px 0;"/&gt;
                &lt;p style="margin:4px 0;"&gt;&lt;b&gt;Matched:&lt;/b&gt; +ток(+10), +сонда(+5), +двор(+4)&lt;/p&gt;
                &lt;p style="margin:4px 0;"&gt;&lt;b&gt;Penalties:&lt;/b&gt; None&lt;/p&gt;
                &lt;hr style="border:0; border-top:1px solid #ccc; margin:10px 0;"/&gt;
                &lt;p style="margin-top:6px; color:#444;"&gt;&lt;b&gt;Description:&lt;/b&gt;&lt;/p&gt;
                &lt;p style="color:#555; font-size:13px; line-height:1.4;"&gt;DHT Real Estate продава вила с двор във вилната зона на с. Батулия, община Своге. Застроената площ на вилата е 22 кв.м., на един етаж и таванско. Дворното място е с площ от 1 декар. Наличен ток. Село Батулия се намира в планински район и отстои на 35...&lt;/p&gt;
            &lt;/div&gt;
        ]]&gt;</description>
      <Point>
        <coordinates>23.42554,42.89703,0</coordinates>
      </Point>
    </Placemark>
    <Placemark>
      <name>Продава КЪЩА област София, с. Церово Обява: 1j178421042948023 (35 000 €)</name>
      <ExtendedData>
        <SchemaData schemaUrl="#PropertySchema">
          <SimpleData name="Price">35 000 €</SimpleData>
          <SimpleData name="Size">40 кв.м</SimpleData>
          <SimpleData name="URL">https://www.imot.bg/obiava-1j178421042948023-prodava-kashta-oblast-sofiya-s-tserovo</SimpleData>
        </SchemaData>
      </ExtendedData>
      <styleUrl>#style_yellow</styleUrl>
      <description>&lt;![CDATA[
            &lt;div style="font-family: sans-serif; max-width: 320px;"&gt;
                &lt;img src="https://cdn3.focus.bg/imot/photosimotbg/1/023//big/1j178421042948023_JU.jpg" style="width:100%; height:auto; max-height:220px; object-fit:cover; border-radius:6px; margin-bottom:12px;"/&gt;
                &lt;hr style="border:0; border-top:1px solid #ccc; margin:10px 0;"/&gt;
                &lt;p style="margin:4px 0;"&gt;&lt;b&gt;Matched:&lt;/b&gt; +гараж(+10), +панорама(+4), +двор(+4)&lt;/p&gt;
                &lt;p style="margin:4px 0;"&gt;&lt;b&gt;Penalties:&lt;/b&gt; None&lt;/p&gt;
                &lt;hr style="border:0; border-top:1px solid #ccc; margin:10px 0;"/&gt;
                &lt;p style="margin-top:6px; color:#444;"&gt;&lt;b&gt;Description:&lt;/b&gt;&lt;/p&gt;
                &lt;p style="color:#555; font-size:13px; line-height:1.4;"&gt;Едноетажна  масивна къща.Центрелен водопровод.Достъп целогодишен.Спалня,кухня ,баня и тоалетна. Двор терасиран.Панорама. Съседи целогодишно живущи.Гараж паянтов.Има възможносст за втори етаж.Изрядни документи!...&lt;/p&gt;
            &lt;/div&gt;
        ]]&gt;</description>
      <Point>
        <coordinates>23.347935,43.00413,0</coordinates>
      </Point>
    </Placemark>
    <Placemark>
      <name>Продава КЪЩА област София, с. Василовци Обява: 1j177929191999894 (30 000 €)</name>
      <ExtendedData>
        <SchemaData schemaUrl="#PropertySchema">
          <SimpleData name="Price">30 000 €</SimpleData>
          <SimpleData name="Size">30 кв.м</SimpleData>
          <SimpleData name="URL">https://www.imot.bg/obiava-1j177929191999894-prodava-kashta-oblast-sofiya-s-vasilovtsi</SimpleData>
        </SchemaData>
      </ExtendedData>
      <styleUrl>#style_yellow</styleUrl>
      <description>&lt;![CDATA[
            &lt;div style="font-family: sans-serif; max-width: 320px;"&gt;
                &lt;img src="https://imotstatic2.focus.bg/imot/photosimotbg/1/894//big/1j177929191999894_GO.jpg" style="width:100%; height:auto; max-height:220px; object-fit:cover; border-radius:6px; margin-bottom:12px;"/&gt;
                &lt;hr style="border:0; border-top:1px solid #ccc; margin:10px 0;"/&gt;
                &lt;p style="margin:4px 0;"&gt;&lt;b&gt;Matched:&lt;/b&gt; +ток(+10), +кладенец(+5)&lt;/p&gt;
                &lt;p style="margin:4px 0;"&gt;&lt;b&gt;Penalties:&lt;/b&gt; None&lt;/p&gt;
                &lt;hr style="border:0; border-top:1px solid #ccc; margin:10px 0;"/&gt;
                &lt;p style="margin-top:6px; color:#444;"&gt;&lt;b&gt;Description:&lt;/b&gt;&lt;/p&gt;
                &lt;p style="color:#555; font-size:13px; line-height:1.4;"&gt;Продаваме парцел с паянтова постройка в с.Василовци.Селото е на 30 км от София.В близост до Драгоман и Костинброд.Има редовна автобусна линия през цялата година, поща и кметство.В селото има постоянно живеещи хора и приходящи за празници и почивни дн...&lt;/p&gt;
            &lt;/div&gt;
        ]]&gt;</description>
      <Point>
        <coordinates>23.0778361,42.9458113,0</coordinates>
      </Point>
    </Placemark>
    <Placemark>
      <name>Продава ВИЛА област София, гр. Своге Обява: 1k177666524177563 (22 000 €)</name>
      <ExtendedData>
        <SchemaData schemaUrl="#PropertySchema">
          <SimpleData name="Price">22 000 €</SimpleData>
          <SimpleData name="Size">42 кв.м</SimpleData>
          <SimpleData name="URL">https://www.imot.bg/obiava-1k177666524177563-prodava-vila-oblast-sofiya-gr-svoge</SimpleData>
        </SchemaData>
      </ExtendedData>
      <styleUrl>#style_yellow</styleUrl>
      <description>&lt;![CDATA[
            &lt;div style="font-family: sans-serif; max-width: 320px;"&gt;
                &lt;img src="https://cdn3.focus.bg/imot/photosimotbg/1/563//big/1k177666524177563_gC.jpg" style="width:100%; height:auto; max-height:220px; object-fit:cover; border-radius:6px; margin-bottom:12px;"/&gt;
                &lt;hr style="border:0; border-top:1px solid #ccc; margin:10px 0;"/&gt;
                &lt;p style="margin:4px 0;"&gt;&lt;b&gt;Matched:&lt;/b&gt; +ток(+10), +кладенец(+5)&lt;/p&gt;
                &lt;p style="margin:4px 0;"&gt;&lt;b&gt;Penalties:&lt;/b&gt; None&lt;/p&gt;
                &lt;hr style="border:0; border-top:1px solid #ccc; margin:10px 0;"/&gt;
                &lt;p style="margin-top:6px; color:#444;"&gt;&lt;b&gt;Description:&lt;/b&gt;&lt;/p&gt;
                &lt;p style="color:#555; font-size:13px; line-height:1.4;"&gt;Продавам парцел близо до София в гр. Своге в красивото Искърско дефиле. В имота има разположен фургон за обитаване с ток. Има кладенец с дълбочина 15м. (Пълен). Много овощни дръвчета. Красива природна гледка. Ако търсите спокойствие, тишина и чист въ...&lt;/p&gt;
            &lt;/div&gt;
        ]]&gt;</description>
      <Point>
        <coordinates>23.347968,42.95937,0</coordinates>
      </Point>
    </Placemark>
    <Placemark>
      <name>Продава КЪЩА област София, с. Церово Обява: 1j175437132028475 (25 000 €)</name>
      <ExtendedData>
        <SchemaData schemaUrl="#PropertySchema">
          <SimpleData name="Price">25 000 €</SimpleData>
          <SimpleData name="Size">47 кв.м</SimpleData>
          <SimpleData name="URL">https://www.imot.bg/obiava-1j175437132028475-prodava-kashta-oblast-sofiya-s-tserovo</SimpleData>
        </SchemaData>
      </ExtendedData>
      <styleUrl>#style_yellow</styleUrl>
      <description>&lt;![CDATA[
            &lt;div style="font-family: sans-serif; max-width: 320px;"&gt;
                &lt;img src="https://imotstatic3.focus.bg/imot/photosimotbg/1/475//big/1j175437132028475_Lo.jpg" style="width:100%; height:auto; max-height:220px; object-fit:cover; border-radius:6px; margin-bottom:12px;"/&gt;
                &lt;hr style="border:0; border-top:1px solid #ccc; margin:10px 0;"/&gt;
                &lt;p style="margin:4px 0;"&gt;&lt;b&gt;Matched:&lt;/b&gt; +ток(+10), +кладенец(+5)&lt;/p&gt;
                &lt;p style="margin:4px 0;"&gt;&lt;b&gt;Penalties:&lt;/b&gt; None&lt;/p&gt;
                &lt;hr style="border:0; border-top:1px solid #ccc; margin:10px 0;"/&gt;
                &lt;p style="margin-top:6px; color:#444;"&gt;&lt;b&gt;Description:&lt;/b&gt;&lt;/p&gt;
                &lt;p style="color:#555; font-size:13px; line-height:1.4;"&gt;Къщата се намира в местност Орничето над самото село Церово и до нея се стига по черен път. Има ток, а водата е с каптаж, като в двора има и кладенец. Тоалетната е външна, кухнята също е външна в отделна малка постройка, разположена непосредствено до...&lt;/p&gt;
            &lt;/div&gt;
        ]]&gt;</description>
      <Point>
        <coordinates>23.348363,43.003819,0</coordinates>
      </Point>
    </Placemark>
    <Placemark>
      <name>Продава ВИЛА област София, с. Владо Тричков Обява: 1k178660638071972 (36 000 €)</name>
      <ExtendedData>
        <SchemaData schemaUrl="#PropertySchema">
          <SimpleData name="Price">36 000 €</SimpleData>
          <SimpleData name="Size">60 кв.м</SimpleData>
          <SimpleData name="URL">https://www.imot.bg/obiava-1k178660638071972-prodava-vila-oblast-sofiya-s-vlado-trichkov</SimpleData>
        </SchemaData>
      </ExtendedData>
      <styleUrl>#style_yellow</styleUrl>
      <description>&lt;![CDATA[
            &lt;div style="font-family: sans-serif; max-width: 320px;"&gt;
                &lt;img src="https://imotstatic1.focus.bg/imot/photosimotbg/1/972//big/1k178660638071972_Mw.jpg" style="width:100%; height:auto; max-height:220px; object-fit:cover; border-radius:6px; margin-bottom:12px;"/&gt;
                &lt;hr style="border:0; border-top:1px solid #ccc; margin:10px 0;"/&gt;
                &lt;p style="margin:4px 0;"&gt;&lt;b&gt;Matched:&lt;/b&gt; +ток(+10), +вода(+10), +кладенец(+5), +сонда(+5)&lt;/p&gt;
                &lt;p style="margin:4px 0;"&gt;&lt;b&gt;Penalties:&lt;/b&gt; за ремонт(-15)&lt;/p&gt;
                &lt;hr style="border:0; border-top:1px solid #ccc; margin:10px 0;"/&gt;
                &lt;p style="margin-top:6px; color:#444;"&gt;&lt;b&gt;Description:&lt;/b&gt;&lt;/p&gt;
                &lt;p style="color:#555; font-size:13px; line-height:1.4;"&gt;Парцел 780 кв.м. с малка сграда състояща се от спалня, кухня, голяма приземна стая, и сервизно помещение (два етажа). Ток, вода от сонда (кладенец), септична яма. За ремонт. Моля изпратете емайл на [email protected] за запитвания....&lt;/p&gt;
            &lt;/div&gt;
        ]]&gt;</description>
      <Point>
        <coordinates>23.365479,42.864081,0</coordinates>
      </Point>
    </Placemark>
    <Placemark>
      <name>Продава КЪЩА област София, с. Костенец Обява: 1j178349640264970 (49 990 €)</name>
      <ExtendedData>
        <SchemaData schemaUrl="#PropertySchema">
          <SimpleData name="Price">49 990 €</SimpleData>
          <SimpleData name="Size">85 кв.м</SimpleData>
          <SimpleData name="URL">https://www.imot.bg/obiava-1j178349640264970-prodava-kashta-oblast-sofiya-s-kostenets</SimpleData>
        </SchemaData>
      </ExtendedData>
      <styleUrl>#style_yellow</styleUrl>
      <description>&lt;![CDATA[
            &lt;div style="font-family: sans-serif; max-width: 320px;"&gt;
                &lt;img src="https://imotstatic2.focus.bg/imot/photosimotbg/1/970//big/1j178349640264970_ES.jpg" style="width:100%; height:auto; max-height:220px; object-fit:cover; border-radius:6px; margin-bottom:12px;"/&gt;
                &lt;hr style="border:0; border-top:1px solid #ccc; margin:10px 0;"/&gt;
                &lt;p style="margin:4px 0;"&gt;&lt;b&gt;Matched:&lt;/b&gt; +гараж(+10), +двор(+4)&lt;/p&gt;
                &lt;p style="margin:4px 0;"&gt;&lt;b&gt;Penalties:&lt;/b&gt; None&lt;/p&gt;
                &lt;hr style="border:0; border-top:1px solid #ccc; margin:10px 0;"/&gt;
                &lt;p style="margin-top:6px; color:#444;"&gt;&lt;b&gt;Description:&lt;/b&gt;&lt;/p&gt;
                &lt;p style="color:#555; font-size:13px; line-height:1.4;"&gt;Предлагаме за продажба стара тухлена къща със собствен двор, разположена в спокоен район на гр. Костенец. Сградата се нуждае от основен ремонт, което предоставя отлична възможност новият собственик да реализира проекта си според собствените си идеи и...&lt;/p&gt;
            &lt;/div&gt;
        ]]&gt;</description>
      <Point>
        <coordinates>23.858828,42.308079,0</coordinates>
      </Point>
    </Placemark>
    <Placemark>
      <name>Продава КЪЩА област София, с. Гълъбовци Обява: 1j178126006271288 (49 990 €)</name>
      <ExtendedData>
        <SchemaData schemaUrl="#PropertySchema">
          <SimpleData name="Price">49 990 €</SimpleData>
          <SimpleData name="Size">105 кв.м</SimpleData>
          <SimpleData name="URL">https://www.imot.bg/obiava-1j178126006271288-prodava-kashta-oblast-sofiya-s-galabovtsi</SimpleData>
        </SchemaData>
      </ExtendedData>
      <styleUrl>#style_yellow</styleUrl>
      <description>&lt;![CDATA[
            &lt;div style="font-family: sans-serif; max-width: 320px;"&gt;
                &lt;img src="https://cdn3.focus.bg/imot/photosimotbg/1/288//big/1j178126006271288_ua.jpg" style="width:100%; height:auto; max-height:220px; object-fit:cover; border-radius:6px; margin-bottom:12px;"/&gt;
                &lt;hr style="border:0; border-top:1px solid #ccc; margin:10px 0;"/&gt;
                &lt;p style="margin:4px 0;"&gt;&lt;b&gt;Matched:&lt;/b&gt; +ток(+10), +панорама(+4)&lt;/p&gt;
                &lt;p style="margin:4px 0;"&gt;&lt;b&gt;Penalties:&lt;/b&gt; None&lt;/p&gt;
                &lt;hr style="border:0; border-top:1px solid #ccc; margin:10px 0;"/&gt;
                &lt;p style="margin-top:6px; color:#444;"&gt;&lt;b&gt;Description:&lt;/b&gt;&lt;/p&gt;
                &lt;p style="color:#555; font-size:13px; line-height:1.4;"&gt;Представяме на Вашето внимание масивна къща от 1993 г. - тухла/ж.б плоча, находяща се в с. Гълъбовци - 24 км от изхода на София (от кв. 'Люлин'), която предлага следното разпределение --&gt; Сутерен: баня и 2 стаи. Външни стълби към I-ви етаж, състоящ с...&lt;/p&gt;
            &lt;/div&gt;
        ]]&gt;</description>
      <Point>
        <coordinates>23.007541,42.811013,0</coordinates>
      </Point>
    </Placemark>
    <Placemark>
      <name>Продава КЪЩА област София, с. Оплетня Обява: 1j178159336312334 (49 950 €)</name>
      <ExtendedData>
        <SchemaData schemaUrl="#PropertySchema">
          <SimpleData name="Price">49 950 €</SimpleData>
          <SimpleData name="Size">138 кв.м</SimpleData>
          <SimpleData name="URL">https://www.imot.bg/obiava-1j178159336312334-prodava-kashta-oblast-sofiya-s-opletnya</SimpleData>
        </SchemaData>
      </ExtendedData>
      <styleUrl>#style_yellow</styleUrl>
      <description>&lt;![CDATA[
            &lt;div style="font-family: sans-serif; max-width: 320px;"&gt;
                &lt;img src="https://imotstatic2.focus.bg/imot/photosimotbg/1/334//big/1j178159336312334_g.jpg" style="width:100%; height:auto; max-height:220px; object-fit:cover; border-radius:6px; margin-bottom:12px;"/&gt;
                &lt;hr style="border:0; border-top:1px solid #ccc; margin:10px 0;"/&gt;
                &lt;p style="margin:4px 0;"&gt;&lt;b&gt;Matched:&lt;/b&gt; +гараж(+10), +двор(+4)&lt;/p&gt;
                &lt;p style="margin:4px 0;"&gt;&lt;b&gt;Penalties:&lt;/b&gt; None&lt;/p&gt;
                &lt;hr style="border:0; border-top:1px solid #ccc; margin:10px 0;"/&gt;
                &lt;p style="margin-top:6px; color:#444;"&gt;&lt;b&gt;Description:&lt;/b&gt;&lt;/p&gt;
                &lt;p style="color:#555; font-size:13px; line-height:1.4;"&gt;Живуща къща в китното селце Оплетня, находящо се в Искърското дефиле! - Основна къща 110 м2, лятна кухня 28 м2 - Граничи с малка река - Невероятни гледки към планината - Напълно отремонтиран имот, готов за живеене - Добър достъп - 1400 м2 двор с двет...&lt;/p&gt;
            &lt;/div&gt;
        ]]&gt;</description>
      <Point>
        <coordinates>23.445361,43.1003417,0</coordinates>
      </Point>
    </Placemark>
    <Placemark>
      <name>Продава КЪЩА област София, с. Реброво Обява: 1j177558812016164 (31 500 €)</name>
      <ExtendedData>
        <SchemaData schemaUrl="#PropertySchema">
          <SimpleData name="Price">31 500 €</SimpleData>
          <SimpleData name="Size">85 кв.м</SimpleData>
          <SimpleData name="URL">https://www.imot.bg/obiava-1j177558812016164-prodava-kashta-oblast-sofiya-s-rebrovo</SimpleData>
        </SchemaData>
      </ExtendedData>
      <styleUrl>#style_yellow</styleUrl>
      <description>&lt;![CDATA[
            &lt;div style="font-family: sans-serif; max-width: 320px;"&gt;
                &lt;img src="https://cdn3.focus.bg/imot/photosimotbg/1/164//big/1j177558812016164_jV.jpg" style="width:100%; height:auto; max-height:220px; object-fit:cover; border-radius:6px; margin-bottom:12px;"/&gt;
                &lt;hr style="border:0; border-top:1px solid #ccc; margin:10px 0;"/&gt;
                &lt;p style="margin:4px 0;"&gt;&lt;b&gt;Matched:&lt;/b&gt; +ток(+10), +двор(+4)&lt;/p&gt;
                &lt;p style="margin:4px 0;"&gt;&lt;b&gt;Penalties:&lt;/b&gt; None&lt;/p&gt;
                &lt;hr style="border:0; border-top:1px solid #ccc; margin:10px 0;"/&gt;
                &lt;p style="margin-top:6px; color:#444;"&gt;&lt;b&gt;Description:&lt;/b&gt;&lt;/p&gt;
                &lt;p style="color:#555; font-size:13px; line-height:1.4;"&gt;ЕКИП недвижими имоти продава масивна едноетажна вилна сграда със застроена площ от 63 кв.м, надстройка върху нея от 22 кв.м и голяма тераса с прекрасна гледка.Голям двор от 1108 кв.м с денивелация на 30 км. северно от гр. София по поречието на р. Иск...&lt;/p&gt;
            &lt;/div&gt;
        ]]&gt;</description>
      <Point>
        <coordinates>23.39957,42.90333,0</coordinates>
      </Point>
    </Placemark>
    <Placemark>
      <name>Продава КЪЩА област София, с. Радотина Обява: 1j178176891822798 (36 900 €)</name>
      <ExtendedData>
        <SchemaData schemaUrl="#PropertySchema">
          <SimpleData name="Price">36 900 €</SimpleData>
          <SimpleData name="Size">80 кв.м</SimpleData>
          <SimpleData name="URL">https://www.imot.bg/obiava-1j178176891822798-prodava-kashta-oblast-sofiya-s-radotina</SimpleData>
        </SchemaData>
      </ExtendedData>
      <styleUrl>#style_yellow</styleUrl>
      <description>&lt;![CDATA[
            &lt;div style="font-family: sans-serif; max-width: 320px;"&gt;
                &lt;img src="https://imotstatic2.focus.bg/imot/photosimotbg/1/798//big/1j178176891822798_7d.jpg" style="width:100%; height:auto; max-height:220px; object-fit:cover; border-radius:6px; margin-bottom:12px;"/&gt;
                &lt;hr style="border:0; border-top:1px solid #ccc; margin:10px 0;"/&gt;
                &lt;p style="margin:4px 0;"&gt;&lt;b&gt;Matched:&lt;/b&gt; +ток(+10), +двор(+4)&lt;/p&gt;
                &lt;p style="margin:4px 0;"&gt;&lt;b&gt;Penalties:&lt;/b&gt; None&lt;/p&gt;
                &lt;hr style="border:0; border-top:1px solid #ccc; margin:10px 0;"/&gt;
                &lt;p style="margin-top:6px; color:#444;"&gt;&lt;b&gt;Description:&lt;/b&gt;&lt;/p&gt;
                &lt;p style="color:#555; font-size:13px; line-height:1.4;"&gt;Оф 39541 ЧУДЕСЕН ИМОТ, РЗП-160кв.м, ОТЛИЧНО МЕСТОПОЛОЖЕНИЕ, ДО РЕКА И ПЛАНИНА, НА 80км от СОФИЯ, В БЛИЗОСТ ДО БОТЕВГРАД, БЪРЗ ДОСТЪП ПО МАГИСТРАЛА, ДВОР 400 кв.м, ТОК, ВОДОПРОВОД!!! Състои се от: 1 ЕТАЖ   механа, баня и тоалетна, спалня. 2 ЕТАЖ   2 с...&lt;/p&gt;
            &lt;/div&gt;
        ]]&gt;</description>
      <Point>
        <coordinates>23.63477,42.993192,0</coordinates>
      </Point>
    </Placemark>
    <Placemark>
      <name>Продава КЪЩА област София, с. Ябланица Обява: 1j171325857197033 (37 000 €)</name>
      <ExtendedData>
        <SchemaData schemaUrl="#PropertySchema">
          <SimpleData name="Price">37 000 €</SimpleData>
          <SimpleData name="Size">177 кв.м</SimpleData>
          <SimpleData name="URL">https://www.imot.bg/obiava-1j171325857197033-prodava-kashta-oblast-sofiya-s-yablanitsa</SimpleData>
        </SchemaData>
      </ExtendedData>
      <styleUrl>#style_yellow</styleUrl>
      <description>&lt;![CDATA[
            &lt;div style="font-family: sans-serif; max-width: 320px;"&gt;
                &lt;img src="https://imotstatic4.focus.bg/imot/photosimotbg/1/033//big/1j171325857197033_hg.jpg" style="width:100%; height:auto; max-height:220px; object-fit:cover; border-radius:6px; margin-bottom:12px;"/&gt;
                &lt;hr style="border:0; border-top:1px solid #ccc; margin:10px 0;"/&gt;
                &lt;p style="margin:4px 0;"&gt;&lt;b&gt;Matched:&lt;/b&gt; +гараж(+10), +двор(+4)&lt;/p&gt;
                &lt;p style="margin:4px 0;"&gt;&lt;b&gt;Penalties:&lt;/b&gt; None&lt;/p&gt;
                &lt;hr style="border:0; border-top:1px solid #ccc; margin:10px 0;"/&gt;
                &lt;p style="margin-top:6px; color:#444;"&gt;&lt;b&gt;Description:&lt;/b&gt;&lt;/p&gt;
                &lt;p style="color:#555; font-size:13px; line-height:1.4;"&gt;Масивна триетажна жилищна сграда с добра локация в с.Ябланица, общ.Своге. РЗП: 177 кв.м. и двор от 1000 кв.м. С гараж. Къщата е с големи и просторни помещения, като се нуждае от ремонт. ИД:57241 За директни клиенти! БЕЗПЛАТНО СЪДЕЙСТВИЕ ЗА БАНКОВО КР...&lt;/p&gt;
            &lt;/div&gt;
        ]]&gt;</description>
      <Point>
        <coordinates>23.55411,42.85786,0</coordinates>
      </Point>
    </Placemark>
    <Placemark>
      <name>Продава КЪЩА област София, с. Чуковезер Обява: 1j176470101956866 (40 000 €)</name>
      <ExtendedData>
        <SchemaData schemaUrl="#PropertySchema">
          <SimpleData name="Price">40 000 €</SimpleData>
          <SimpleData name="Size">68 кв.м</SimpleData>
          <SimpleData name="URL">https://www.imot.bg/obiava-1j176470101956866-prodava-kashta-oblast-sofiya-s-chukovezer</SimpleData>
        </SchemaData>
      </ExtendedData>
      <styleUrl>#style_yellow</styleUrl>
      <description>&lt;![CDATA[
            &lt;div style="font-family: sans-serif; max-width: 320px;"&gt;
                &lt;img src="https://imotstatic2.focus.bg/imot/photosimotbg/1/866//big/1j176470101956866_PG.jpg" style="width:100%; height:auto; max-height:220px; object-fit:cover; border-radius:6px; margin-bottom:12px;"/&gt;
                &lt;hr style="border:0; border-top:1px solid #ccc; margin:10px 0;"/&gt;
                &lt;p style="margin:4px 0;"&gt;&lt;b&gt;Matched:&lt;/b&gt; +гараж(+10), +двор(+4)&lt;/p&gt;
                &lt;p style="margin:4px 0;"&gt;&lt;b&gt;Penalties:&lt;/b&gt; None&lt;/p&gt;
                &lt;hr style="border:0; border-top:1px solid #ccc; margin:10px 0;"/&gt;
                &lt;p style="margin-top:6px; color:#444;"&gt;&lt;b&gt;Description:&lt;/b&gt;&lt;/p&gt;
                &lt;p style="color:#555; font-size:13px; line-height:1.4;"&gt;'Имограф' недвижими имоти продава къща с двор в живописното село Чуковезер, находящо се на 4 км. от Драгоман. Къщата е с югоизточно изложение и равен поддържан двор с овощни дръвчета, грозде, и цветя. Състои се от: антре, две спални, кухня, трапезари...&lt;/p&gt;
            &lt;/div&gt;
        ]]&gt;</description>
      <Point>
        <coordinates>22.90351,42.9047,0</coordinates>
      </Point>
    </Placemark>
    <Placemark>
      <name>Продава КЪЩА област София, с. Цацаровци Обява: 1j176406879651379 (44 900 €)</name>
      <ExtendedData>
        <SchemaData schemaUrl="#PropertySchema">
          <SimpleData name="Price">44 900 €</SimpleData>
          <SimpleData name="Size">160 кв.м</SimpleData>
          <SimpleData name="URL">https://www.imot.bg/obiava-1j176406879651379-prodava-kashta-oblast-sofiya-s-tsatsarovtsi</SimpleData>
        </SchemaData>
      </ExtendedData>
      <styleUrl>#style_yellow</styleUrl>
      <description>&lt;![CDATA[
            &lt;div style="font-family: sans-serif; max-width: 320px;"&gt;
                &lt;img src="https://imotstatic1.focus.bg/imot/photosimotbg/1/379//big/1j176406879651379_zx.jpg" style="width:100%; height:auto; max-height:220px; object-fit:cover; border-radius:6px; margin-bottom:12px;"/&gt;
                &lt;hr style="border:0; border-top:1px solid #ccc; margin:10px 0;"/&gt;
                &lt;p style="margin:4px 0;"&gt;&lt;b&gt;Matched:&lt;/b&gt; +гараж(+10), +двор(+4)&lt;/p&gt;
                &lt;p style="margin:4px 0;"&gt;&lt;b&gt;Penalties:&lt;/b&gt; None&lt;/p&gt;
                &lt;hr style="border:0; border-top:1px solid #ccc; margin:10px 0;"/&gt;
                &lt;p style="margin-top:6px; color:#444;"&gt;&lt;b&gt;Description:&lt;/b&gt;&lt;/p&gt;
                &lt;p style="color:#555; font-size:13px; line-height:1.4;"&gt;Инвест Пропъртис продава просторна къща на асфалтов път в живописното и спокойно с.Цацаровци. На около 50 км. разстояние от София, с отличен достъп и изградена инфраструктура. Къщата е ситуирана в голям, равен двор (920 кв.м) и е с площ от 160 кв.м. ...&lt;/p&gt;
            &lt;/div&gt;
        ]]&gt;</description>
      <Point>
        <coordinates>22.863978,42.864474,0</coordinates>
      </Point>
    </Placemark>
    <Placemark>
      <name>Продава КЪЩА област София, с. Чепърлинци Обява: 1j177700663398937 (16 000 €)</name>
      <ExtendedData>
        <SchemaData schemaUrl="#PropertySchema">
          <SimpleData name="Price">16 000 €</SimpleData>
          <SimpleData name="Size">85 кв.м</SimpleData>
          <SimpleData name="URL">https://www.imot.bg/obiava-1j177700663398937-prodava-kashta-oblast-sofiya-s-cheparlintsi</SimpleData>
        </SchemaData>
      </ExtendedData>
      <styleUrl>#style_yellow</styleUrl>
      <description>&lt;![CDATA[
            &lt;div style="font-family: sans-serif; max-width: 320px;"&gt;
                &lt;img src="https://imotstatic4.focus.bg/imot/photosimotbg/1/937//big/1j177700663398937_wZ.jpg" style="width:100%; height:auto; max-height:220px; object-fit:cover; border-radius:6px; margin-bottom:12px;"/&gt;
                &lt;hr style="border:0; border-top:1px solid #ccc; margin:10px 0;"/&gt;
                &lt;p style="margin:4px 0;"&gt;&lt;b&gt;Matched:&lt;/b&gt; +ток(+10), +двор(+4)&lt;/p&gt;
                &lt;p style="margin:4px 0;"&gt;&lt;b&gt;Penalties:&lt;/b&gt; None&lt;/p&gt;
                &lt;hr style="border:0; border-top:1px solid #ccc; margin:10px 0;"/&gt;
                &lt;p style="margin-top:6px; color:#444;"&gt;&lt;b&gt;Description:&lt;/b&gt;&lt;/p&gt;
                &lt;p style="color:#555; font-size:13px; line-height:1.4;"&gt;Хоум Хил предлага за продажба къща с просторен двор в с.Чепърлинци! Къщата е построена през 50-те години от здрави каменни основи, което я прави стабилна и подходяща за реновиране според вашия вкус. Състои се от следното разпределение: предверие, чет...&lt;/p&gt;
            &lt;/div&gt;
        ]]&gt;</description>
      <Point>
        <coordinates>22.9058943,43.0186807,0</coordinates>
      </Point>
    </Placemark>
    <Placemark>
      <name>Продава ВИЛА област София, с. Владо Тричков Обява: 1k169660795686984 (18 000 €)</name>
      <ExtendedData>
        <SchemaData schemaUrl="#PropertySchema">
          <SimpleData name="Price">18 000 €</SimpleData>
          <SimpleData name="Size">24 кв.м</SimpleData>
          <SimpleData name="URL">https://www.imot.bg/obiava-1k169660795686984-prodava-vila-oblast-sofiya-s-vlado-trichkov</SimpleData>
        </SchemaData>
      </ExtendedData>
      <styleUrl>#style_yellow</styleUrl>
      <description>&lt;![CDATA[
            &lt;div style="font-family: sans-serif; max-width: 320px;"&gt;
                &lt;img src="https://imotstatic4.focus.bg/imot/photosimotbg/1/984//big/1k169660795686984_Nt.jpg" style="width:100%; height:auto; max-height:220px; object-fit:cover; border-radius:6px; margin-bottom:12px;"/&gt;
                &lt;hr style="border:0; border-top:1px solid #ccc; margin:10px 0;"/&gt;
                &lt;p style="margin:4px 0;"&gt;&lt;b&gt;Matched:&lt;/b&gt; +вода(+10), +двор(+4)&lt;/p&gt;
                &lt;p style="margin:4px 0;"&gt;&lt;b&gt;Penalties:&lt;/b&gt; None&lt;/p&gt;
                &lt;hr style="border:0; border-top:1px solid #ccc; margin:10px 0;"/&gt;
                &lt;p style="margin-top:6px; color:#444;"&gt;&lt;b&gt;Description:&lt;/b&gt;&lt;/p&gt;
                &lt;p style="color:#555; font-size:13px; line-height:1.4;"&gt;Едноетажна  постройка.Вилна зона ,махала Ромча.Достъп по макадан.Съседи целогодишно живущи.Вода от извор.Двор терасиран.Барака за инструменти.Спалня ,кухня , предверие  и таванско.Близо до чешма с питейна изворна вода.Мазе.тел.0876115191...&lt;/p&gt;
            &lt;/div&gt;
        ]]&gt;</description>
      <Point>
        <coordinates>23.365314,42.863916,0</coordinates>
      </Point>
    </Placemark>
    <Placemark>
      <name>Продава КЪЩА област София, с. Повалиръж Обява: 1j172616078482071 (41 500 €)</name>
      <ExtendedData>
        <SchemaData schemaUrl="#PropertySchema">
          <SimpleData name="Price">41 500 €</SimpleData>
          <SimpleData name="Size">110 кв.м</SimpleData>
          <SimpleData name="URL">https://www.imot.bg/obiava-1j172616078482071-prodava-kashta-oblast-sofiya-s-povalirazh</SimpleData>
        </SchemaData>
      </ExtendedData>
      <styleUrl>#style_yellow</styleUrl>
      <description>&lt;![CDATA[
            &lt;div style="font-family: sans-serif; max-width: 320px;"&gt;
                &lt;img src="https://cdn3.focus.bg/imot/photosimotbg/1/071//big/1j172616078482071_fI.jpg" style="width:100%; height:auto; max-height:220px; object-fit:cover; border-radius:6px; margin-bottom:12px;"/&gt;
                &lt;hr style="border:0; border-top:1px solid #ccc; margin:10px 0;"/&gt;
                &lt;p style="margin:4px 0;"&gt;&lt;b&gt;Matched:&lt;/b&gt; +ток(+10), +вода(+10), +асфалт(+8)&lt;/p&gt;
                &lt;p style="margin:4px 0;"&gt;&lt;b&gt;Penalties:&lt;/b&gt; за ремонт(-15)&lt;/p&gt;
                &lt;hr style="border:0; border-top:1px solid #ccc; margin:10px 0;"/&gt;
                &lt;p style="margin-top:6px; color:#444;"&gt;&lt;b&gt;Description:&lt;/b&gt;&lt;/p&gt;
                &lt;p style="color:#555; font-size:13px; line-height:1.4;"&gt;Масивна къща на 58 км от София. Чудесна природа, рекичка. Ток и вода - партиди. За ремонт. Път - асфалт. Брой стаи 4 + подпокривно пространство, 2 от тях на дюшеме - на 2 етаж Външна тоалетна, без баня. За повече подробности  обаждане на посочения те...&lt;/p&gt;
            &lt;/div&gt;
        ]]&gt;</description>
      <Point>
        <coordinates>22.8939382,42.8361124,0</coordinates>
      </Point>
    </Placemark>
    <Placemark>
      <name>Продава КЪЩА област София, гр. Момин проход Обява: 1j176823323239109 (45 000 €)</name>
      <ExtendedData>
        <SchemaData schemaUrl="#PropertySchema">
          <SimpleData name="Price">45 000 €</SimpleData>
          <SimpleData name="Size">133 кв.м</SimpleData>
          <SimpleData name="URL">https://www.imot.bg/obiava-1j176823323239109-prodava-kashta-oblast-sofiya-gr-momin-prohod</SimpleData>
        </SchemaData>
      </ExtendedData>
      <styleUrl>#style_yellow</styleUrl>
      <description>&lt;![CDATA[
            &lt;div style="font-family: sans-serif; max-width: 320px;"&gt;
                &lt;img src="https://imotstatic4.focus.bg/imot/photosimotbg/1/109//1j176823323239109_w9.jpg" style="width:100%; height:auto; max-height:220px; object-fit:cover; border-radius:6px; margin-bottom:12px;"/&gt;
                &lt;hr style="border:0; border-top:1px solid #ccc; margin:10px 0;"/&gt;
                &lt;p style="margin:4px 0;"&gt;&lt;b&gt;Matched:&lt;/b&gt; +целогодишен достъп(+12)&lt;/p&gt;
                &lt;p style="margin:4px 0;"&gt;&lt;b&gt;Penalties:&lt;/b&gt; None&lt;/p&gt;
                &lt;hr style="border:0; border-top:1px solid #ccc; margin:10px 0;"/&gt;
                &lt;p style="margin-top:6px; color:#444;"&gt;&lt;b&gt;Description:&lt;/b&gt;&lt;/p&gt;
                &lt;p style="color:#555; font-size:13px; line-height:1.4;"&gt;ARCO REAL ESTATE предлага за продажба къща близнак в гр. Момин проход, разположена на главен път с открита панорамна гледка към зеленина и отличен целогодишен достъп. Имотът представлява стара двуетажна къща близнак със застроена площ от 100 кв.м., с...&lt;/p&gt;
            &lt;/div&gt;
        ]]&gt;</description>
      <Point>
        <coordinates>23.8721549,42.3327555,0</coordinates>
      </Point>
    </Placemark>
    <Placemark>
      <name>Продава КЪЩА област София, с. Горни Окол щъркелово гнездо Обява: 1j178801553648831 (45 000 €)</name>
      <ExtendedData>
        <SchemaData schemaUrl="#PropertySchema">
          <SimpleData name="Price">45 000 €</SimpleData>
          <SimpleData name="Size">72 кв.м</SimpleData>
          <SimpleData name="URL">https://www.imot.bg/obiava-1j178801553648831-prodava-kashta-oblast-sofiya-s-gorni-okol-shtarkelovo-gnezdo</SimpleData>
        </SchemaData>
      </ExtendedData>
      <styleUrl>#style_yellow</styleUrl>
      <description>&lt;![CDATA[
            &lt;div style="font-family: sans-serif; max-width: 320px;"&gt;
                &lt;img src="https://imotstatic3.focus.bg/imot/photosimotbg/1/831//big/1j178801553648831_aY.jpg" style="width:100%; height:auto; max-height:220px; object-fit:cover; border-radius:6px; margin-bottom:12px;"/&gt;
                &lt;hr style="border:0; border-top:1px solid #ccc; margin:10px 0;"/&gt;
                &lt;p style="margin:4px 0;"&gt;&lt;b&gt;Matched:&lt;/b&gt; +нова(+12)&lt;/p&gt;
                &lt;p style="margin:4px 0;"&gt;&lt;b&gt;Penalties:&lt;/b&gt; None&lt;/p&gt;
                &lt;hr style="border:0; border-top:1px solid #ccc; margin:10px 0;"/&gt;
                &lt;p style="margin-top:6px; color:#444;"&gt;&lt;b&gt;Description:&lt;/b&gt;&lt;/p&gt;
                &lt;p style="color:#555; font-size:13px; line-height:1.4;"&gt;Продавам парцел с две постройки в него, находящ се в землището на с. Горни окол, местост Мало равнище, вилна зона Щъркелово гнездо. Вилите са две - стара и нова , слепени. Има пет стаи, две мазета, тоалетна, баня,веранда,балкон. Вилата е занемарена -...&lt;/p&gt;
            &lt;/div&gt;
        ]]&gt;</description>
      <Point>
        <coordinates>23.51808,42.46613,0</coordinates>
      </Point>
    </Placemark>
    <Placemark>
      <name>Продава КЪЩА област София, с. Белчин Фусково ханче Обява: 1j178412343450642 (45 000 €)</name>
      <ExtendedData>
        <SchemaData schemaUrl="#PropertySchema">
          <SimpleData name="Price">45 000 €</SimpleData>
          <SimpleData name="Size">43 кв.м</SimpleData>
          <SimpleData name="URL">https://www.imot.bg/obiava-1j178412343450642-prodava-kashta-oblast-sofiya-s-belchin-fuskovo-hanche</SimpleData>
        </SchemaData>
      </ExtendedData>
      <styleUrl>#style_yellow</styleUrl>
      <description>&lt;![CDATA[
            &lt;div style="font-family: sans-serif; max-width: 320px;"&gt;
                &lt;img src="https://imotstatic4.focus.bg/imot/photosimotbg/1/642//big/1j178412343450642_rZ.jpg" style="width:100%; height:auto; max-height:220px; object-fit:cover; border-radius:6px; margin-bottom:12px;"/&gt;
                &lt;hr style="border:0; border-top:1px solid #ccc; margin:10px 0;"/&gt;
                &lt;p style="margin:4px 0;"&gt;&lt;b&gt;Matched:&lt;/b&gt; +целогодишен достъп(+12)&lt;/p&gt;
                &lt;p style="margin:4px 0;"&gt;&lt;b&gt;Penalties:&lt;/b&gt; None&lt;/p&gt;
                &lt;hr style="border:0; border-top:1px solid #ccc; margin:10px 0;"/&gt;
                &lt;p style="margin-top:6px; color:#444;"&gt;&lt;b&gt;Description:&lt;/b&gt;&lt;/p&gt;
                &lt;p style="color:#555; font-size:13px; line-height:1.4;"&gt;Предлагаме за продажба живописен вилен имот с голям потенциал, разположен в спокойната местност  Фусково ханче , с. Белчин. Имотът съчетава тишината на природата с бърз и удобен целогодишен достъп по бетониран път. В имота има узаконена едноетажна ви...&lt;/p&gt;
            &lt;/div&gt;
        ]]&gt;</description>
      <Point>
        <coordinates>23.380927,42.361537,0</coordinates>
      </Point>
    </Placemark>
    <Placemark>
      <name>Продава КЪЩА област София, гр. Своге Спирка Орлин Обява: 1j164942205130866 (42 500 €)</name>
      <ExtendedData>
        <SchemaData schemaUrl="#PropertySchema">
          <SimpleData name="Price">42 500 €</SimpleData>
          <SimpleData name="Size">112 кв.м</SimpleData>
          <SimpleData name="URL">https://www.imot.bg/obiava-1j164942205130866-prodava-kashta-oblast-sofiya-gr-svoge-spirka-orlin</SimpleData>
        </SchemaData>
      </ExtendedData>
      <styleUrl>#style_yellow</styleUrl>
      <description>&lt;![CDATA[
            &lt;div style="font-family: sans-serif; max-width: 320px;"&gt;
                &lt;img src="https://imotstatic1.focus.bg/imot/photosimotbg/1/866//big/1j164942205130866_S6.jpg" style="width:100%; height:auto; max-height:220px; object-fit:cover; border-radius:6px; margin-bottom:12px;"/&gt;
                &lt;hr style="border:0; border-top:1px solid #ccc; margin:10px 0;"/&gt;
                &lt;p style="margin:4px 0;"&gt;&lt;b&gt;Matched:&lt;/b&gt; +асфалт(+8), +двор(+4)&lt;/p&gt;
                &lt;p style="margin:4px 0;"&gt;&lt;b&gt;Penalties:&lt;/b&gt; None&lt;/p&gt;
                &lt;hr style="border:0; border-top:1px solid #ccc; margin:10px 0;"/&gt;
                &lt;p style="margin-top:6px; color:#444;"&gt;&lt;b&gt;Description:&lt;/b&gt;&lt;/p&gt;
                &lt;p style="color:#555; font-size:13px; line-height:1.4;"&gt;Град Своге в близост до спирка на влака  Орлин така ,че може да се ползва и от хора без кола.Двор 520 кв.м.с денивилация.Автомобил би могъл да паркира ако се изгради рампа.Пътя е асфалт и бетон но последните 200 метра е горски равен черен път. Центра...&lt;/p&gt;
            &lt;/div&gt;
        ]]&gt;</description>
      <Point>
        <coordinates>23.347804,42.959595,0</coordinates>
      </Point>
    </Placemark>
    <Placemark>
      <name>Продава КЪЩА област София, гр. Сливница Обява: 1j177788505191002 (49 999 €)</name>
      <ExtendedData>
        <SchemaData schemaUrl="#PropertySchema">
          <SimpleData name="Price">49 999 €</SimpleData>
          <SimpleData name="Size">233 кв.м</SimpleData>
          <SimpleData name="URL">https://www.imot.bg/obiava-1j177788505191002-prodava-kashta-oblast-sofiya-gr-slivnitsa</SimpleData>
        </SchemaData>
      </ExtendedData>
      <styleUrl>#style_yellow</styleUrl>
      <description>&lt;![CDATA[
            &lt;div style="font-family: sans-serif; max-width: 320px;"&gt;
                &lt;img src="https://imotstatic2.focus.bg/imot/photosimotbg/1/002//big/1j177788505191002_rk.jpg" style="width:100%; height:auto; max-height:220px; object-fit:cover; border-radius:6px; margin-bottom:12px;"/&gt;
                &lt;hr style="border:0; border-top:1px solid #ccc; margin:10px 0;"/&gt;
                &lt;p style="margin:4px 0;"&gt;&lt;b&gt;Matched:&lt;/b&gt; +нова(+12)&lt;/p&gt;
                &lt;p style="margin:4px 0;"&gt;&lt;b&gt;Penalties:&lt;/b&gt; None&lt;/p&gt;
                &lt;hr style="border:0; border-top:1px solid #ccc; margin:10px 0;"/&gt;
                &lt;p style="margin-top:6px; color:#444;"&gt;&lt;b&gt;Description:&lt;/b&gt;&lt;/p&gt;
                &lt;p style="color:#555; font-size:13px; line-height:1.4;"&gt;Продаваме урегулиран поземлен имот (УПИ) с площ 671 кв.м., разположен в гр. Сливница със започнато строителство на еднофамилна двуетажна къща. Излети са основи и е изградена подпорна стена. Новият собственик може да избере да довърши започнатия проек...&lt;/p&gt;
            &lt;/div&gt;
        ]]&gt;</description>
      <Point>
        <coordinates>23.0380281,42.8517828,0</coordinates>
      </Point>
    </Placemark>
    <Placemark>
      <name>Продава КЪЩА област София, с. Белчин Фусково ханче Обява: 1j178412343450642 (45 000 €)</name>
      <ExtendedData>
        <SchemaData schemaUrl="#PropertySchema">
          <SimpleData name="Price">45 000 €</SimpleData>
          <SimpleData name="Size">43 кв.м</SimpleData>
          <SimpleData name="URL">https://www.imot.bg/obiava-1j178412343450642-prodava-kashta-oblast-sofiya-s-belchin-fuskovo-hanche#playertag</SimpleData>
        </SchemaData>
      </ExtendedData>
      <styleUrl>#style_yellow</styleUrl>
      <description>&lt;![CDATA[
            &lt;div style="font-family: sans-serif; max-width: 320px;"&gt;
                &lt;img src="https://imotstatic4.focus.bg/imot/photosimotbg/1/642//big/1j178412343450642_rZ.jpg" style="width:100%; height:auto; max-height:220px; object-fit:cover; border-radius:6px; margin-bottom:12px;"/&gt;
                &lt;hr style="border:0; border-top:1px solid #ccc; margin:10px 0;"/&gt;
                &lt;p style="margin:4px 0;"&gt;&lt;b&gt;Matched:&lt;/b&gt; +целогодишен достъп(+12)&lt;/p&gt;
                &lt;p style="margin:4px 0;"&gt;&lt;b&gt;Penalties:&lt;/b&gt; None&lt;/p&gt;
                &lt;hr style="border:0; border-top:1px solid #ccc; margin:10px 0;"/&gt;
                &lt;p style="margin-top:6px; color:#444;"&gt;&lt;b&gt;Description:&lt;/b&gt;&lt;/p&gt;
                &lt;p style="color:#555; font-size:13px; line-height:1.4;"&gt;Предлагаме за продажба живописен вилен имот с голям потенциал, разположен в спокойната местност  Фусково ханче , с. Белчин. Имотът съчетава тишината на природата с бърз и удобен целогодишен достъп по бетониран път. В имота има узаконена едноетажна ви...&lt;/p&gt;
            &lt;/div&gt;
        ]]&gt;</description>
      <Point>
        <coordinates>23.380477,42.361087,0</coordinates>
      </Point>
    </Placemark>
    <Placemark>
      <name>Продава КЪЩА област София, с. Делян Урбанизирана зона Логатор Обява: 1j175766198489028 (39 900 €)</name>
      <ExtendedData>
        <SchemaData schemaUrl="#PropertySchema">
          <SimpleData name="Price">39 900 €</SimpleData>
          <SimpleData name="Size">40 кв.м</SimpleData>
          <SimpleData name="URL">https://www.imot.bg/obiava-1j175766198489028-prodava-kashta-oblast-sofiya-s-delyan-urbanizirana-zona-logator</SimpleData>
        </SchemaData>
      </ExtendedData>
      <styleUrl>#style_yellow</styleUrl>
      <description>&lt;![CDATA[
            &lt;div style="font-family: sans-serif; max-width: 320px;"&gt;
                &lt;img src="https://imotstatic2.focus.bg/imot/photosimotbg/1/028//big/1j175766198489028_XL.jpg" style="width:100%; height:auto; max-height:220px; object-fit:cover; border-radius:6px; margin-bottom:12px;"/&gt;
                &lt;hr style="border:0; border-top:1px solid #ccc; margin:10px 0;"/&gt;
                &lt;p style="margin:4px 0;"&gt;&lt;b&gt;Matched:&lt;/b&gt; +нова(+12), +ток(+10)&lt;/p&gt;
                &lt;p style="margin:4px 0;"&gt;&lt;b&gt;Penalties:&lt;/b&gt; панел(-10)&lt;/p&gt;
                &lt;hr style="border:0; border-top:1px solid #ccc; margin:10px 0;"/&gt;
                &lt;p style="margin-top:6px; color:#444;"&gt;&lt;b&gt;Description:&lt;/b&gt;&lt;/p&gt;
                &lt;p style="color:#555; font-size:13px; line-height:1.4;"&gt;ПАРЦЕЛ С НОВА РАЗТЕГАТЕЛНА КЪЩА   ДИРЕКТНО ОТ СОБСТВЕНИК с ток и собствен водоизточник. Вилна зона Логатор, община Брезник 5 км от с. Делян 10 км от Банкя 23 км от Божурище 30 км от ж.к. Люлин, София Цена: 39 900 евро Отлична възможност за вила, цело...&lt;/p&gt;
            &lt;/div&gt;
        ]]&gt;</description>
      <Point>
        <coordinates>23.004266,42.759957,0</coordinates>
      </Point>
    </Placemark>
    <Placemark>
      <name>Продава КЪЩА област София, с. Делян Урбанизирана зона Логатор Обява: 1j175766198489028 (39 900 €)</name>
      <ExtendedData>
        <SchemaData schemaUrl="#PropertySchema">
          <SimpleData name="Price">39 900 €</SimpleData>
          <SimpleData name="Size">40 кв.м</SimpleData>
          <SimpleData name="URL">https://www.imot.bg/obiava-1j175766198489028-prodava-kashta-oblast-sofiya-s-delyan-urbanizirana-zona-logator#playertag</SimpleData>
        </SchemaData>
      </ExtendedData>
      <styleUrl>#style_yellow</styleUrl>
      <description>&lt;![CDATA[
            &lt;div style="font-family: sans-serif; max-width: 320px;"&gt;
                &lt;img src="https://imotstatic2.focus.bg/imot/photosimotbg/1/028//big/1j175766198489028_XL.jpg" style="width:100%; height:auto; max-height:220px; object-fit:cover; border-radius:6px; margin-bottom:12px;"/&gt;
                &lt;hr style="border:0; border-top:1px solid #ccc; margin:10px 0;"/&gt;
                &lt;p style="margin:4px 0;"&gt;&lt;b&gt;Matched:&lt;/b&gt; +нова(+12), +ток(+10)&lt;/p&gt;
                &lt;p style="margin:4px 0;"&gt;&lt;b&gt;Penalties:&lt;/b&gt; панел(-10)&lt;/p&gt;
                &lt;hr style="border:0; border-top:1px solid #ccc; margin:10px 0;"/&gt;
                &lt;p style="margin-top:6px; color:#444;"&gt;&lt;b&gt;Description:&lt;/b&gt;&lt;/p&gt;
                &lt;p style="color:#555; font-size:13px; line-height:1.4;"&gt;ПАРЦЕЛ С НОВА РАЗТЕГАТЕЛНА КЪЩА   ДИРЕКТНО ОТ СОБСТВЕНИК с ток и собствен водоизточник. Вилна зона Логатор, община Брезник 5 км от с. Делян 10 км от Банкя 23 км от Божурище 30 км от ж.к. Люлин, София Цена: 39 900 евро Отлична възможност за вила, цело...&lt;/p&gt;
            &lt;/div&gt;
        ]]&gt;</description>
      <Point>
        <coordinates>23.004266,42.759057,0</coordinates>
      </Point>
    </Placemark>
    <Placemark>
      <name>Продава КЪЩА област София, с. Новачене Обява: 1j170905330405408 (42 500 €)</name>
      <ExtendedData>
        <SchemaData schemaUrl="#PropertySchema">
          <SimpleData name="Price">42 500 €</SimpleData>
          <SimpleData name="Size">212 кв.м</SimpleData>
          <SimpleData name="URL">https://www.imot.bg/obiava-1j170905330405408-prodava-kashta-oblast-sofiya-s-novachene</SimpleData>
        </SchemaData>
      </ExtendedData>
      <styleUrl>#style_yellow</styleUrl>
      <description>&lt;![CDATA[
            &lt;div style="font-family: sans-serif; max-width: 320px;"&gt;
                &lt;img src="https://imotstatic2.focus.bg/imot/photosimotbg/1/408//big/1j170905330405408_sm.jpg" style="width:100%; height:auto; max-height:220px; object-fit:cover; border-radius:6px; margin-bottom:12px;"/&gt;
                &lt;hr style="border:0; border-top:1px solid #ccc; margin:10px 0;"/&gt;
                &lt;p style="margin:4px 0;"&gt;&lt;b&gt;Matched:&lt;/b&gt; +нова(+12)&lt;/p&gt;
                &lt;p style="margin:4px 0;"&gt;&lt;b&gt;Penalties:&lt;/b&gt; None&lt;/p&gt;
                &lt;hr style="border:0; border-top:1px solid #ccc; margin:10px 0;"/&gt;
                &lt;p style="margin-top:6px; color:#444;"&gt;&lt;b&gt;Description:&lt;/b&gt;&lt;/p&gt;
                &lt;p style="color:#555; font-size:13px; line-height:1.4;"&gt;Започнат е ремонт като първия етаж е готов, с една спалня, кухня, трапезария, хол, баня и тоалетна, остава само да се монтира кухня и санитария в банята и тоалетната. Таваните са с изолация и нов сачак. Баня и тоалетна чисто нови с фаянс и теракот. В...&lt;/p&gt;
            &lt;/div&gt;
        ]]&gt;</description>
      <Point>
        <coordinates>23.730518,42.978246,0</coordinates>
      </Point>
    </Placemark>
    <Placemark>
      <name>Продава КЪЩА област София, с. Шума махала 'Странье' Обява: 1j176285338269026 (39 000 €)</name>
      <ExtendedData>
        <SchemaData schemaUrl="#PropertySchema">
          <SimpleData name="Price">39 000 €</SimpleData>
          <SimpleData name="Size">97 кв.м</SimpleData>
          <SimpleData name="URL">https://www.imot.bg/obiava-1j176285338269026-prodava-kashta-oblast-sofiya-s-shuma-mahala-stranye</SimpleData>
        </SchemaData>
      </ExtendedData>
      <styleUrl>#style_yellow</styleUrl>
      <description>&lt;![CDATA[
            &lt;div style="font-family: sans-serif; max-width: 320px;"&gt;
                &lt;img src="https://cdn3.focus.bg/imot/photosimotbg/1/026//big/1j176285338269026_nw.jpg" style="width:100%; height:auto; max-height:220px; object-fit:cover; border-radius:6px; margin-bottom:12px;"/&gt;
                &lt;hr style="border:0; border-top:1px solid #ccc; margin:10px 0;"/&gt;
                &lt;p style="margin:4px 0;"&gt;&lt;b&gt;Matched:&lt;/b&gt; +асфалт(+8), +двор(+4)&lt;/p&gt;
                &lt;p style="margin:4px 0;"&gt;&lt;b&gt;Penalties:&lt;/b&gt; None&lt;/p&gt;
                &lt;hr style="border:0; border-top:1px solid #ccc; margin:10px 0;"/&gt;
                &lt;p style="margin-top:6px; color:#444;"&gt;&lt;b&gt;Description:&lt;/b&gt;&lt;/p&gt;
                &lt;p style="color:#555; font-size:13px; line-height:1.4;"&gt;ЧУДЕСЕН ИМОТ, НАХОДЯЩ СЕ В ПОЛИТЕ НА ЗАПАДНА СТАРА ПЛАНИНА, НА 45КМ СЕВЕРОЗАПАДНО ОТ ГР.СОФИЯ, И 5КМ. ОТ ГР.ГОДЕЧ. Имотът включва двуетажна сграда от 1983г. и стара постройка, в ограден двор от 1200кв.м с плодни дръвчета и кошери. Застроената площ на...&lt;/p&gt;
            &lt;/div&gt;
        ]]&gt;</description>
      <Point>
        <coordinates>23.090871,42.993463,0</coordinates>
      </Point>
    </Placemark>
    <Placemark>
      <name>Продава КЪЩА област София, с. Томпсън Обява: 1j177615208955902 (39 900 €)</name>
      <ExtendedData>
        <SchemaData schemaUrl="#PropertySchema">
          <SimpleData name="Price">39 900 €</SimpleData>
          <SimpleData name="Size">74 кв.м</SimpleData>
          <SimpleData name="URL">https://www.imot.bg/obiava-1j177615208955902-prodava-kashta-oblast-sofiya-s-tompsan</SimpleData>
        </SchemaData>
      </ExtendedData>
      <styleUrl>#style_yellow</styleUrl>
      <description>&lt;![CDATA[
            &lt;div style="font-family: sans-serif; max-width: 320px;"&gt;
                &lt;img src="https://imotstatic4.focus.bg/imot/photosimotbg/1/902//big/1j177615208955902_UT.jpg" style="width:100%; height:auto; max-height:220px; object-fit:cover; border-radius:6px; margin-bottom:12px;"/&gt;
                &lt;hr style="border:0; border-top:1px solid #ccc; margin:10px 0;"/&gt;
                &lt;p style="margin:4px 0;"&gt;&lt;b&gt;Matched:&lt;/b&gt; +целогодишен достъп(+12)&lt;/p&gt;
                &lt;p style="margin:4px 0;"&gt;&lt;b&gt;Penalties:&lt;/b&gt; None&lt;/p&gt;
                &lt;hr style="border:0; border-top:1px solid #ccc; margin:10px 0;"/&gt;
                &lt;p style="margin-top:6px; color:#444;"&gt;&lt;b&gt;Description:&lt;/b&gt;&lt;/p&gt;
                &lt;p style="color:#555; font-size:13px; line-height:1.4;"&gt;Имоти Премиер предлага къща, строена през 80-те години в с.Томсън. Целогодишен достъп, на 35 минути от гр. София. Централен водопровод. Масивна конструкция с плочи между етажите. Разпределение: 1-ви етаж: една стая и баня, 2-ри етаж: две стаи и предв...&lt;/p&gt;
            &lt;/div&gt;
        ]]&gt;</description>
      <Point>
        <coordinates>23.381187,42.928472,0</coordinates>
      </Point>
    </Placemark>
    <Placemark>
      <name>Продава ВИЛА област София, с. Луково м. Обява: 1k165791880671536 (49 900 €)</name>
      <ExtendedData>
        <SchemaData schemaUrl="#PropertySchema">
          <SimpleData name="Price">49 900 €</SimpleData>
          <SimpleData name="Size">36 кв.м</SimpleData>
          <SimpleData name="URL">https://www.imot.bg/obiava-1k165791880671536-prodava-vila-oblast-sofiya-s-lukovo-m</SimpleData>
        </SchemaData>
      </ExtendedData>
      <styleUrl>#style_yellow</styleUrl>
      <description>&lt;![CDATA[
            &lt;div style="font-family: sans-serif; max-width: 320px;"&gt;
                &lt;img src="https://imotstatic2.focus.bg/imot/photosimotbg/1/536//big/1k165791880671536_3k.jpg" style="width:100%; height:auto; max-height:220px; object-fit:cover; border-radius:6px; margin-bottom:12px;"/&gt;
                &lt;hr style="border:0; border-top:1px solid #ccc; margin:10px 0;"/&gt;
                &lt;p style="margin:4px 0;"&gt;&lt;b&gt;Matched:&lt;/b&gt; +асфалт(+8), +двор(+4)&lt;/p&gt;
                &lt;p style="margin:4px 0;"&gt;&lt;b&gt;Penalties:&lt;/b&gt; None&lt;/p&gt;
                &lt;hr style="border:0; border-top:1px solid #ccc; margin:10px 0;"/&gt;
                &lt;p style="margin-top:6px; color:#444;"&gt;&lt;b&gt;Description:&lt;/b&gt;&lt;/p&gt;
                &lt;p style="color:#555; font-size:13px; line-height:1.4;"&gt;ВИРТУС предлага масивна двуетажна вила в планината. Местност ''. Двор с денивелация. На километър от главния път за София. Достъп по асфалт, бетониран път и макадам....&lt;/p&gt;
            &lt;/div&gt;
        ]]&gt;</description>
      <Point>
        <coordinates>23.409298,42.87266,0</coordinates>
      </Point>
    </Placemark>
    <Placemark>
      <name>Продава КЪЩА област София, с. Долно Камарци Обява: 1j177684570195416 (48 000 €)</name>
      <ExtendedData>
        <SchemaData schemaUrl="#PropertySchema">
          <SimpleData name="Price">48 000 €</SimpleData>
          <SimpleData name="Size">100 кв.м</SimpleData>
          <SimpleData name="URL">https://www.imot.bg/obiava-1j177684570195416-prodava-kashta-oblast-sofiya-s-dolno-kamartsi</SimpleData>
        </SchemaData>
      </ExtendedData>
      <styleUrl>#style_yellow</styleUrl>
      <description>&lt;![CDATA[
            &lt;div style="font-family: sans-serif; max-width: 320px;"&gt;
                &lt;img src="https://imotstatic2.focus.bg/imot/photosimotbg/1/416//big/1j177684570195416_O0.jpg" style="width:100%; height:auto; max-height:220px; object-fit:cover; border-radius:6px; margin-bottom:12px;"/&gt;
                &lt;hr style="border:0; border-top:1px solid #ccc; margin:10px 0;"/&gt;
                &lt;p style="margin:4px 0;"&gt;&lt;b&gt;Matched:&lt;/b&gt; +гараж(+10), +целогодишен достъп(+12), +двор(+4)&lt;/p&gt;
                &lt;p style="margin:4px 0;"&gt;&lt;b&gt;Penalties:&lt;/b&gt; за ремонт(-15)&lt;/p&gt;
                &lt;hr style="border:0; border-top:1px solid #ccc; margin:10px 0;"/&gt;
                &lt;p style="margin-top:6px; color:#444;"&gt;&lt;b&gt;Description:&lt;/b&gt;&lt;/p&gt;
                &lt;p style="color:#555; font-size:13px; line-height:1.4;"&gt;Агенция за Недвижими имоти предлага на своите клиенти къща с двор на тихо и спокойно място в село Долно Камарци. Къщата се намира в район с целогодишно ползване и постоянно живеещи съседи. Състои се от партер с гараж и мазе, първи етаж: хол, две спал...&lt;/p&gt;
            &lt;/div&gt;
        ]]&gt;</description>
      <Point>
        <coordinates>23.856433,42.714281,0</coordinates>
      </Point>
    </Placemark>
    <Placemark>
      <name>Продава КЪЩА област София, с. Гургулят Обява: 1j178705562067079 (26 000 €)</name>
      <ExtendedData>
        <SchemaData schemaUrl="#PropertySchema">
          <SimpleData name="Price">26 000 €</SimpleData>
          <SimpleData name="Size">60 кв.м</SimpleData>
          <SimpleData name="URL">https://www.imot.bg/obiava-1j178705562067079-prodava-kashta-oblast-sofiya-s-gurgulyat</SimpleData>
        </SchemaData>
      </ExtendedData>
      <styleUrl>#style_red</styleUrl>
      <description>&lt;![CDATA[
            &lt;div style="font-family: sans-serif; max-width: 320px;"&gt;
                &lt;img src="https://imotstatic3.focus.bg/imot/photosimotbg/1/079//big/1j178705562067079_3X.jpg" style="width:100%; height:auto; max-height:220px; object-fit:cover; border-radius:6px; margin-bottom:12px;"/&gt;
                &lt;hr style="border:0; border-top:1px solid #ccc; margin:10px 0;"/&gt;
                &lt;p style="margin:4px 0;"&gt;&lt;b&gt;Matched:&lt;/b&gt; +ток(+10)&lt;/p&gt;
                &lt;p style="margin:4px 0;"&gt;&lt;b&gt;Penalties:&lt;/b&gt; None&lt;/p&gt;
                &lt;hr style="border:0; border-top:1px solid #ccc; margin:10px 0;"/&gt;
                &lt;p style="margin-top:6px; color:#444;"&gt;&lt;b&gt;Description:&lt;/b&gt;&lt;/p&gt;
                &lt;p style="color:#555; font-size:13px; line-height:1.4;"&gt;КЛИЕНТИТЕ НА MARTIN'S СА ПО-ДОВОЛНИ! ПОПИТАЙ ЗАШО! Предлагаме ви старинна къща в село Гургулят/самото име говори за история/, на 12 км. от град Сливница /в момента се извършва основна подмяна на пътната настилка между гр. Сливница и гр. Брезник/ и на...&lt;/p&gt;
            &lt;/div&gt;
        ]]&gt;</description>
      <Point>
        <coordinates>22.9757,42.79179,0</coordinates>
      </Point>
    </Placemark>
    <Placemark>
      <name>Продава КЪЩА област София, с. Гинци Махала Полеглица Обява: 1j170163697578351 (25 500 €)</name>
      <ExtendedData>
        <SchemaData schemaUrl="#PropertySchema">
          <SimpleData name="Price">25 500 €</SimpleData>
          <SimpleData name="Size">36 кв.м</SimpleData>
          <SimpleData name="URL">https://www.imot.bg/obiava-1j170163697578351-prodava-kashta-oblast-sofiya-s-gintsi-mahala-poleglitsa</SimpleData>
        </SchemaData>
      </ExtendedData>
      <styleUrl>#style_red</styleUrl>
      <description>&lt;![CDATA[
            &lt;div style="font-family: sans-serif; max-width: 320px;"&gt;
                &lt;img src="https://imotstatic2.focus.bg/imot/photosimotbg/1/351//big/1j170163697578351_GB.jpg" style="width:100%; height:auto; max-height:220px; object-fit:cover; border-radius:6px; margin-bottom:12px;"/&gt;
                &lt;hr style="border:0; border-top:1px solid #ccc; margin:10px 0;"/&gt;
                &lt;p style="margin:4px 0;"&gt;&lt;b&gt;Matched:&lt;/b&gt; +ток(+10)&lt;/p&gt;
                &lt;p style="margin:4px 0;"&gt;&lt;b&gt;Penalties:&lt;/b&gt; None&lt;/p&gt;
                &lt;hr style="border:0; border-top:1px solid #ccc; margin:10px 0;"/&gt;
                &lt;p style="margin-top:6px; color:#444;"&gt;&lt;b&gt;Description:&lt;/b&gt;&lt;/p&gt;
                &lt;p style="color:#555; font-size:13px; line-height:1.4;"&gt;Имоти Алсим и сие , продава къща(вила) в махала Полеглица, с.Гинци, общ.Годеч, София област, близо до Историческия път - дворното място е 1400 кв.м.застроената къща в имота е 36 кв.м Състои се от -дневна и спалня. - Налични комуникации:  ток, собстве...&lt;/p&gt;
            &lt;/div&gt;
        ]]&gt;</description>
      <Point>
        <coordinates>23.108617,43.072913,0</coordinates>
      </Point>
    </Placemark>
    <Placemark>
      <name>Продава КЪЩА област София, с. Букоровци Обява: 1j177978722968017 (12 499 €)</name>
      <ExtendedData>
        <SchemaData schemaUrl="#PropertySchema">
          <SimpleData name="Price">12 499 €</SimpleData>
          <SimpleData name="Size">24 кв.м</SimpleData>
          <SimpleData name="URL">https://www.imot.bg/obiava-1j177978722968017-prodava-kashta-oblast-sofiya-s-bukorovtsi</SimpleData>
        </SchemaData>
      </ExtendedData>
      <styleUrl>#style_red</styleUrl>
      <description>&lt;![CDATA[
            &lt;div style="font-family: sans-serif; max-width: 320px;"&gt;
                &lt;img src="https://cdn3.focus.bg/imot/photosimotbg/1/017//big/1j177978722968017_wK.jpg" style="width:100%; height:auto; max-height:220px; object-fit:cover; border-radius:6px; margin-bottom:12px;"/&gt;
                &lt;hr style="border:0; border-top:1px solid #ccc; margin:10px 0;"/&gt;
                &lt;p style="margin:4px 0;"&gt;&lt;b&gt;Matched:&lt;/b&gt; +вода(+10)&lt;/p&gt;
                &lt;p style="margin:4px 0;"&gt;&lt;b&gt;Penalties:&lt;/b&gt; None&lt;/p&gt;
                &lt;hr style="border:0; border-top:1px solid #ccc; margin:10px 0;"/&gt;
                &lt;p style="margin-top:6px; color:#444;"&gt;&lt;b&gt;Description:&lt;/b&gt;&lt;/p&gt;
                &lt;p style="color:#555; font-size:13px; line-height:1.4;"&gt;равен, УПИ, селото се намира в Западна България, община Годеч, на 7 км. от общинския център Годеч, 56 км. от София -  24 кв.м. паянтова сграда с изградена ел. инсталация и електромер /в момента тока е прекъснат/; - вода в парцела; - м/у къщи, които с...&lt;/p&gt;
            &lt;/div&gt;
        ]]&gt;</description>
      <Point>
        <coordinates>22.9691282,42.9894675,0</coordinates>
      </Point>
    </Placemark>
    <Placemark>
      <name>Продава КЪЩА област София, с. Костенец Обява: 1j178765955304202 (13 300 €)</name>
      <ExtendedData>
        <SchemaData schemaUrl="#PropertySchema">
          <SimpleData name="Price">13 300 €</SimpleData>
          <SimpleData name="Size">380 кв.м</SimpleData>
          <SimpleData name="URL">https://www.imot.bg/obiava-1j178765955304202-prodava-kashta-oblast-sofiya-s-kostenets</SimpleData>
        </SchemaData>
      </ExtendedData>
      <styleUrl>#style_red</styleUrl>
      <description>&lt;![CDATA[
            &lt;div style="font-family: sans-serif; max-width: 320px;"&gt;
                
                &lt;hr style="border:0; border-top:1px solid #ccc; margin:10px 0;"/&gt;
                &lt;p style="margin:4px 0;"&gt;&lt;b&gt;Matched:&lt;/b&gt; +вода(+10)&lt;/p&gt;
                &lt;p style="margin:4px 0;"&gt;&lt;b&gt;Penalties:&lt;/b&gt; None&lt;/p&gt;
                &lt;hr style="border:0; border-top:1px solid #ccc; margin:10px 0;"/&gt;
                &lt;p style="margin-top:6px; color:#444;"&gt;&lt;b&gt;Description:&lt;/b&gt;&lt;/p&gt;
                &lt;p style="color:#555; font-size:13px; line-height:1.4;"&gt;Имота е една втора от имот находящ се на ул.Пиперче 61 .Има стара къща с партиди за вода и електричество.Имота е на асвалтова улица...&lt;/p&gt;
            &lt;/div&gt;
        ]]&gt;</description>
      <Point>
        <coordinates>23.858828,42.307179,0</coordinates>
      </Point>
    </Placemark>
    <Placemark>
      <name>Продава КЪЩА област София, с. Луково Обява: 1j171776081288696 (43 000 €)</name>
      <ExtendedData>
        <SchemaData schemaUrl="#PropertySchema">
          <SimpleData name="Price">43 000 €</SimpleData>
          <SimpleData name="Size">27 кв.м</SimpleData>
          <SimpleData name="URL">https://www.imot.bg/obiava-1j171776081288696-prodava-kashta-oblast-sofiya-s-lukovo</SimpleData>
        </SchemaData>
      </ExtendedData>
      <styleUrl>#style_red</styleUrl>
      <description>&lt;![CDATA[
            &lt;div style="font-family: sans-serif; max-width: 320px;"&gt;
                &lt;img src="https://imotstatic4.focus.bg/imot/photosimotbg/1/696//big/1j171776081288696_bl.jpg" style="width:100%; height:auto; max-height:220px; object-fit:cover; border-radius:6px; margin-bottom:12px;"/&gt;
                &lt;hr style="border:0; border-top:1px solid #ccc; margin:10px 0;"/&gt;
                &lt;p style="margin:4px 0;"&gt;&lt;b&gt;Matched:&lt;/b&gt; +ток(+10), +вода(+10)&lt;/p&gt;
                &lt;p style="margin:4px 0;"&gt;&lt;b&gt;Penalties:&lt;/b&gt; панел(-10)&lt;/p&gt;
                &lt;hr style="border:0; border-top:1px solid #ccc; margin:10px 0;"/&gt;
                &lt;p style="margin-top:6px; color:#444;"&gt;&lt;b&gt;Description:&lt;/b&gt;&lt;/p&gt;
                &lt;p style="color:#555; font-size:13px; line-height:1.4;"&gt;КЛЮЧ В АГЕНЦИЯТА! ОГЛЕДИ ПО ВСЯКО ВРЕМЕ! Продава имот в с. Луково, местност  Божана чука . Панелна постройка от 27 кв.м. и дворно място от 1010 кв.м. Ток и вода. До имота има целогодишно живеещи в съседство. Къщата се състои от от антре, санитарен въ...&lt;/p&gt;
            &lt;/div&gt;
        ]]&gt;</description>
      <Point>
        <coordinates>23.408907,42.87266,0</coordinates>
      </Point>
    </Placemark>
    <Placemark>
      <name>Продава КЪЩА област София, с. Мухово Обява: 1j175882092722834 (43 000 €)</name>
      <ExtendedData>
        <SchemaData schemaUrl="#PropertySchema">
          <SimpleData name="Price">43 000 €</SimpleData>
          <SimpleData name="Size">140 кв.м</SimpleData>
          <SimpleData name="URL">https://www.imot.bg/obiava-1j175882092722834-prodava-kashta-oblast-sofiya-s-muhovo</SimpleData>
        </SchemaData>
      </ExtendedData>
      <styleUrl>#style_red</styleUrl>
      <description>&lt;![CDATA[
            &lt;div style="font-family: sans-serif; max-width: 320px;"&gt;
                &lt;img src="https://imotstatic1.focus.bg/imot/photosimotbg/1/834//big/1j175882092722834_cp.jpg" style="width:100%; height:auto; max-height:220px; object-fit:cover; border-radius:6px; margin-bottom:12px;"/&gt;
                &lt;hr style="border:0; border-top:1px solid #ccc; margin:10px 0;"/&gt;
                &lt;p style="margin:4px 0;"&gt;&lt;b&gt;Matched:&lt;/b&gt; +канализация(+10)&lt;/p&gt;
                &lt;p style="margin:4px 0;"&gt;&lt;b&gt;Penalties:&lt;/b&gt; None&lt;/p&gt;
                &lt;hr style="border:0; border-top:1px solid #ccc; margin:10px 0;"/&gt;
                &lt;p style="margin-top:6px; color:#444;"&gt;&lt;b&gt;Description:&lt;/b&gt;&lt;/p&gt;
                &lt;p style="color:#555; font-size:13px; line-height:1.4;"&gt;Продава се двуетажна къща в с. Мухово в непосредствена близост до яз. Тополница с пейзажна гледка към планината. На 80км от град София. Къщата е тухлена, строена през 1988 г. РАЗПРЕДЕЛЕНИЯ: Първи етаж - 70 кв.м: 1.Всекидневна 2.Тоалетна 3.Антре 4.Про...&lt;/p&gt;
            &lt;/div&gt;
        ]]&gt;</description>
      <Point>
        <coordinates>23.995524,42.421307,0</coordinates>
      </Point>
    </Placemark>
    <Placemark>
      <name>Продава ВИЛА област София, гр. Ихтиман Иструм парк Обява: 1k157977251687886 (41 000 €)</name>
      <ExtendedData>
        <SchemaData schemaUrl="#PropertySchema">
          <SimpleData name="Price">41 000 €</SimpleData>
          <SimpleData name="Size">125 кв.м</SimpleData>
          <SimpleData name="URL">https://www.imot.bg/obiava-1k157977251687886-prodava-vila-oblast-sofiya-gr-ihtiman-istrum-park</SimpleData>
        </SchemaData>
      </ExtendedData>
      <styleUrl>#style_red</styleUrl>
      <description>&lt;![CDATA[
            &lt;div style="font-family: sans-serif; max-width: 320px;"&gt;
                &lt;img src="https://imotstatic4.focus.bg/imot/photosimotbg/1/886//big/1k157977251687886_IT.jpg" style="width:100%; height:auto; max-height:220px; object-fit:cover; border-radius:6px; margin-bottom:12px;"/&gt;
                &lt;hr style="border:0; border-top:1px solid #ccc; margin:10px 0;"/&gt;
                &lt;p style="margin:4px 0;"&gt;&lt;b&gt;Matched:&lt;/b&gt; +вода(+10)&lt;/p&gt;
                &lt;p style="margin:4px 0;"&gt;&lt;b&gt;Penalties:&lt;/b&gt; None&lt;/p&gt;
                &lt;hr style="border:0; border-top:1px solid #ccc; margin:10px 0;"/&gt;
                &lt;p style="margin-top:6px; color:#444;"&gt;&lt;b&gt;Description:&lt;/b&gt;&lt;/p&gt;
                &lt;p style="color:#555; font-size:13px; line-height:1.4;"&gt;ИМОТИ КИМА предлага ваканционен имот на брега на язовир Искър, в частен къмпинг 'Инструм парк', с невероятна панорамна гледка към язовира, може да се ползва целогодишно. 🌳 Защо да изберете този имот? ✅ Панорамна гледка към язовира ✅ Частен, охраняем ...&lt;/p&gt;
            &lt;/div&gt;
        ]]&gt;</description>
      <Point>
        <coordinates>23.814383,42.438946,0</coordinates>
      </Point>
    </Placemark>
    <Placemark>
      <name>Продава КЪЩА област София, с. Чурек ул. Изгрев Обява: 1j171092519560090 (50 000 €)</name>
      <ExtendedData>
        <SchemaData schemaUrl="#PropertySchema">
          <SimpleData name="Price">50 000 €</SimpleData>
          <SimpleData name="Size">170 кв.м</SimpleData>
          <SimpleData name="URL">https://www.imot.bg/obiava-1j171092519560090-prodava-kashta-oblast-sofiya-s-churek-ul-izgrev</SimpleData>
        </SchemaData>
      </ExtendedData>
      <styleUrl>#style_red</styleUrl>
      <description>&lt;![CDATA[
            &lt;div style="font-family: sans-serif; max-width: 320px;"&gt;
                &lt;img src="https://imotstatic3.focus.bg/imot/photosimotbg/1/090//big/1j171092519560090_Yo.jpg" style="width:100%; height:auto; max-height:220px; object-fit:cover; border-radius:6px; margin-bottom:12px;"/&gt;
                &lt;hr style="border:0; border-top:1px solid #ccc; margin:10px 0;"/&gt;
                &lt;p style="margin:4px 0;"&gt;&lt;b&gt;Matched:&lt;/b&gt; +ток(+10)&lt;/p&gt;
                &lt;p style="margin:4px 0;"&gt;&lt;b&gt;Penalties:&lt;/b&gt; None&lt;/p&gt;
                &lt;hr style="border:0; border-top:1px solid #ccc; margin:10px 0;"/&gt;
                &lt;p style="margin-top:6px; color:#444;"&gt;&lt;b&gt;Description:&lt;/b&gt;&lt;/p&gt;
                &lt;p style="color:#555; font-size:13px; line-height:1.4;"&gt;Компас пропърти предлага на Вашето внимание 1/2 идеални части от масивна къщa с парцел, находящи се в село Чурек. площ на къщата: застроена площ 50квадратни метра, РЗП 170м2 площ на парцела 470 кв.м Разпределение: три етажа: първи етаж приземен- всек...&lt;/p&gt;
            &lt;/div&gt;
        ]]&gt;</description>
      <Point>
        <coordinates>23.71624,42.77385,0</coordinates>
      </Point>
    </Placemark>
    <Placemark>
      <name>Продава ВИЛА област София, гр. Самоков Иструм парк Обява: 1k169657658774326 (41 000 €)</name>
      <ExtendedData>
        <SchemaData schemaUrl="#PropertySchema">
          <SimpleData name="Price">41 000 €</SimpleData>
          <SimpleData name="Size">125 кв.м</SimpleData>
          <SimpleData name="URL">https://www.imot.bg/obiava-1k169657658774326-prodava-vila-oblast-sofiya-gr-samokov-istrum-park</SimpleData>
        </SchemaData>
      </ExtendedData>
      <styleUrl>#style_red</styleUrl>
      <description>&lt;![CDATA[
            &lt;div style="font-family: sans-serif; max-width: 320px;"&gt;
                &lt;img src="https://imotstatic1.focus.bg/imot/photosimotbg/1/326//big/1k169657658774326_1f.jpg" style="width:100%; height:auto; max-height:220px; object-fit:cover; border-radius:6px; margin-bottom:12px;"/&gt;
                &lt;hr style="border:0; border-top:1px solid #ccc; margin:10px 0;"/&gt;
                &lt;p style="margin:4px 0;"&gt;&lt;b&gt;Matched:&lt;/b&gt; +вода(+10)&lt;/p&gt;
                &lt;p style="margin:4px 0;"&gt;&lt;b&gt;Penalties:&lt;/b&gt; None&lt;/p&gt;
                &lt;hr style="border:0; border-top:1px solid #ccc; margin:10px 0;"/&gt;
                &lt;p style="margin-top:6px; color:#444;"&gt;&lt;b&gt;Description:&lt;/b&gt;&lt;/p&gt;
                &lt;p style="color:#555; font-size:13px; line-height:1.4;"&gt;ИМОТИ КИМА предлага ваканционен имот на брега на язовир Искър, в частен къмпинг 'Инструм парк', с невероятна панорамна гледка към язовира, може да се ползва целогодишно. 🌳 Защо да изберете този имот? ✅ Панорамна гледка към язовира ✅ Частен, охраняем ...&lt;/p&gt;
            &lt;/div&gt;
        ]]&gt;</description>
      <Point>
        <coordinates>23.559268,42.338243,0</coordinates>
      </Point>
    </Placemark>
    <Placemark>
      <name>Продава ВИЛА област София, с. Церово Обява: 1k178273739206792 (9 999 €)</name>
      <ExtendedData>
        <SchemaData schemaUrl="#PropertySchema">
          <SimpleData name="Price">9 999 €</SimpleData>
          <SimpleData name="Size">32 кв.м</SimpleData>
          <SimpleData name="URL">https://www.imot.bg/obiava-1k178273739206792-prodava-vila-oblast-sofiya-s-tserovo</SimpleData>
        </SchemaData>
      </ExtendedData>
      <styleUrl>#style_red</styleUrl>
      <description>&lt;![CDATA[
            &lt;div style="font-family: sans-serif; max-width: 320px;"&gt;
                &lt;img src="https://imotstatic2.focus.bg/imot/photosimotbg/1/792//big/1k178273739206792_Pm.jpg" style="width:100%; height:auto; max-height:220px; object-fit:cover; border-radius:6px; margin-bottom:12px;"/&gt;
                &lt;hr style="border:0; border-top:1px solid #ccc; margin:10px 0;"/&gt;
                &lt;p style="margin:4px 0;"&gt;&lt;b&gt;Matched:&lt;/b&gt; +вода(+10)&lt;/p&gt;
                &lt;p style="margin:4px 0;"&gt;&lt;b&gt;Penalties:&lt;/b&gt; None&lt;/p&gt;
                &lt;hr style="border:0; border-top:1px solid #ccc; margin:10px 0;"/&gt;
                &lt;p style="margin-top:6px; color:#444;"&gt;&lt;b&gt;Description:&lt;/b&gt;&lt;/p&gt;
                &lt;p style="color:#555; font-size:13px; line-height:1.4;"&gt;Продавам тухлена вила в с. Церово, без строителни книжа. Състои се от етаж и полуетаж. В имота има то, но няма вода. В близост има каптиран извор. Вилата не е обитавана дълго време и има нужда от ремонт. Има допълнителна дървена постройка. За любител...&lt;/p&gt;
            &lt;/div&gt;
        ]]&gt;</description>
      <Point>
        <coordinates>23.348199,43.003316,0</coordinates>
      </Point>
    </Placemark>
    <Placemark>
      <name>Продава ВИЛА област София, с. Круша Обява: 1k165563667438211 (30 000 €)</name>
      <ExtendedData>
        <SchemaData schemaUrl="#PropertySchema">
          <SimpleData name="Price">30 000 €</SimpleData>
          <SimpleData name="Size">80 кв.м</SimpleData>
          <SimpleData name="URL">https://www.imot.bg/obiava-1k165563667438211-prodava-vila-oblast-sofiya-s-krusha</SimpleData>
        </SchemaData>
      </ExtendedData>
      <styleUrl>#style_red</styleUrl>
      <description>&lt;![CDATA[
            &lt;div style="font-family: sans-serif; max-width: 320px;"&gt;
                &lt;img src="https://imotstatic3.focus.bg/imot/photosimotbg/1/211//big/1k165563667438211_Tp.jpg" style="width:100%; height:auto; max-height:220px; object-fit:cover; border-radius:6px; margin-bottom:12px;"/&gt;
                &lt;hr style="border:0; border-top:1px solid #ccc; margin:10px 0;"/&gt;
                &lt;p style="margin:4px 0;"&gt;&lt;b&gt;Matched:&lt;/b&gt; +канализация(+10)&lt;/p&gt;
                &lt;p style="margin:4px 0;"&gt;&lt;b&gt;Penalties:&lt;/b&gt; None&lt;/p&gt;
                &lt;hr style="border:0; border-top:1px solid #ccc; margin:10px 0;"/&gt;
                &lt;p style="margin-top:6px; color:#444;"&gt;&lt;b&gt;Description:&lt;/b&gt;&lt;/p&gt;
                &lt;p style="color:#555; font-size:13px; line-height:1.4;"&gt;Масивна сграда, качествен ремонт, обзаведена вила с прекрасна локация и страхотен изглед. Вилата е построена изключително стабилно и качествено от собственик архитект, с каменни основи, дренаж изцяло, италиански теракот и ламинат, без влага и мухъл, ...&lt;/p&gt;
            &lt;/div&gt;
        ]]&gt;</description>
      <Point>
        <coordinates>22.7855295,42.8993248,0</coordinates>
      </Point>
    </Placemark>
    <Placemark>
      <name>Продава ВИЛА област София, с. Владо Тричков Обява: 1k177521768382421 (47 000 €)</name>
      <ExtendedData>
        <SchemaData schemaUrl="#PropertySchema">
          <SimpleData name="Price">47 000 €</SimpleData>
          <SimpleData name="Size">40 кв.м</SimpleData>
          <SimpleData name="URL">https://www.imot.bg/obiava-1k177521768382421-prodava-vila-oblast-sofiya-s-vlado-trichkov</SimpleData>
        </SchemaData>
      </ExtendedData>
      <styleUrl>#style_red</styleUrl>
      <description>&lt;![CDATA[
            &lt;div style="font-family: sans-serif; max-width: 320px;"&gt;
                &lt;img src="https://imotstatic3.focus.bg/imot/photosimotbg/1/421//big/1r177521768382421_v.jpg" style="width:100%; height:auto; max-height:220px; object-fit:cover; border-radius:6px; margin-bottom:12px;"/&gt;
                &lt;hr style="border:0; border-top:1px solid #ccc; margin:10px 0;"/&gt;
                &lt;p style="margin:4px 0;"&gt;&lt;b&gt;Matched:&lt;/b&gt; +ток(+10)&lt;/p&gt;
                &lt;p style="margin:4px 0;"&gt;&lt;b&gt;Penalties:&lt;/b&gt; None&lt;/p&gt;
                &lt;hr style="border:0; border-top:1px solid #ccc; margin:10px 0;"/&gt;
                &lt;p style="margin-top:6px; color:#444;"&gt;&lt;b&gt;Description:&lt;/b&gt;&lt;/p&gt;
                &lt;p style="color:#555; font-size:13px; line-height:1.4;"&gt;ARCO REAL ESTATE продава просторен парцел (УПИ) в с. Владо Тричков, Софийска област. В парцела има и стара вила. Има действаща партида за ток. Водата е от каптаж вътре в двора. Парцелът е с обща площ 1 874 кв.м и предлага широка гама от възможности  ...&lt;/p&gt;
            &lt;/div&gt;
        ]]&gt;</description>
      <Point>
        <coordinates>23.365089,42.863856,0</coordinates>
      </Point>
    </Placemark>
    <Placemark>
      <name>Продава ВИЛА област София, с. Макоцево Обява: 1k178617641144327 (23 000 €)</name>
      <ExtendedData>
        <SchemaData schemaUrl="#PropertySchema">
          <SimpleData name="Price">23 000 €</SimpleData>
          <SimpleData name="Size">18 кв.м</SimpleData>
          <SimpleData name="URL">https://www.imot.bg/obiava-1k178617641144327-prodava-vila-oblast-sofiya-s-makotsevo</SimpleData>
        </SchemaData>
      </ExtendedData>
      <styleUrl>#style_red</styleUrl>
      <description>&lt;![CDATA[
            &lt;div style="font-family: sans-serif; max-width: 320px;"&gt;
                &lt;img src="https://imotstatic3.focus.bg/imot/photosimotbg/1/327//big/1k178617641144327_cN.jpg" style="width:100%; height:auto; max-height:220px; object-fit:cover; border-radius:6px; margin-bottom:12px;"/&gt;
                &lt;hr style="border:0; border-top:1px solid #ccc; margin:10px 0;"/&gt;
                &lt;p style="margin:4px 0;"&gt;&lt;b&gt;Matched:&lt;/b&gt; +ток(+10)&lt;/p&gt;
                &lt;p style="margin:4px 0;"&gt;&lt;b&gt;Penalties:&lt;/b&gt; None&lt;/p&gt;
                &lt;hr style="border:0; border-top:1px solid #ccc; margin:10px 0;"/&gt;
                &lt;p style="margin-top:6px; color:#444;"&gt;&lt;b&gt;Description:&lt;/b&gt;&lt;/p&gt;
                &lt;p style="color:#555; font-size:13px; line-height:1.4;"&gt;Продава се парцел с вила намиращ се в с. Макоцево, вилна зона Обчо бърдо. Селото е на 40 км от гр. София и под 1 час с кола. Пътят до селото и вилната зона асфалтиран, а във вилната зона черен, но  проходим за всякакъв тип коли. Имота предлага прекра...&lt;/p&gt;
            &lt;/div&gt;
        ]]&gt;</description>
      <Point>
        <coordinates>23.795567,42.693518,0</coordinates>
      </Point>
    </Placemark>
    <Placemark>
      <name>Продава ВИЛА област София, с. Гълъбовци Обява: 1k173770535812671 (36 999 €)</name>
      <ExtendedData>
        <SchemaData schemaUrl="#PropertySchema">
          <SimpleData name="Price">36 999 €</SimpleData>
          <SimpleData name="Size">27 кв.м</SimpleData>
          <SimpleData name="URL">https://www.imot.bg/obiava-1k173770535812671-prodava-vila-oblast-sofiya-s-galabovtsi</SimpleData>
        </SchemaData>
      </ExtendedData>
      <styleUrl>#style_red</styleUrl>
      <description>&lt;![CDATA[
            &lt;div style="font-family: sans-serif; max-width: 320px;"&gt;
                &lt;img src="https://imotstatic4.focus.bg/imot/photosimotbg/1/671//big/1k173770535812671_BG.jpg" style="width:100%; height:auto; max-height:220px; object-fit:cover; border-radius:6px; margin-bottom:12px;"/&gt;
                &lt;hr style="border:0; border-top:1px solid #ccc; margin:10px 0;"/&gt;
                &lt;p style="margin:4px 0;"&gt;&lt;b&gt;Matched:&lt;/b&gt; +ток(+10), +вода(+10), +двор(+4)&lt;/p&gt;
                &lt;p style="margin:4px 0;"&gt;&lt;b&gt;Penalties:&lt;/b&gt; за ремонт(-15)&lt;/p&gt;
                &lt;hr style="border:0; border-top:1px solid #ccc; margin:10px 0;"/&gt;
                &lt;p style="margin-top:6px; color:#444;"&gt;&lt;b&gt;Description:&lt;/b&gt;&lt;/p&gt;
                &lt;p style="color:#555; font-size:13px; line-height:1.4;"&gt;Вилна сграда с двор с правилна форма на 30-тина км от София. Ток, вода. За ремонт. По тази оферта работим с колеги....&lt;/p&gt;
            &lt;/div&gt;
        ]]&gt;</description>
      <Point>
        <coordinates>23.007541,42.810113,0</coordinates>
      </Point>
    </Placemark>
    <Placemark>
      <name>Продава КЪЩА област София, с. Батулия Обява: 1j174064965456411 (28 000 €)</name>
      <ExtendedData>
        <SchemaData schemaUrl="#PropertySchema">
          <SimpleData name="Price">28 000 €</SimpleData>
          <SimpleData name="Size">80 кв.м</SimpleData>
          <SimpleData name="URL">https://www.imot.bg/obiava-1j174064965456411-prodava-kashta-oblast-sofiya-s-batuliya</SimpleData>
        </SchemaData>
      </ExtendedData>
      <styleUrl>#style_red</styleUrl>
      <description>&lt;![CDATA[
            &lt;div style="font-family: sans-serif; max-width: 320px;"&gt;
                &lt;img src="https://cdn3.focus.bg/imot/photosimotbg/1/411//big/1j174064965456411_wv.jpg" style="width:100%; height:auto; max-height:220px; object-fit:cover; border-radius:6px; margin-bottom:12px;"/&gt;
                &lt;hr style="border:0; border-top:1px solid #ccc; margin:10px 0;"/&gt;
                &lt;p style="margin:4px 0;"&gt;&lt;b&gt;Matched:&lt;/b&gt; +ток(+10), +вода(+10), +двор(+4)&lt;/p&gt;
                &lt;p style="margin:4px 0;"&gt;&lt;b&gt;Penalties:&lt;/b&gt; за ремонт(-15)&lt;/p&gt;
                &lt;hr style="border:0; border-top:1px solid #ccc; margin:10px 0;"/&gt;
                &lt;p style="margin-top:6px; color:#444;"&gt;&lt;b&gt;Description:&lt;/b&gt;&lt;/p&gt;
                &lt;p style="color:#555; font-size:13px; line-height:1.4;"&gt;Вилна сграда с ток и вода, сред чист въздух и природа, в с.Батулия. Застроена площ 80 кв.м. и двор от 600 кв.м. Сградата е на два етажа и за ремонт. ИД:61353 За директни клиенти! БЕЗПЛАТНО СЪДЕЙСТВИЕ ЗА БАНКОВО КРЕДИТИРАНЕ! За повече информация и огл...&lt;/p&gt;
            &lt;/div&gt;
        ]]&gt;</description>
      <Point>
        <coordinates>23.42554,42.89658,0</coordinates>
      </Point>
    </Placemark>
    <Placemark>
      <name>Продава КЪЩА област София, с. Вакарел местност Барата Обява: 1j178818373385700 (45 000 €)</name>
      <ExtendedData>
        <SchemaData schemaUrl="#PropertySchema">
          <SimpleData name="Price">45 000 €</SimpleData>
          <SimpleData name="Size">55 кв.м</SimpleData>
          <SimpleData name="URL">https://www.imot.bg/obiava-1j178818373385700-prodava-kashta-oblast-sofiya-s-vakarel-mestnost-barata</SimpleData>
        </SchemaData>
      </ExtendedData>
      <styleUrl>#style_red</styleUrl>
      <description>&lt;![CDATA[
            &lt;div style="font-family: sans-serif; max-width: 320px;"&gt;
                &lt;img src="https://cdn3.focus.bg/imot/photosimotbg/1/700//big/1j178818373385700_SK.jpg" style="width:100%; height:auto; max-height:220px; object-fit:cover; border-radius:6px; margin-bottom:12px;"/&gt;
                &lt;hr style="border:0; border-top:1px solid #ccc; margin:10px 0;"/&gt;
                &lt;p style="margin:4px 0;"&gt;&lt;b&gt;Matched:&lt;/b&gt; +ток(+10), +вода(+10), +двор(+4)&lt;/p&gt;
                &lt;p style="margin:4px 0;"&gt;&lt;b&gt;Penalties:&lt;/b&gt; за ремонт(-15)&lt;/p&gt;
                &lt;hr style="border:0; border-top:1px solid #ccc; margin:10px 0;"/&gt;
                &lt;p style="margin-top:6px; color:#444;"&gt;&lt;b&gt;Description:&lt;/b&gt;&lt;/p&gt;
                &lt;p style="color:#555; font-size:13px; line-height:1.4;"&gt;ЧастноЛице продава:Стара къща (за ремонт) в Огромен двор ( 2350 м2 ) в местност Барата ,село Белица ,софийско,на около 50 км от караулката на Църна Маца.Местото е на Ужен склон (открива се хубава гледка към Рила от входа на къщата.Партиди за ТОК и ВО...&lt;/p&gt;
            &lt;/div&gt;
        ]]&gt;</description>
      <Point>
        <coordinates>23.711376,42.556488,0</coordinates>
      </Point>
    </Placemark>
    <Placemark>
      <name>Продава КЪЩА област София, с. Видраре Обява: 1j176362157372683 (39 900 €)</name>
      <ExtendedData>
        <SchemaData schemaUrl="#PropertySchema">
          <SimpleData name="Price">39 900 €</SimpleData>
          <SimpleData name="Size">150 кв.м</SimpleData>
          <SimpleData name="URL">https://www.imot.bg/obiava-1j176362157372683-prodava-kashta-oblast-sofiya-s-vidrare</SimpleData>
        </SchemaData>
      </ExtendedData>
      <styleUrl>#style_red</styleUrl>
      <description>&lt;![CDATA[
            &lt;div style="font-family: sans-serif; max-width: 320px;"&gt;
                &lt;img src="https://imotstatic4.focus.bg/imot/photosimotbg/1/683//big/1j176362157372683_gd.jpg" style="width:100%; height:auto; max-height:220px; object-fit:cover; border-radius:6px; margin-bottom:12px;"/&gt;
                &lt;hr style="border:0; border-top:1px solid #ccc; margin:10px 0;"/&gt;
                &lt;p style="margin:4px 0;"&gt;&lt;b&gt;Matched:&lt;/b&gt; +кладенец(+5), +двор(+4)&lt;/p&gt;
                &lt;p style="margin:4px 0;"&gt;&lt;b&gt;Penalties:&lt;/b&gt; None&lt;/p&gt;
                &lt;hr style="border:0; border-top:1px solid #ccc; margin:10px 0;"/&gt;
                &lt;p style="margin-top:6px; color:#444;"&gt;&lt;b&gt;Description:&lt;/b&gt;&lt;/p&gt;
                &lt;p style="color:#555; font-size:13px; line-height:1.4;"&gt;Просторна къща в живописното село Видраре   само на 5 минути от голф комплекс Правец и на 35 минути от София по АМ  Хемус Предлагаме за продажба масивна 150 м2 двуетажна къща, разположена на тиха улица с асфалтов достъп в едно от най-предпочитаните и...&lt;/p&gt;
            &lt;/div&gt;
        ]]&gt;</description>
      <Point>
        <coordinates>24.010012,42.994148,0</coordinates>
      </Point>
    </Placemark>
    <Placemark>
      <name>Продава КЪЩА област София, с. Желен Обява: 1j178645486630326 (49 990 €)</name>
      <ExtendedData>
        <SchemaData schemaUrl="#PropertySchema">
          <SimpleData name="Price">49 990 €</SimpleData>
          <SimpleData name="Size">107 кв.м</SimpleData>
          <SimpleData name="URL">https://www.imot.bg/obiava-1j178645486630326-prodava-kashta-oblast-sofiya-s-zhelen</SimpleData>
        </SchemaData>
      </ExtendedData>
      <styleUrl>#style_red</styleUrl>
      <description>&lt;![CDATA[
            &lt;div style="font-family: sans-serif; max-width: 320px;"&gt;
                &lt;img src="https://imotstatic3.focus.bg/imot/photosimotbg/1/326//big/1j178645486630326_IF.jpg" style="width:100%; height:auto; max-height:220px; object-fit:cover; border-radius:6px; margin-bottom:12px;"/&gt;
                &lt;hr style="border:0; border-top:1px solid #ccc; margin:10px 0;"/&gt;
                &lt;p style="margin:4px 0;"&gt;&lt;b&gt;Matched:&lt;/b&gt; +ток(+10), +вода(+10), +двор(+4)&lt;/p&gt;
                &lt;p style="margin:4px 0;"&gt;&lt;b&gt;Penalties:&lt;/b&gt; недовършен(-15)&lt;/p&gt;
                &lt;hr style="border:0; border-top:1px solid #ccc; margin:10px 0;"/&gt;
                &lt;p style="margin-top:6px; color:#444;"&gt;&lt;b&gt;Description:&lt;/b&gt;&lt;/p&gt;
                &lt;p style="color:#555; font-size:13px; line-height:1.4;"&gt;Сердика 1 предлага къща в с. Желен! Имотът е подходящ за вила или къща за гости. Има около 500 м не асфалтиран път, за да се стигне до имота. Намира се само на 45км от София. Двор 994кв.м. и РЗП 107кв.м.. Състои се от общо три етажа. На първи партере...&lt;/p&gt;
            &lt;/div&gt;
        ]]&gt;</description>
      <Point>
        <coordinates>23.371315,42.989035,0</coordinates>
      </Point>
    </Placemark>
    <Placemark>
      <name>Продава КЪЩА област София, с. Желен Обява: 1j178645486630326 (49 990 €)</name>
      <ExtendedData>
        <SchemaData schemaUrl="#PropertySchema">
          <SimpleData name="Price">49 990 €</SimpleData>
          <SimpleData name="Size">107 кв.м</SimpleData>
          <SimpleData name="URL">https://www.imot.bg/obiava-1j178645486630326-prodava-kashta-oblast-sofiya-s-zhelen#playertag</SimpleData>
        </SchemaData>
      </ExtendedData>
      <styleUrl>#style_red</styleUrl>
      <description>&lt;![CDATA[
            &lt;div style="font-family: sans-serif; max-width: 320px;"&gt;
                &lt;img src="https://imotstatic3.focus.bg/imot/photosimotbg/1/326//big/1j178645486630326_IF.jpg" style="width:100%; height:auto; max-height:220px; object-fit:cover; border-radius:6px; margin-bottom:12px;"/&gt;
                &lt;hr style="border:0; border-top:1px solid #ccc; margin:10px 0;"/&gt;
                &lt;p style="margin:4px 0;"&gt;&lt;b&gt;Matched:&lt;/b&gt; +ток(+10), +вода(+10), +двор(+4)&lt;/p&gt;
                &lt;p style="margin:4px 0;"&gt;&lt;b&gt;Penalties:&lt;/b&gt; недовършен(-15)&lt;/p&gt;
                &lt;hr style="border:0; border-top:1px solid #ccc; margin:10px 0;"/&gt;
                &lt;p style="margin-top:6px; color:#444;"&gt;&lt;b&gt;Description:&lt;/b&gt;&lt;/p&gt;
                &lt;p style="color:#555; font-size:13px; line-height:1.4;"&gt;Сердика 1 предлага къща в с. Желен! Имотът е подходящ за вила или къща за гости. Има около 500 м не асфалтиран път, за да се стигне до имота. Намира се само на 45км от София. Двор 994кв.м. и РЗП 107кв.м.. Състои се от общо три етажа. На първи партере...&lt;/p&gt;
            &lt;/div&gt;
        ]]&gt;</description>
      <Point>
        <coordinates>23.370925,42.989035,0</coordinates>
      </Point>
    </Placemark>
    <Placemark>
      <name>Продава КЪЩА област София, с. Осиковска Лакавица Обява: 1j174747987150871 (25 000 €)</name>
      <ExtendedData>
        <SchemaData schemaUrl="#PropertySchema">
          <SimpleData name="Price">25 000 €</SimpleData>
          <SimpleData name="Size">60 кв.м</SimpleData>
          <SimpleData name="URL">https://www.imot.bg/obiava-1j174747987150871-prodava-kashta-oblast-sofiya-s-osikovska-lakavitsa</SimpleData>
        </SchemaData>
      </ExtendedData>
      <styleUrl>#style_red</styleUrl>
      <description>&lt;![CDATA[
            &lt;div style="font-family: sans-serif; max-width: 320px;"&gt;
                &lt;img src="https://imotstatic1.focus.bg/imot/photosimotbg/1/871//big/1j174747987150871_Az.jpg" style="width:100%; height:auto; max-height:220px; object-fit:cover; border-radius:6px; margin-bottom:12px;"/&gt;
                &lt;hr style="border:0; border-top:1px solid #ccc; margin:10px 0;"/&gt;
                &lt;p style="margin:4px 0;"&gt;&lt;b&gt;Matched:&lt;/b&gt; +кладенец(+5), +двор(+4)&lt;/p&gt;
                &lt;p style="margin:4px 0;"&gt;&lt;b&gt;Penalties:&lt;/b&gt; None&lt;/p&gt;
                &lt;hr style="border:0; border-top:1px solid #ccc; margin:10px 0;"/&gt;
                &lt;p style="margin-top:6px; color:#444;"&gt;&lt;b&gt;Description:&lt;/b&gt;&lt;/p&gt;
                &lt;p style="color:#555; font-size:13px; line-height:1.4;"&gt;Предлагаме ви едноетажна къща във вилната зона на село Осиковска лъкавица с двор от 1000кв.м.къщата е водоснабдена и електрифицирана.В двора има и кладенец....&lt;/p&gt;
            &lt;/div&gt;
        ]]&gt;</description>
      <Point>
        <coordinates>23.9553815,42.9375457,0</coordinates>
      </Point>
    </Placemark>
    <Placemark>
      <name>Продава КЪЩА област София, с. Радотина Обява: 1j162670797468990 (40 000 €)</name>
      <ExtendedData>
        <SchemaData schemaUrl="#PropertySchema">
          <SimpleData name="Price">40 000 €</SimpleData>
          <SimpleData name="Size">160 кв.м</SimpleData>
          <SimpleData name="URL">https://www.imot.bg/obiava-1j162670797468990-prodava-kashta-oblast-sofiya-s-radotina</SimpleData>
        </SchemaData>
      </ExtendedData>
      <styleUrl>#style_red</styleUrl>
      <description>&lt;![CDATA[
            &lt;div style="font-family: sans-serif; max-width: 320px;"&gt;
                &lt;img src="https://cdn3.focus.bg/imot/photosimotbg/1/990//big/1j162670797468990_QY.jpg" style="width:100%; height:auto; max-height:220px; object-fit:cover; border-radius:6px; margin-bottom:12px;"/&gt;
                &lt;hr style="border:0; border-top:1px solid #ccc; margin:10px 0;"/&gt;
                &lt;p style="margin:4px 0;"&gt;&lt;b&gt;Matched:&lt;/b&gt; +ток(+10), +вода(+10), +двор(+4)&lt;/p&gt;
                &lt;p style="margin:4px 0;"&gt;&lt;b&gt;Penalties:&lt;/b&gt; за ремонт(-15)&lt;/p&gt;
                &lt;hr style="border:0; border-top:1px solid #ccc; margin:10px 0;"/&gt;
                &lt;p style="margin-top:6px; color:#444;"&gt;&lt;b&gt;Description:&lt;/b&gt;&lt;/p&gt;
                &lt;p style="color:#555; font-size:13px; line-height:1.4;"&gt;Агенция СИТИС продава двуетажна къща с двор в с. Радотина, до Ботевград. Къщата е подготвена за ремонт, ток и вода, Б/Т; сламник зад къщата 20 кв.м; септична яма, голям двор. Измазана ограда - дувар; с порта. В селото има два хранителни магазина, цър...&lt;/p&gt;
            &lt;/div&gt;
        ]]&gt;</description>
      <Point>
        <coordinates>23.635198,42.992881,0</coordinates>
      </Point>
    </Placemark>
    <Placemark>
      <name>Продава ВИЛА област София, с. Батулия Обява: 1k175809891120937 (25 900 €)</name>
      <ExtendedData>
        <SchemaData schemaUrl="#PropertySchema">
          <SimpleData name="Price">25 900 €</SimpleData>
          <SimpleData name="Size">35 кв.м</SimpleData>
          <SimpleData name="URL">https://www.imot.bg/obiava-1k175809891120937-prodava-vila-oblast-sofiya-s-batuliya</SimpleData>
        </SchemaData>
      </ExtendedData>
      <styleUrl>#style_red</styleUrl>
      <description>&lt;![CDATA[
            &lt;div style="font-family: sans-serif; max-width: 320px;"&gt;
                &lt;img src="https://imotstatic2.focus.bg/imot/photosimotbg/1/937//big/1k175809891120937_dO.jpg" style="width:100%; height:auto; max-height:220px; object-fit:cover; border-radius:6px; margin-bottom:12px;"/&gt;
                &lt;hr style="border:0; border-top:1px solid #ccc; margin:10px 0;"/&gt;
                &lt;p style="margin:4px 0;"&gt;&lt;b&gt;Matched:&lt;/b&gt; +ток(+10), +кладенец(+5), +двор(+4)&lt;/p&gt;
                &lt;p style="margin:4px 0;"&gt;&lt;b&gt;Penalties:&lt;/b&gt; панел(-10)&lt;/p&gt;
                &lt;hr style="border:0; border-top:1px solid #ccc; margin:10px 0;"/&gt;
                &lt;p style="margin-top:6px; color:#444;"&gt;&lt;b&gt;Description:&lt;/b&gt;&lt;/p&gt;
                &lt;p style="color:#555; font-size:13px; line-height:1.4;"&gt;Напълно реновирана вила във вилната зона над село Батулия. Прекрасна гледка в живописна местност. Две стаи, баня и тоалетна и тераса. Допълнителна информация: Допълнителна информация: Ток, кладенец със хидроформова помпа и 1000 литра резервоар, тeрaс...&lt;/p&gt;
            &lt;/div&gt;
        ]]&gt;</description>
      <Point>
        <coordinates>23.42515,42.896355,0</coordinates>
      </Point>
    </Placemark>
    <Placemark>
      <name>Продава ВИЛА област София, с. Белчин Обява: 1k172407041993178 (33 000 €)</name>
      <ExtendedData>
        <SchemaData schemaUrl="#PropertySchema">
          <SimpleData name="Price">33 000 €</SimpleData>
          <SimpleData name="Size">35 кв.м</SimpleData>
          <SimpleData name="URL">https://www.imot.bg/obiava-1k172407041993178-prodava-vila-oblast-sofiya-s-belchin</SimpleData>
        </SchemaData>
      </ExtendedData>
      <styleUrl>#style_red</styleUrl>
      <description>&lt;![CDATA[
            &lt;div style="font-family: sans-serif; max-width: 320px;"&gt;
                &lt;img src="https://imotstatic3.focus.bg/imot/photosimotbg/1/178//big/1k172407041993178_l7.jpg" style="width:100%; height:auto; max-height:220px; object-fit:cover; border-radius:6px; margin-bottom:12px;"/&gt;
                &lt;hr style="border:0; border-top:1px solid #ccc; margin:10px 0;"/&gt;
                &lt;p style="margin:4px 0;"&gt;&lt;b&gt;Matched:&lt;/b&gt; +ток(+10), +вода(+10), +двор(+4)&lt;/p&gt;
                &lt;p style="margin:4px 0;"&gt;&lt;b&gt;Penalties:&lt;/b&gt; груб строеж(-15)&lt;/p&gt;
                &lt;hr style="border:0; border-top:1px solid #ccc; margin:10px 0;"/&gt;
                &lt;p style="margin-top:6px; color:#444;"&gt;&lt;b&gt;Description:&lt;/b&gt;&lt;/p&gt;
                &lt;p style="color:#555; font-size:13px; line-height:1.4;"&gt;За повече информация обадете ни се на тел: 0882 817 460 или 02 425 68 22 и цитирайте референтния номер на имота: Bo 85426. Отговорен брокер: Стефан Абанозов Предлагаме за покупка едноетажна вила на груб строеж с двор в село Белчин месност Фусково Хан...&lt;/p&gt;
            &lt;/div&gt;
        ]]&gt;</description>
      <Point>
        <coordinates>23.380027,42.361537,0</coordinates>
      </Point>
    </Placemark>
    <Placemark>
      <name>Продава ВИЛА област София, с. Лесковдол Обява: 1k164927567925426 (6 500 €)</name>
      <ExtendedData>
        <SchemaData schemaUrl="#PropertySchema">
          <SimpleData name="Price">6 500 €</SimpleData>
          <SimpleData name="Size">23 кв.м</SimpleData>
          <SimpleData name="URL">https://www.imot.bg/obiava-1k164927567925426-prodava-vila-oblast-sofiya-s-leskovdol</SimpleData>
        </SchemaData>
      </ExtendedData>
      <styleUrl>#style_red</styleUrl>
      <description>&lt;![CDATA[
            &lt;div style="font-family: sans-serif; max-width: 320px;"&gt;
                &lt;img src="https://imotstatic1.focus.bg/imot/photosimotbg/1/426//big/1k164927567925426_EX.jpg" style="width:100%; height:auto; max-height:220px; object-fit:cover; border-radius:6px; margin-bottom:12px;"/&gt;
                &lt;hr style="border:0; border-top:1px solid #ccc; margin:10px 0;"/&gt;
                &lt;p style="margin:4px 0;"&gt;&lt;b&gt;Matched:&lt;/b&gt; +ток(+10), +вода(+10), +панорама(+4)&lt;/p&gt;
                &lt;p style="margin:4px 0;"&gt;&lt;b&gt;Penalties:&lt;/b&gt; за ремонт(-15)&lt;/p&gt;
                &lt;hr style="border:0; border-top:1px solid #ccc; margin:10px 0;"/&gt;
                &lt;p style="margin-top:6px; color:#444;"&gt;&lt;b&gt;Description:&lt;/b&gt;&lt;/p&gt;
                &lt;p style="color:#555; font-size:13px; line-height:1.4;"&gt;Паянтова едноетажна постройка. Терен с лека денивелация.Панорама.В сеседство обитаеми къщи.Достъп по макадан 3км.Ток и вода до имота.За ремонт.тел.0876115191...&lt;/p&gt;
            &lt;/div&gt;
        ]]&gt;</description>
      <Point>
        <coordinates>23.437995,42.978195,0</coordinates>
      </Point>
    </Placemark>
    <Placemark>
      <name>Продава КЪЩА област София, с. Очуша Обява: 1j168856023293723 (25 500 €)</name>
      <ExtendedData>
        <SchemaData schemaUrl="#PropertySchema">
          <SimpleData name="Price">25 500 €</SimpleData>
          <SimpleData name="Size">50 кв.м</SimpleData>
          <SimpleData name="URL">https://www.imot.bg/obiava-1j168856023293723-prodava-kashta-oblast-sofiya-s-ochusha</SimpleData>
        </SchemaData>
      </ExtendedData>
      <styleUrl>#style_red</styleUrl>
      <description>&lt;![CDATA[
            &lt;div style="font-family: sans-serif; max-width: 320px;"&gt;
                &lt;img src="https://imotstatic2.focus.bg/imot/photosimotbg/1/723//big/1j168856023293723_tD.jpg" style="width:100%; height:auto; max-height:220px; object-fit:cover; border-radius:6px; margin-bottom:12px;"/&gt;
                &lt;hr style="border:0; border-top:1px solid #ccc; margin:10px 0;"/&gt;
                &lt;p style="margin:4px 0;"&gt;&lt;b&gt;Matched:&lt;/b&gt; +панорама(+4), +двор(+4)&lt;/p&gt;
                &lt;p style="margin:4px 0;"&gt;&lt;b&gt;Penalties:&lt;/b&gt; None&lt;/p&gt;
                &lt;hr style="border:0; border-top:1px solid #ccc; margin:10px 0;"/&gt;
                &lt;p style="margin-top:6px; color:#444;"&gt;&lt;b&gt;Description:&lt;/b&gt;&lt;/p&gt;
                &lt;p style="color:#555; font-size:13px; line-height:1.4;"&gt;Стара селска къща със ЗП 50 кв.м. с паянтова конструкция и основи от дялан камък, ведно с двор УПИ 552 кв.м. и две стопански постройки съответно 54 и 30 кв.м. Южно изложение с прекрасна панорама към Рила планина. Разпределението е както следва: на пр...&lt;/p&gt;
            &lt;/div&gt;
        ]]&gt;</description>
      <Point>
        <coordinates>23.725968,42.387972,0</coordinates>
      </Point>
    </Placemark>
    <Placemark>
      <name>Продава КЪЩА област София, гр. Костинброд Обява: 1j178216261310059 (34 300 €)</name>
      <ExtendedData>
        <SchemaData schemaUrl="#PropertySchema">
          <SimpleData name="Price">34 300 €</SimpleData>
          <SimpleData name="Size">59 кв.м</SimpleData>
          <SimpleData name="URL">https://www.imot.bg/obiava-1j178216261310059-prodava-kashta-oblast-sofiya-gr-kostinbrod</SimpleData>
        </SchemaData>
      </ExtendedData>
      <styleUrl>#style_red</styleUrl>
      <description>&lt;![CDATA[
            &lt;div style="font-family: sans-serif; max-width: 320px;"&gt;
                &lt;img src="https://imotstatic1.focus.bg/imot/photosimotbg/1/059//big/1j178216261310059_M8.jpg" style="width:100%; height:auto; max-height:220px; object-fit:cover; border-radius:6px; margin-bottom:12px;"/&gt;
                &lt;hr style="border:0; border-top:1px solid #ccc; margin:10px 0;"/&gt;
                &lt;p style="margin:4px 0;"&gt;&lt;b&gt;Matched:&lt;/b&gt; +отопление(+5)&lt;/p&gt;
                &lt;p style="margin:4px 0;"&gt;&lt;b&gt;Penalties:&lt;/b&gt; None&lt;/p&gt;
                &lt;hr style="border:0; border-top:1px solid #ccc; margin:10px 0;"/&gt;
                &lt;p style="margin-top:6px; color:#444;"&gt;&lt;b&gt;Description:&lt;/b&gt;&lt;/p&gt;
                &lt;p style="color:#555; font-size:13px; line-height:1.4;"&gt;Продава се съвременна къща 59 м² с две спални, подходяща за целогодишно живеене, ваканционен имот или втори дом. Модел Family разполага с просторна всекидневна с кухня, две спални, баня и тоалетна. Подробното разпределение можете да видите в приложен...&lt;/p&gt;
            &lt;/div&gt;
        ]]&gt;</description>
      <Point>
        <coordinates>23.216101,42.813199,0</coordinates>
      </Point>
    </Placemark>
    <Placemark>
      <name>Продава КЪЩА област София, гр. Долна баня Обява: 1j178205384221039 (26 900 €)</name>
      <ExtendedData>
        <SchemaData schemaUrl="#PropertySchema">
          <SimpleData name="Price">26 900 €</SimpleData>
          <SimpleData name="Size">42 кв.м</SimpleData>
          <SimpleData name="URL">https://www.imot.bg/obiava-1j178205384221039-prodava-kashta-oblast-sofiya-gr-dolna-banya</SimpleData>
        </SchemaData>
      </ExtendedData>
      <styleUrl>#style_red</styleUrl>
      <description>&lt;![CDATA[
            &lt;div style="font-family: sans-serif; max-width: 320px;"&gt;
                &lt;img src="https://imotstatic1.focus.bg/imot/photosimotbg/1/039//big/1j178205384221039_TF.jpg" style="width:100%; height:auto; max-height:220px; object-fit:cover; border-radius:6px; margin-bottom:12px;"/&gt;
                &lt;hr style="border:0; border-top:1px solid #ccc; margin:10px 0;"/&gt;
                &lt;p style="margin:4px 0;"&gt;&lt;b&gt;Matched:&lt;/b&gt; +отопление(+5)&lt;/p&gt;
                &lt;p style="margin:4px 0;"&gt;&lt;b&gt;Penalties:&lt;/b&gt; None&lt;/p&gt;
                &lt;hr style="border:0; border-top:1px solid #ccc; margin:10px 0;"/&gt;
                &lt;p style="margin-top:6px; color:#444;"&gt;&lt;b&gt;Description:&lt;/b&gt;&lt;/p&gt;
                &lt;p style="color:#555; font-size:13px; line-height:1.4;"&gt;Продава се съвременна къща 42 м² с две спални, подходяща за целогодишно живеене, ваканционен имот или втори дом. Модел XL разполага с просторна всекидневна с кухненски бокс, две спални и баня с тоалетна. Подробното разпределение можете да видите в пр...&lt;/p&gt;
            &lt;/div&gt;
        ]]&gt;</description>
      <Point>
        <coordinates>23.764988,42.310896,0</coordinates>
      </Point>
    </Placemark>
    <Placemark>
      <name>Продава КЪЩА област София, гр. Правец Обява: 1j178205473190090 (26 900 €)</name>
      <ExtendedData>
        <SchemaData schemaUrl="#PropertySchema">
          <SimpleData name="Price">26 900 €</SimpleData>
          <SimpleData name="Size">42 кв.м</SimpleData>
          <SimpleData name="URL">https://www.imot.bg/obiava-1j178205473190090-prodava-kashta-oblast-sofiya-gr-pravets</SimpleData>
        </SchemaData>
      </ExtendedData>
      <styleUrl>#style_red</styleUrl>
      <description>&lt;![CDATA[
            &lt;div style="font-family: sans-serif; max-width: 320px;"&gt;
                &lt;img src="https://cdn3.focus.bg/imot/photosimotbg/1/090//big/1j178205473190090_tg.jpg" style="width:100%; height:auto; max-height:220px; object-fit:cover; border-radius:6px; margin-bottom:12px;"/&gt;
                &lt;hr style="border:0; border-top:1px solid #ccc; margin:10px 0;"/&gt;
                &lt;p style="margin:4px 0;"&gt;&lt;b&gt;Matched:&lt;/b&gt; +отопление(+5)&lt;/p&gt;
                &lt;p style="margin:4px 0;"&gt;&lt;b&gt;Penalties:&lt;/b&gt; None&lt;/p&gt;
                &lt;hr style="border:0; border-top:1px solid #ccc; margin:10px 0;"/&gt;
                &lt;p style="margin-top:6px; color:#444;"&gt;&lt;b&gt;Description:&lt;/b&gt;&lt;/p&gt;
                &lt;p style="color:#555; font-size:13px; line-height:1.4;"&gt;Продава се съвременна къща 42 м² с две спални, подходяща за целогодишно живеене, ваканционен имот или втори дом. Модел XL разполага с просторна всекидневна с кухненски бокс, две спални и баня с тоалетна. Подробното разпределение можете да видите в пр...&lt;/p&gt;
            &lt;/div&gt;
        ]]&gt;</description>
      <Point>
        <coordinates>23.914893,42.896126,0</coordinates>
      </Point>
    </Placemark>
    <Placemark>
      <name>Продава КЪЩА област София, гр. Костинброд Обява: 1j178204818875192 (26 900 €)</name>
      <ExtendedData>
        <SchemaData schemaUrl="#PropertySchema">
          <SimpleData name="Price">26 900 €</SimpleData>
          <SimpleData name="Size">42 кв.м</SimpleData>
          <SimpleData name="URL">https://www.imot.bg/obiava-1j178204818875192-prodava-kashta-oblast-sofiya-gr-kostinbrod</SimpleData>
        </SchemaData>
      </ExtendedData>
      <styleUrl>#style_red</styleUrl>
      <description>&lt;![CDATA[
            &lt;div style="font-family: sans-serif; max-width: 320px;"&gt;
                &lt;img src="https://cdn3.focus.bg/imot/photosimotbg/1/192//big/1j178204818875192_lY.jpg" style="width:100%; height:auto; max-height:220px; object-fit:cover; border-radius:6px; margin-bottom:12px;"/&gt;
                &lt;hr style="border:0; border-top:1px solid #ccc; margin:10px 0;"/&gt;
                &lt;p style="margin:4px 0;"&gt;&lt;b&gt;Matched:&lt;/b&gt; +отопление(+5)&lt;/p&gt;
                &lt;p style="margin:4px 0;"&gt;&lt;b&gt;Penalties:&lt;/b&gt; None&lt;/p&gt;
                &lt;hr style="border:0; border-top:1px solid #ccc; margin:10px 0;"/&gt;
                &lt;p style="margin-top:6px; color:#444;"&gt;&lt;b&gt;Description:&lt;/b&gt;&lt;/p&gt;
                &lt;p style="color:#555; font-size:13px; line-height:1.4;"&gt;Продава се съвременна къща 42 м² с две спални, подходяща за целогодишно живеене, ваканционен имот или втори дом. Модел XL разполага с просторна всекидневна с кухненски бокс, две спални и баня с тоалетна. Подробното разпределение можете да видите в пр...&lt;/p&gt;
            &lt;/div&gt;
        ]]&gt;</description>
      <Point>
        <coordinates>23.215651,42.812749,0</coordinates>
      </Point>
    </Placemark>
    <Placemark>
      <name>Продава КЪЩА област София, гр. Елин Пелин Обява: 1j178204841222071 (26 900 €)</name>
      <ExtendedData>
        <SchemaData schemaUrl="#PropertySchema">
          <SimpleData name="Price">26 900 €</SimpleData>
          <SimpleData name="Size">42 кв.м</SimpleData>
          <SimpleData name="URL">https://www.imot.bg/obiava-1j178204841222071-prodava-kashta-oblast-sofiya-gr-elin-pelin</SimpleData>
        </SchemaData>
      </ExtendedData>
      <styleUrl>#style_red</styleUrl>
      <description>&lt;![CDATA[
            &lt;div style="font-family: sans-serif; max-width: 320px;"&gt;
                &lt;img src="https://cdn3.focus.bg/imot/photosimotbg/1/071//big/1j178204841222071_s6.jpg" style="width:100%; height:auto; max-height:220px; object-fit:cover; border-radius:6px; margin-bottom:12px;"/&gt;
                &lt;hr style="border:0; border-top:1px solid #ccc; margin:10px 0;"/&gt;
                &lt;p style="margin:4px 0;"&gt;&lt;b&gt;Matched:&lt;/b&gt; +отопление(+5)&lt;/p&gt;
                &lt;p style="margin:4px 0;"&gt;&lt;b&gt;Penalties:&lt;/b&gt; None&lt;/p&gt;
                &lt;hr style="border:0; border-top:1px solid #ccc; margin:10px 0;"/&gt;
                &lt;p style="margin-top:6px; color:#444;"&gt;&lt;b&gt;Description:&lt;/b&gt;&lt;/p&gt;
                &lt;p style="color:#555; font-size:13px; line-height:1.4;"&gt;Продава се съвременна къща 42 м² с две спални, подходяща за целогодишно живеене, ваканционен имот или втори дом. Модел XL разполага с просторна всекидневна с кухненски бокс, две спални и баня с тоалетна. Подробното разпределение можете да видите в пр...&lt;/p&gt;
            &lt;/div&gt;
        ]]&gt;</description>
      <Point>
        <coordinates>23.602143,42.669563,0</coordinates>
      </Point>
    </Placemark>
    <Placemark>
      <name>Продава КЪЩА област София, гр. Костенец Обява: 1j178205354896924 (26 900 €)</name>
      <ExtendedData>
        <SchemaData schemaUrl="#PropertySchema">
          <SimpleData name="Price">26 900 €</SimpleData>
          <SimpleData name="Size">42 кв.м</SimpleData>
          <SimpleData name="URL">https://www.imot.bg/obiava-1j178205354896924-prodava-kashta-oblast-sofiya-gr-kostenets</SimpleData>
        </SchemaData>
      </ExtendedData>
      <styleUrl>#style_red</styleUrl>
      <description>&lt;![CDATA[
            &lt;div style="font-family: sans-serif; max-width: 320px;"&gt;
                &lt;img src="https://imotstatic2.focus.bg/imot/photosimotbg/1/924//big/1j178205354896924_Uf.jpg" style="width:100%; height:auto; max-height:220px; object-fit:cover; border-radius:6px; margin-bottom:12px;"/&gt;
                &lt;hr style="border:0; border-top:1px solid #ccc; margin:10px 0;"/&gt;
                &lt;p style="margin:4px 0;"&gt;&lt;b&gt;Matched:&lt;/b&gt; +отопление(+5)&lt;/p&gt;
                &lt;p style="margin:4px 0;"&gt;&lt;b&gt;Penalties:&lt;/b&gt; None&lt;/p&gt;
                &lt;hr style="border:0; border-top:1px solid #ccc; margin:10px 0;"/&gt;
                &lt;p style="margin-top:6px; color:#444;"&gt;&lt;b&gt;Description:&lt;/b&gt;&lt;/p&gt;
                &lt;p style="color:#555; font-size:13px; line-height:1.4;"&gt;Продава се съвременна къща 42 м² с две спални, подходяща за целогодишно живеене, ваканционен имот или втори дом. Модел XL разполага с просторна всекидневна с кухненски бокс, две спални и баня с тоалетна. Подробното разпределение можете да видите в пр...&lt;/p&gt;
            &lt;/div&gt;
        ]]&gt;</description>
      <Point>
        <coordinates>23.8588278,42.3076287,0</coordinates>
      </Point>
    </Placemark>
    <Placemark>
      <name>Продава КЪЩА област София, гр. Правец Обява: 1j178285079126795 (34 300 €)</name>
      <ExtendedData>
        <SchemaData schemaUrl="#PropertySchema">
          <SimpleData name="Price">34 300 €</SimpleData>
          <SimpleData name="Size">59 кв.м</SimpleData>
          <SimpleData name="URL">https://www.imot.bg/obiava-1j178285079126795-prodava-kashta-oblast-sofiya-gr-pravets</SimpleData>
        </SchemaData>
      </ExtendedData>
      <styleUrl>#style_red</styleUrl>
      <description>&lt;![CDATA[
            &lt;div style="font-family: sans-serif; max-width: 320px;"&gt;
                &lt;img src="https://imotstatic4.focus.bg/imot/photosimotbg/1/795//big/1j178285079126795_Km.jpg" style="width:100%; height:auto; max-height:220px; object-fit:cover; border-radius:6px; margin-bottom:12px;"/&gt;
                &lt;hr style="border:0; border-top:1px solid #ccc; margin:10px 0;"/&gt;
                &lt;p style="margin:4px 0;"&gt;&lt;b&gt;Matched:&lt;/b&gt; +отопление(+5)&lt;/p&gt;
                &lt;p style="margin:4px 0;"&gt;&lt;b&gt;Penalties:&lt;/b&gt; None&lt;/p&gt;
                &lt;hr style="border:0; border-top:1px solid #ccc; margin:10px 0;"/&gt;
                &lt;p style="margin-top:6px; color:#444;"&gt;&lt;b&gt;Description:&lt;/b&gt;&lt;/p&gt;
                &lt;p style="color:#555; font-size:13px; line-height:1.4;"&gt;Продава се съвременна къща 59 м² с две спални, подходяща за целогодишно живеене, ваканционен имот или втори дом. Модел Family разполага с просторна всекидневна с кухня, две спални, баня и тоалетна. Подробното разпределение можете да видите в приложен...&lt;/p&gt;
            &lt;/div&gt;
        ]]&gt;</description>
      <Point>
        <coordinates>23.914893,42.895226,0</coordinates>
      </Point>
    </Placemark>
    <Placemark>
      <name>Продава КЪЩА област София, гр. Долна баня Обява: 1j178285040756748 (34 300 €)</name>
      <ExtendedData>
        <SchemaData schemaUrl="#PropertySchema">
          <SimpleData name="Price">34 300 €</SimpleData>
          <SimpleData name="Size">59 кв.м</SimpleData>
          <SimpleData name="URL">https://www.imot.bg/obiava-1j178285040756748-prodava-kashta-oblast-sofiya-gr-dolna-banya</SimpleData>
        </SchemaData>
      </ExtendedData>
      <styleUrl>#style_red</styleUrl>
      <description>&lt;![CDATA[
            &lt;div style="font-family: sans-serif; max-width: 320px;"&gt;
                &lt;img src="https://imotstatic4.focus.bg/imot/photosimotbg/1/748//big/1j178285040756748_V2.jpg" style="width:100%; height:auto; max-height:220px; object-fit:cover; border-radius:6px; margin-bottom:12px;"/&gt;
                &lt;hr style="border:0; border-top:1px solid #ccc; margin:10px 0;"/&gt;
                &lt;p style="margin:4px 0;"&gt;&lt;b&gt;Matched:&lt;/b&gt; +отопление(+5)&lt;/p&gt;
                &lt;p style="margin:4px 0;"&gt;&lt;b&gt;Penalties:&lt;/b&gt; None&lt;/p&gt;
                &lt;hr style="border:0; border-top:1px solid #ccc; margin:10px 0;"/&gt;
                &lt;p style="margin-top:6px; color:#444;"&gt;&lt;b&gt;Description:&lt;/b&gt;&lt;/p&gt;
                &lt;p style="color:#555; font-size:13px; line-height:1.4;"&gt;Продава се съвременна къща 59 м² с две спални, подходяща за целогодишно живеене, ваканционен имот или втори дом. Модел Family разполага с просторна всекидневна с кухня, две спални, баня и тоалетна. Подробното разпределение можете да видите в приложен...&lt;/p&gt;
            &lt;/div&gt;
        ]]&gt;</description>
      <Point>
        <coordinates>23.764538,42.310446,0</coordinates>
      </Point>
    </Placemark>
    <Placemark>
      <name>Продава КЪЩА област София, гр. Елин Пелин Обява: 1j178220102367868 (34 300 €)</name>
      <ExtendedData>
        <SchemaData schemaUrl="#PropertySchema">
          <SimpleData name="Price">34 300 €</SimpleData>
          <SimpleData name="Size">59 кв.м</SimpleData>
          <SimpleData name="URL">https://www.imot.bg/obiava-1j178220102367868-prodava-kashta-oblast-sofiya-gr-elin-pelin</SimpleData>
        </SchemaData>
      </ExtendedData>
      <styleUrl>#style_red</styleUrl>
      <description>&lt;![CDATA[
            &lt;div style="font-family: sans-serif; max-width: 320px;"&gt;
                &lt;img src="https://imotstatic1.focus.bg/imot/photosimotbg/1/868//big/1j178220102367868_Nm.jpg" style="width:100%; height:auto; max-height:220px; object-fit:cover; border-radius:6px; margin-bottom:12px;"/&gt;
                &lt;hr style="border:0; border-top:1px solid #ccc; margin:10px 0;"/&gt;
                &lt;p style="margin:4px 0;"&gt;&lt;b&gt;Matched:&lt;/b&gt; +отопление(+5)&lt;/p&gt;
                &lt;p style="margin:4px 0;"&gt;&lt;b&gt;Penalties:&lt;/b&gt; None&lt;/p&gt;
                &lt;hr style="border:0; border-top:1px solid #ccc; margin:10px 0;"/&gt;
                &lt;p style="margin-top:6px; color:#444;"&gt;&lt;b&gt;Description:&lt;/b&gt;&lt;/p&gt;
                &lt;p style="color:#555; font-size:13px; line-height:1.4;"&gt;Продава се съвременна къща 59 м² с две спални, подходяща за целогодишно живеене, ваканционен имот или втори дом. Модел Family разполага с просторна всекидневна с кухня, две спални, баня и тоалетна. Подробното разпределение можете да видите в приложен...&lt;/p&gt;
            &lt;/div&gt;
        ]]&gt;</description>
      <Point>
        <coordinates>23.602143,42.668663,0</coordinates>
      </Point>
    </Placemark>
    <Placemark>
      <name>Продава КЪЩА област София, гр. Божурище Обява: 1j178203370158907 (26 900 €)</name>
      <ExtendedData>
        <SchemaData schemaUrl="#PropertySchema">
          <SimpleData name="Price">26 900 €</SimpleData>
          <SimpleData name="Size">42 кв.м</SimpleData>
          <SimpleData name="URL">https://www.imot.bg/obiava-1j178203370158907-prodava-kashta-oblast-sofiya-gr-bozhurishte</SimpleData>
        </SchemaData>
      </ExtendedData>
      <styleUrl>#style_red</styleUrl>
      <description>&lt;![CDATA[
            &lt;div style="font-family: sans-serif; max-width: 320px;"&gt;
                &lt;img src="https://imotstatic3.focus.bg/imot/photosimotbg/1/907//big/1j178203370158907_fG.jpg" style="width:100%; height:auto; max-height:220px; object-fit:cover; border-radius:6px; margin-bottom:12px;"/&gt;
                &lt;hr style="border:0; border-top:1px solid #ccc; margin:10px 0;"/&gt;
                &lt;p style="margin:4px 0;"&gt;&lt;b&gt;Matched:&lt;/b&gt; +отопление(+5)&lt;/p&gt;
                &lt;p style="margin:4px 0;"&gt;&lt;b&gt;Penalties:&lt;/b&gt; None&lt;/p&gt;
                &lt;hr style="border:0; border-top:1px solid #ccc; margin:10px 0;"/&gt;
                &lt;p style="margin-top:6px; color:#444;"&gt;&lt;b&gt;Description:&lt;/b&gt;&lt;/p&gt;
                &lt;p style="color:#555; font-size:13px; line-height:1.4;"&gt;Продава се съвременна къща 42 м² с две спални, подходяща за целогодишно живеене, ваканционен имот или втори дом. Модел XL разполага с просторна всекидневна с кухненски бокс, две спални и баня с тоалетна. Подробното разпределение можете да видите в пр...&lt;/p&gt;
            &lt;/div&gt;
        ]]&gt;</description>
      <Point>
        <coordinates>23.196763,42.764188,0</coordinates>
      </Point>
    </Placemark>
    <Placemark>
      <name>Продава КЪЩА област София, гр. Драгоман Обява: 1j175976751718458 (42 000 €)</name>
      <ExtendedData>
        <SchemaData schemaUrl="#PropertySchema">
          <SimpleData name="Price">42 000 €</SimpleData>
          <SimpleData name="Size">70 кв.м</SimpleData>
          <SimpleData name="URL">https://www.imot.bg/obiava-1j175976751718458-prodava-kashta-oblast-sofiya-gr-dragoman</SimpleData>
        </SchemaData>
      </ExtendedData>
      <styleUrl>#style_red</styleUrl>
      <description>&lt;![CDATA[
            &lt;div style="font-family: sans-serif; max-width: 320px;"&gt;
                &lt;img src="https://imotstatic1.focus.bg/imot/photosimotbg/1/458//big/1j175976751718458_FO.jpg" style="width:100%; height:auto; max-height:220px; object-fit:cover; border-radius:6px; margin-bottom:12px;"/&gt;
                &lt;hr style="border:0; border-top:1px solid #ccc; margin:10px 0;"/&gt;
                &lt;p style="margin:4px 0;"&gt;&lt;b&gt;Matched:&lt;/b&gt; +ток(+10), +вода(+10)&lt;/p&gt;
                &lt;p style="margin:4px 0;"&gt;&lt;b&gt;Penalties:&lt;/b&gt; за ремонт(-15)&lt;/p&gt;
                &lt;hr style="border:0; border-top:1px solid #ccc; margin:10px 0;"/&gt;
                &lt;p style="margin-top:6px; color:#444;"&gt;&lt;b&gt;Description:&lt;/b&gt;&lt;/p&gt;
                &lt;p style="color:#555; font-size:13px; line-height:1.4;"&gt;ТЕРРА ЕСТЕЙТ представя къща, здраво тухлено строителство (тухли и бетон) в чистото планинско село Ялботина! Къщата се състои от приземен етаж с три помещения и първи етаж с четири помещения: хол, спалня, кухня и четвъртото за баня с тоалет и перално....&lt;/p&gt;
            &lt;/div&gt;
        ]]&gt;</description>
      <Point>
        <coordinates>22.93018,42.922312,0</coordinates>
      </Point>
    </Placemark>
    <Placemark>
      <name>Продава КЪЩА област София, гр. Божурище Обява: 1j178216253511076 (34 300 €)</name>
      <ExtendedData>
        <SchemaData schemaUrl="#PropertySchema">
          <SimpleData name="Price">34 300 €</SimpleData>
          <SimpleData name="Size">59 кв.м</SimpleData>
          <SimpleData name="URL">https://www.imot.bg/obiava-1j178216253511076-prodava-kashta-oblast-sofiya-gr-bozhurishte</SimpleData>
        </SchemaData>
      </ExtendedData>
      <styleUrl>#style_red</styleUrl>
      <description>&lt;![CDATA[
            &lt;div style="font-family: sans-serif; max-width: 320px;"&gt;
                &lt;img src="https://imotstatic4.focus.bg/imot/photosimotbg/1/076//big/1j178216253511076_Bw.jpg" style="width:100%; height:auto; max-height:220px; object-fit:cover; border-radius:6px; margin-bottom:12px;"/&gt;
                &lt;hr style="border:0; border-top:1px solid #ccc; margin:10px 0;"/&gt;
                &lt;p style="margin:4px 0;"&gt;&lt;b&gt;Matched:&lt;/b&gt; +отопление(+5)&lt;/p&gt;
                &lt;p style="margin:4px 0;"&gt;&lt;b&gt;Penalties:&lt;/b&gt; None&lt;/p&gt;
                &lt;hr style="border:0; border-top:1px solid #ccc; margin:10px 0;"/&gt;
                &lt;p style="margin-top:6px; color:#444;"&gt;&lt;b&gt;Description:&lt;/b&gt;&lt;/p&gt;
                &lt;p style="color:#555; font-size:13px; line-height:1.4;"&gt;Продава се съвременна къща 59 м² с две спални, подходяща за целогодишно живеене, ваканционен имот или втори дом. Модел Family разполага с просторна всекидневна с кухня, две спални, баня и тоалетна. Подробното разпределение можете да видите в приложен...&lt;/p&gt;
            &lt;/div&gt;
        ]]&gt;</description>
      <Point>
        <coordinates>23.197213,42.763738,0</coordinates>
      </Point>
    </Placemark>
    <Placemark>
      <name>Продава КЪЩА област София, с. Горна Малина Обява: 1j178205393201421 (26 900 €)</name>
      <ExtendedData>
        <SchemaData schemaUrl="#PropertySchema">
          <SimpleData name="Price">26 900 €</SimpleData>
          <SimpleData name="Size">42 кв.м</SimpleData>
          <SimpleData name="URL">https://www.imot.bg/obiava-1j178205393201421-prodava-kashta-oblast-sofiya-s-gorna-malina</SimpleData>
        </SchemaData>
      </ExtendedData>
      <styleUrl>#style_red</styleUrl>
      <description>&lt;![CDATA[
            &lt;div style="font-family: sans-serif; max-width: 320px;"&gt;
                &lt;img src="https://imotstatic1.focus.bg/imot/photosimotbg/1/421//big/1j178205393201421_4J.jpg" style="width:100%; height:auto; max-height:220px; object-fit:cover; border-radius:6px; margin-bottom:12px;"/&gt;
                &lt;hr style="border:0; border-top:1px solid #ccc; margin:10px 0;"/&gt;
                &lt;p style="margin:4px 0;"&gt;&lt;b&gt;Matched:&lt;/b&gt; +отопление(+5)&lt;/p&gt;
                &lt;p style="margin:4px 0;"&gt;&lt;b&gt;Penalties:&lt;/b&gt; None&lt;/p&gt;
                &lt;hr style="border:0; border-top:1px solid #ccc; margin:10px 0;"/&gt;
                &lt;p style="margin-top:6px; color:#444;"&gt;&lt;b&gt;Description:&lt;/b&gt;&lt;/p&gt;
                &lt;p style="color:#555; font-size:13px; line-height:1.4;"&gt;Продава се съвременна къща 42 м² с две спални, подходяща за целогодишно живеене, ваканционен имот или втори дом. Модел XL разполага с просторна всекидневна с кухненски бокс, две спални и баня с тоалетна. Подробното разпределение можете да видите в пр...&lt;/p&gt;
            &lt;/div&gt;
        ]]&gt;</description>
      <Point>
        <coordinates>23.705962,42.694446,0</coordinates>
      </Point>
    </Placemark>
    <Placemark>
      <name>Продава КЪЩА област София, с. Вакарел Обява: 1j178285023410653 (34 300 €)</name>
      <ExtendedData>
        <SchemaData schemaUrl="#PropertySchema">
          <SimpleData name="Price">34 300 €</SimpleData>
          <SimpleData name="Size">59 кв.м</SimpleData>
          <SimpleData name="URL">https://www.imot.bg/obiava-1j178285023410653-prodava-kashta-oblast-sofiya-s-vakarel</SimpleData>
        </SchemaData>
      </ExtendedData>
      <styleUrl>#style_red</styleUrl>
      <description>&lt;![CDATA[
            &lt;div style="font-family: sans-serif; max-width: 320px;"&gt;
                &lt;img src="https://imotstatic1.focus.bg/imot/photosimotbg/1/653//big/1j178285023410653_8E.jpg" style="width:100%; height:auto; max-height:220px; object-fit:cover; border-radius:6px; margin-bottom:12px;"/&gt;
                &lt;hr style="border:0; border-top:1px solid #ccc; margin:10px 0;"/&gt;
                &lt;p style="margin:4px 0;"&gt;&lt;b&gt;Matched:&lt;/b&gt; +отопление(+5)&lt;/p&gt;
                &lt;p style="margin:4px 0;"&gt;&lt;b&gt;Penalties:&lt;/b&gt; None&lt;/p&gt;
                &lt;hr style="border:0; border-top:1px solid #ccc; margin:10px 0;"/&gt;
                &lt;p style="margin-top:6px; color:#444;"&gt;&lt;b&gt;Description:&lt;/b&gt;&lt;/p&gt;
                &lt;p style="color:#555; font-size:13px; line-height:1.4;"&gt;Продава се съвременна къща 59 м² с две спални, подходяща за целогодишно живеене, ваканционен имот или втори дом. Модел Family разполага с просторна всекидневна с кухня, две спални, баня и тоалетна. Подробното разпределение можете да видите в приложен...&lt;/p&gt;
            &lt;/div&gt;
        ]]&gt;</description>
      <Point>
        <coordinates>23.711826,42.556038,0</coordinates>
      </Point>
    </Placemark>
    <Placemark>
      <name>Продава КЪЩА област София, с. Бели Искър Обява: 1j178205366892514 (26 900 €)</name>
      <ExtendedData>
        <SchemaData schemaUrl="#PropertySchema">
          <SimpleData name="Price">26 900 €</SimpleData>
          <SimpleData name="Size">42 кв.м</SimpleData>
          <SimpleData name="URL">https://www.imot.bg/obiava-1j178205366892514-prodava-kashta-oblast-sofiya-s-beli-iskar</SimpleData>
        </SchemaData>
      </ExtendedData>
      <styleUrl>#style_red</styleUrl>
      <description>&lt;![CDATA[
            &lt;div style="font-family: sans-serif; max-width: 320px;"&gt;
                &lt;img src="https://imotstatic1.focus.bg/imot/photosimotbg/1/514//big/1j178205366892514_oz.jpg" style="width:100%; height:auto; max-height:220px; object-fit:cover; border-radius:6px; margin-bottom:12px;"/&gt;
                &lt;hr style="border:0; border-top:1px solid #ccc; margin:10px 0;"/&gt;
                &lt;p style="margin:4px 0;"&gt;&lt;b&gt;Matched:&lt;/b&gt; +отопление(+5)&lt;/p&gt;
                &lt;p style="margin:4px 0;"&gt;&lt;b&gt;Penalties:&lt;/b&gt; None&lt;/p&gt;
                &lt;hr style="border:0; border-top:1px solid #ccc; margin:10px 0;"/&gt;
                &lt;p style="margin-top:6px; color:#444;"&gt;&lt;b&gt;Description:&lt;/b&gt;&lt;/p&gt;
                &lt;p style="color:#555; font-size:13px; line-height:1.4;"&gt;Продава се съвременна къща 42 м² с две спални, подходяща за целогодишно живеене, ваканционен имот или втори дом. Модел XL разполага с просторна всекидневна с кухненски бокс, две спални и баня с тоалетна. Подробното разпределение можете да видите в пр...&lt;/p&gt;
            &lt;/div&gt;
        ]]&gt;</description>
      <Point>
        <coordinates>23.538223,42.274989,0</coordinates>
      </Point>
    </Placemark>
    <Placemark>
      <name>Продава КЪЩА област София, гр. Самоков Обява: 1j178285060709383 (34 300 €)</name>
      <ExtendedData>
        <SchemaData schemaUrl="#PropertySchema">
          <SimpleData name="Price">34 300 €</SimpleData>
          <SimpleData name="Size">59 кв.м</SimpleData>
          <SimpleData name="URL">https://www.imot.bg/obiava-1j178285060709383-prodava-kashta-oblast-sofiya-gr-samokov</SimpleData>
        </SchemaData>
      </ExtendedData>
      <styleUrl>#style_red</styleUrl>
      <description>&lt;![CDATA[
            &lt;div style="font-family: sans-serif; max-width: 320px;"&gt;
                &lt;img src="https://imotstatic4.focus.bg/imot/photosimotbg/1/383//big/1j178285060709383_hX.jpg" style="width:100%; height:auto; max-height:220px; object-fit:cover; border-radius:6px; margin-bottom:12px;"/&gt;
                &lt;hr style="border:0; border-top:1px solid #ccc; margin:10px 0;"/&gt;
                &lt;p style="margin:4px 0;"&gt;&lt;b&gt;Matched:&lt;/b&gt; +отопление(+5)&lt;/p&gt;
                &lt;p style="margin:4px 0;"&gt;&lt;b&gt;Penalties:&lt;/b&gt; None&lt;/p&gt;
                &lt;hr style="border:0; border-top:1px solid #ccc; margin:10px 0;"/&gt;
                &lt;p style="margin-top:6px; color:#444;"&gt;&lt;b&gt;Description:&lt;/b&gt;&lt;/p&gt;
                &lt;p style="color:#555; font-size:13px; line-height:1.4;"&gt;Продава се съвременна къща 59 м² с две спални, подходяща за целогодишно живеене, ваканционен имот или втори дом. Модел Family разполага с просторна всекидневна с кухня, две спални, баня и тоалетна. Подробното разпределение можете да видите в приложен...&lt;/p&gt;
            &lt;/div&gt;
        ]]&gt;</description>
      <Point>
        <coordinates>23.559657,42.337568,0</coordinates>
      </Point>
    </Placemark>
    <Placemark>
      <name>Продава КЪЩА област София, с. Бели Искър Обява: 1j178285050357382 (34 300 €)</name>
      <ExtendedData>
        <SchemaData schemaUrl="#PropertySchema">
          <SimpleData name="Price">34 300 €</SimpleData>
          <SimpleData name="Size">59 кв.м</SimpleData>
          <SimpleData name="URL">https://www.imot.bg/obiava-1j178285050357382-prodava-kashta-oblast-sofiya-s-beli-iskar</SimpleData>
        </SchemaData>
      </ExtendedData>
      <styleUrl>#style_red</styleUrl>
      <description>&lt;![CDATA[
            &lt;div style="font-family: sans-serif; max-width: 320px;"&gt;
                &lt;img src="https://imotstatic1.focus.bg/imot/photosimotbg/1/382//big/1j178285050357382_TC.jpg" style="width:100%; height:auto; max-height:220px; object-fit:cover; border-radius:6px; margin-bottom:12px;"/&gt;
                &lt;hr style="border:0; border-top:1px solid #ccc; margin:10px 0;"/&gt;
                &lt;p style="margin:4px 0;"&gt;&lt;b&gt;Matched:&lt;/b&gt; +отопление(+5)&lt;/p&gt;
                &lt;p style="margin:4px 0;"&gt;&lt;b&gt;Penalties:&lt;/b&gt; None&lt;/p&gt;
                &lt;hr style="border:0; border-top:1px solid #ccc; margin:10px 0;"/&gt;
                &lt;p style="margin-top:6px; color:#444;"&gt;&lt;b&gt;Description:&lt;/b&gt;&lt;/p&gt;
                &lt;p style="color:#555; font-size:13px; line-height:1.4;"&gt;Продава се съвременна къща 59 м² с две спални, подходяща за целогодишно живеене, ваканционен имот или втори дом. Модел Family разполага с просторна всекидневна с кухня, две спални, баня и тоалетна. Подробното разпределение можете да видите в приложен...&lt;/p&gt;
            &lt;/div&gt;
        ]]&gt;</description>
      <Point>
        <coordinates>23.538223,42.274089,0</coordinates>
      </Point>
    </Placemark>
    <Placemark>
      <name>Продава КЪЩА област София, гр. Самоков Обява: 1j178205373878178 (26 900 €)</name>
      <ExtendedData>
        <SchemaData schemaUrl="#PropertySchema">
          <SimpleData name="Price">26 900 €</SimpleData>
          <SimpleData name="Size">42 кв.м</SimpleData>
          <SimpleData name="URL">https://www.imot.bg/obiava-1j178205373878178-prodava-kashta-oblast-sofiya-gr-samokov</SimpleData>
        </SchemaData>
      </ExtendedData>
      <styleUrl>#style_red</styleUrl>
      <description>&lt;![CDATA[
            &lt;div style="font-family: sans-serif; max-width: 320px;"&gt;
                &lt;img src="https://imotstatic4.focus.bg/imot/photosimotbg/1/178//big/1j178205373878178_WD.jpg" style="width:100%; height:auto; max-height:220px; object-fit:cover; border-radius:6px; margin-bottom:12px;"/&gt;
                &lt;hr style="border:0; border-top:1px solid #ccc; margin:10px 0;"/&gt;
                &lt;p style="margin:4px 0;"&gt;&lt;b&gt;Matched:&lt;/b&gt; +отопление(+5)&lt;/p&gt;
                &lt;p style="margin:4px 0;"&gt;&lt;b&gt;Penalties:&lt;/b&gt; None&lt;/p&gt;
                &lt;hr style="border:0; border-top:1px solid #ccc; margin:10px 0;"/&gt;
                &lt;p style="margin-top:6px; color:#444;"&gt;&lt;b&gt;Description:&lt;/b&gt;&lt;/p&gt;
                &lt;p style="color:#555; font-size:13px; line-height:1.4;"&gt;Продава се съвременна къща 42 м² с две спални, подходяща за целогодишно живеене, ваканционен имот или втори дом. Модел XL разполага с просторна всекидневна с кухненски бокс, две спални и баня с тоалетна. Подробното разпределение можете да видите в пр...&lt;/p&gt;
            &lt;/div&gt;
        ]]&gt;</description>
      <Point>
        <coordinates>23.558878,42.337568,0</coordinates>
      </Point>
    </Placemark>
    <Placemark>
      <name>Продава КЪЩА област София, с. Вакарел Обява: 1j178204969792284 (26 900 €)</name>
      <ExtendedData>
        <SchemaData schemaUrl="#PropertySchema">
          <SimpleData name="Price">26 900 €</SimpleData>
          <SimpleData name="Size">42 кв.м</SimpleData>
          <SimpleData name="URL">https://www.imot.bg/obiava-1j178204969792284-prodava-kashta-oblast-sofiya-s-vakarel</SimpleData>
        </SchemaData>
      </ExtendedData>
      <styleUrl>#style_red</styleUrl>
      <description>&lt;![CDATA[
            &lt;div style="font-family: sans-serif; max-width: 320px;"&gt;
                &lt;img src="https://imotstatic2.focus.bg/imot/photosimotbg/1/284//big/1j178204969792284_ra.jpg" style="width:100%; height:auto; max-height:220px; object-fit:cover; border-radius:6px; margin-bottom:12px;"/&gt;
                &lt;hr style="border:0; border-top:1px solid #ccc; margin:10px 0;"/&gt;
                &lt;p style="margin:4px 0;"&gt;&lt;b&gt;Matched:&lt;/b&gt; +отопление(+5)&lt;/p&gt;
                &lt;p style="margin:4px 0;"&gt;&lt;b&gt;Penalties:&lt;/b&gt; None&lt;/p&gt;
                &lt;hr style="border:0; border-top:1px solid #ccc; margin:10px 0;"/&gt;
                &lt;p style="margin-top:6px; color:#444;"&gt;&lt;b&gt;Description:&lt;/b&gt;&lt;/p&gt;
                &lt;p style="color:#555; font-size:13px; line-height:1.4;"&gt;Продава се съвременна къща 42 м² с две спални, подходяща за целогодишно живеене, ваканционен имот или втори дом. Модел XL разполага с просторна всекидневна с кухненски бокс, две спални и баня с тоалетна. Подробното разпределение можете да видите в пр...&lt;/p&gt;
            &lt;/div&gt;
        ]]&gt;</description>
      <Point>
        <coordinates>23.711376,42.555588,0</coordinates>
      </Point>
    </Placemark>
    <Placemark>
      <name>Продава КЪЩА област София, с. Калотина Обява: 1j172647382034028 (38 000 €)</name>
      <ExtendedData>
        <SchemaData schemaUrl="#PropertySchema">
          <SimpleData name="Price">38 000 €</SimpleData>
          <SimpleData name="Size">142 кв.м</SimpleData>
          <SimpleData name="URL">https://www.imot.bg/obiava-1j172647382034028-prodava-kashta-oblast-sofiya-s-kalotina</SimpleData>
        </SchemaData>
      </ExtendedData>
      <styleUrl>#style_red</styleUrl>
      <description>&lt;![CDATA[
            &lt;div style="font-family: sans-serif; max-width: 320px;"&gt;
                &lt;img src="https://imotstatic1.focus.bg/imot/photosimotbg/1/028//big/1j172647382034028_Kw.jpg" style="width:100%; height:auto; max-height:220px; object-fit:cover; border-radius:6px; margin-bottom:12px;"/&gt;
                &lt;hr style="border:0; border-top:1px solid #ccc; margin:10px 0;"/&gt;
                &lt;p style="margin:4px 0;"&gt;&lt;b&gt;Matched:&lt;/b&gt; +ток(+10), +вода(+10)&lt;/p&gt;
                &lt;p style="margin:4px 0;"&gt;&lt;b&gt;Penalties:&lt;/b&gt; груб строеж(-15)&lt;/p&gt;
                &lt;hr style="border:0; border-top:1px solid #ccc; margin:10px 0;"/&gt;
                &lt;p style="margin-top:6px; color:#444;"&gt;&lt;b&gt;Description:&lt;/b&gt;&lt;/p&gt;
                &lt;p style="color:#555; font-size:13px; line-height:1.4;"&gt;Къщата се намира в с.Ново Бърдо, което е на 2км. над с.Калотина по асфалтов път, който се почиства през зимата. Местоположението на селото и къщата се отличава с невероятна природа, страхотни гледки, тишина, спокойствие и чист въздух. Чудесно място з...&lt;/p&gt;
            &lt;/div&gt;
        ]]&gt;</description>
      <Point>
        <coordinates>22.86854,42.99594,0</coordinates>
      </Point>
    </Placemark>
    <Placemark>
      <name>Продава КЪЩА област София, с. Мала Раковица Обява: 1j169926453746618 (40 000 €)</name>
      <ExtendedData>
        <SchemaData schemaUrl="#PropertySchema">
          <SimpleData name="Price">40 000 €</SimpleData>
          <SimpleData name="Size">75 кв.м</SimpleData>
          <SimpleData name="URL">https://www.imot.bg/obiava-1j169926453746618-prodava-kashta-oblast-sofiya-s-mala-rakovitsa</SimpleData>
        </SchemaData>
      </ExtendedData>
      <styleUrl>#style_red</styleUrl>
      <description>&lt;![CDATA[
            &lt;div style="font-family: sans-serif; max-width: 320px;"&gt;
                &lt;img src="https://imotstatic3.focus.bg/imot/photosimotbg/1/618//big/1j169926453746618_U3.jpg" style="width:100%; height:auto; max-height:220px; object-fit:cover; border-radius:6px; margin-bottom:12px;"/&gt;
                &lt;hr style="border:0; border-top:1px solid #ccc; margin:10px 0;"/&gt;
                &lt;p style="margin:4px 0;"&gt;&lt;b&gt;Matched:&lt;/b&gt; +ток(+10), +вода(+10)&lt;/p&gt;
                &lt;p style="margin:4px 0;"&gt;&lt;b&gt;Penalties:&lt;/b&gt; за ремонт(-15)&lt;/p&gt;
                &lt;hr style="border:0; border-top:1px solid #ccc; margin:10px 0;"/&gt;
                &lt;p style="margin-top:6px; color:#444;"&gt;&lt;b&gt;Description:&lt;/b&gt;&lt;/p&gt;
                &lt;p style="color:#555; font-size:13px; line-height:1.4;"&gt;Представяме ви къща в село Мала Раковица на 20 мин. с кола от гр.Банкя. Тихо и красиво място за отдих и любителите на природата. Къщата е за ремонт.Намира се до обитаеми къщи и изворна чешма.С два входа и отделни полуетажи.Ток,вода в имота.За повече ...&lt;/p&gt;
            &lt;/div&gt;
        ]]&gt;</description>
      <Point>
        <coordinates>23.052914,42.729273,0</coordinates>
      </Point>
    </Placemark>
    <Placemark>
      <name>Продава КЪЩА област София, с. Мала църква Обява: 1j178285089550050 (34 300 €)</name>
      <ExtendedData>
        <SchemaData schemaUrl="#PropertySchema">
          <SimpleData name="Price">34 300 €</SimpleData>
          <SimpleData name="Size">59 кв.м</SimpleData>
          <SimpleData name="URL">https://www.imot.bg/obiava-1j178285089550050-prodava-kashta-oblast-sofiya-s-mala-tsarkva</SimpleData>
        </SchemaData>
      </ExtendedData>
      <styleUrl>#style_red</styleUrl>
      <description>&lt;![CDATA[
            &lt;div style="font-family: sans-serif; max-width: 320px;"&gt;
                &lt;img src="https://imotstatic1.focus.bg/imot/photosimotbg/1/050//big/1j178285089550050_p3.jpg" style="width:100%; height:auto; max-height:220px; object-fit:cover; border-radius:6px; margin-bottom:12px;"/&gt;
                &lt;hr style="border:0; border-top:1px solid #ccc; margin:10px 0;"/&gt;
                &lt;p style="margin:4px 0;"&gt;&lt;b&gt;Matched:&lt;/b&gt; +отопление(+5)&lt;/p&gt;
                &lt;p style="margin:4px 0;"&gt;&lt;b&gt;Penalties:&lt;/b&gt; None&lt;/p&gt;
                &lt;hr style="border:0; border-top:1px solid #ccc; margin:10px 0;"/&gt;
                &lt;p style="margin-top:6px; color:#444;"&gt;&lt;b&gt;Description:&lt;/b&gt;&lt;/p&gt;
                &lt;p style="color:#555; font-size:13px; line-height:1.4;"&gt;Продава се съвременна къща 59 м² с две спални, подходяща за целогодишно живеене, ваканционен имот или втори дом. Модел Family разполага с просторна всекидневна с кухня, две спални, баня и тоалетна. Подробното разпределение можете да видите в приложен...&lt;/p&gt;
            &lt;/div&gt;
        ]]&gt;</description>
      <Point>
        <coordinates>23.509477,42.26262,0</coordinates>
      </Point>
    </Placemark>
    <Placemark>
      <name>Продава КЪЩА област София, с. Мала църква Обява: 1j178205491110537 (26 900 €)</name>
      <ExtendedData>
        <SchemaData schemaUrl="#PropertySchema">
          <SimpleData name="Price">26 900 €</SimpleData>
          <SimpleData name="Size">42 кв.м</SimpleData>
          <SimpleData name="URL">https://www.imot.bg/obiava-1j178205491110537-prodava-kashta-oblast-sofiya-s-mala-tsarkva</SimpleData>
        </SchemaData>
      </ExtendedData>
      <styleUrl>#style_red</styleUrl>
      <description>&lt;![CDATA[
            &lt;div style="font-family: sans-serif; max-width: 320px;"&gt;
                &lt;img src="https://imotstatic1.focus.bg/imot/photosimotbg/1/537//big/1j178205491110537_2W.jpg" style="width:100%; height:auto; max-height:220px; object-fit:cover; border-radius:6px; margin-bottom:12px;"/&gt;
                &lt;hr style="border:0; border-top:1px solid #ccc; margin:10px 0;"/&gt;
                &lt;p style="margin:4px 0;"&gt;&lt;b&gt;Matched:&lt;/b&gt; +отопление(+5)&lt;/p&gt;
                &lt;p style="margin:4px 0;"&gt;&lt;b&gt;Penalties:&lt;/b&gt; None&lt;/p&gt;
                &lt;hr style="border:0; border-top:1px solid #ccc; margin:10px 0;"/&gt;
                &lt;p style="margin-top:6px; color:#444;"&gt;&lt;b&gt;Description:&lt;/b&gt;&lt;/p&gt;
                &lt;p style="color:#555; font-size:13px; line-height:1.4;"&gt;Продава се съвременна къща 42 м² с две спални, подходяща за целогодишно живеене, ваканционен имот или втори дом. Модел XL разполага с просторна всекидневна с кухненски бокс, две спални и баня с тоалетна. Подробното разпределение можете да видите в пр...&lt;/p&gt;
            &lt;/div&gt;
        ]]&gt;</description>
      <Point>
        <coordinates>23.509477,42.26172,0</coordinates>
      </Point>
    </Placemark>
    <Placemark>
      <name>Продава КЪЩА област София, с. Горна Малина Обява: 1j178285068662927 (34 300 €)</name>
      <ExtendedData>
        <SchemaData schemaUrl="#PropertySchema">
          <SimpleData name="Price">34 300 €</SimpleData>
          <SimpleData name="Size">59 кв.м</SimpleData>
          <SimpleData name="URL">https://www.imot.bg/obiava-1j178285068662927-prodava-kashta-oblast-sofiya-s-gorna-malina</SimpleData>
        </SchemaData>
      </ExtendedData>
      <styleUrl>#style_red</styleUrl>
      <description>&lt;![CDATA[
            &lt;div style="font-family: sans-serif; max-width: 320px;"&gt;
                &lt;img src="https://imotstatic3.focus.bg/imot/photosimotbg/1/927//big/1j178285068662927_tc.jpg" style="width:100%; height:auto; max-height:220px; object-fit:cover; border-radius:6px; margin-bottom:12px;"/&gt;
                &lt;hr style="border:0; border-top:1px solid #ccc; margin:10px 0;"/&gt;
                &lt;p style="margin:4px 0;"&gt;&lt;b&gt;Matched:&lt;/b&gt; +отопление(+5)&lt;/p&gt;
                &lt;p style="margin:4px 0;"&gt;&lt;b&gt;Penalties:&lt;/b&gt; None&lt;/p&gt;
                &lt;hr style="border:0; border-top:1px solid #ccc; margin:10px 0;"/&gt;
                &lt;p style="margin-top:6px; color:#444;"&gt;&lt;b&gt;Description:&lt;/b&gt;&lt;/p&gt;
                &lt;p style="color:#555; font-size:13px; line-height:1.4;"&gt;Продава се съвременна къща 59 м² с две спални, подходяща за целогодишно живеене, ваканционен имот или втори дом. Модел Family разполага с просторна всекидневна с кухня, две спални, баня и тоалетна. Подробното разпределение можете да видите в приложен...&lt;/p&gt;
            &lt;/div&gt;
        ]]&gt;</description>
      <Point>
        <coordinates>23.706352,42.693771,0</coordinates>
      </Point>
    </Placemark>
    <Placemark>
      <name>Продава КЪЩА област София, с. Мусачево Обява: 1j178205711797938 (26 900 €)</name>
      <ExtendedData>
        <SchemaData schemaUrl="#PropertySchema">
          <SimpleData name="Price">26 900 €</SimpleData>
          <SimpleData name="Size">42 кв.м</SimpleData>
          <SimpleData name="URL">https://www.imot.bg/obiava-1j178205711797938-prodava-kashta-oblast-sofiya-s-musachevo</SimpleData>
        </SchemaData>
      </ExtendedData>
      <styleUrl>#style_red</styleUrl>
      <description>&lt;![CDATA[
            &lt;div style="font-family: sans-serif; max-width: 320px;"&gt;
                &lt;img src="https://imotstatic4.focus.bg/imot/photosimotbg/1/938//big/1j178205711797938_Av.jpg" style="width:100%; height:auto; max-height:220px; object-fit:cover; border-radius:6px; margin-bottom:12px;"/&gt;
                &lt;hr style="border:0; border-top:1px solid #ccc; margin:10px 0;"/&gt;
                &lt;p style="margin:4px 0;"&gt;&lt;b&gt;Matched:&lt;/b&gt; +отопление(+5)&lt;/p&gt;
                &lt;p style="margin:4px 0;"&gt;&lt;b&gt;Penalties:&lt;/b&gt; None&lt;/p&gt;
                &lt;hr style="border:0; border-top:1px solid #ccc; margin:10px 0;"/&gt;
                &lt;p style="margin-top:6px; color:#444;"&gt;&lt;b&gt;Description:&lt;/b&gt;&lt;/p&gt;
                &lt;p style="color:#555; font-size:13px; line-height:1.4;"&gt;Продава се съвременна къща 42 м² с две спални, подходяща за целогодишно живеене, ваканционен имот или втори дом. Модел XL разполага с просторна всекидневна с кухненски бокс, две спални и баня с тоалетна. Подробното разпределение можете да видите в пр...&lt;/p&gt;
            &lt;/div&gt;
        ]]&gt;</description>
      <Point>
        <coordinates>23.568228,42.681932,0</coordinates>
      </Point>
    </Placemark>
    <Placemark>
      <name>Продава КЪЩА област София, с. Равно поле Обява: 1j178204852166972 (26 900 €)</name>
      <ExtendedData>
        <SchemaData schemaUrl="#PropertySchema">
          <SimpleData name="Price">26 900 €</SimpleData>
          <SimpleData name="Size">42 кв.м</SimpleData>
          <SimpleData name="URL">https://www.imot.bg/obiava-1j178204852166972-prodava-kashta-oblast-sofiya-s-ravno-pole</SimpleData>
        </SchemaData>
      </ExtendedData>
      <styleUrl>#style_red</styleUrl>
      <description>&lt;![CDATA[
            &lt;div style="font-family: sans-serif; max-width: 320px;"&gt;
                &lt;img src="https://imotstatic2.focus.bg/imot/photosimotbg/1/972//big/1j178204852166972_zW.jpg" style="width:100%; height:auto; max-height:220px; object-fit:cover; border-radius:6px; margin-bottom:12px;"/&gt;
                &lt;hr style="border:0; border-top:1px solid #ccc; margin:10px 0;"/&gt;
                &lt;p style="margin:4px 0;"&gt;&lt;b&gt;Matched:&lt;/b&gt; +отопление(+5)&lt;/p&gt;
                &lt;p style="margin:4px 0;"&gt;&lt;b&gt;Penalties:&lt;/b&gt; None&lt;/p&gt;
                &lt;hr style="border:0; border-top:1px solid #ccc; margin:10px 0;"/&gt;
                &lt;p style="margin-top:6px; color:#444;"&gt;&lt;b&gt;Description:&lt;/b&gt;&lt;/p&gt;
                &lt;p style="color:#555; font-size:13px; line-height:1.4;"&gt;Продава се съвременна къща 42 м² с две спални, подходяща за целогодишно живеене, ваканционен имот или втори дом. Модел XL разполага с просторна всекидневна с кухненски бокс, две спални и баня с тоалетна. Подробното разпределение можете да видите в пр...&lt;/p&gt;
            &lt;/div&gt;
        ]]&gt;</description>
      <Point>
        <coordinates>23.526208,42.668053,0</coordinates>
      </Point>
    </Placemark>
    <Placemark>
      <name>Продава КЪЩА област София, с. Мусачево Обява: 1j178220336743899 (34 300 €)</name>
      <ExtendedData>
        <SchemaData schemaUrl="#PropertySchema">
          <SimpleData name="Price">34 300 €</SimpleData>
          <SimpleData name="Size">59 кв.м</SimpleData>
          <SimpleData name="URL">https://www.imot.bg/obiava-1j178220336743899-prodava-kashta-oblast-sofiya-s-musachevo</SimpleData>
        </SchemaData>
      </ExtendedData>
      <styleUrl>#style_red</styleUrl>
      <description>&lt;![CDATA[
            &lt;div style="font-family: sans-serif; max-width: 320px;"&gt;
                &lt;img src="https://cdn3.focus.bg/imot/photosimotbg/1/899//big/1j178220336743899_xi.jpg" style="width:100%; height:auto; max-height:220px; object-fit:cover; border-radius:6px; margin-bottom:12px;"/&gt;
                &lt;hr style="border:0; border-top:1px solid #ccc; margin:10px 0;"/&gt;
                &lt;p style="margin:4px 0;"&gt;&lt;b&gt;Matched:&lt;/b&gt; +отопление(+5)&lt;/p&gt;
                &lt;p style="margin:4px 0;"&gt;&lt;b&gt;Penalties:&lt;/b&gt; None&lt;/p&gt;
                &lt;hr style="border:0; border-top:1px solid #ccc; margin:10px 0;"/&gt;
                &lt;p style="margin-top:6px; color:#444;"&gt;&lt;b&gt;Description:&lt;/b&gt;&lt;/p&gt;
                &lt;p style="color:#555; font-size:13px; line-height:1.4;"&gt;Продава се съвременна къща 59 м² с две спални, подходяща за целогодишно живеене, ваканционен имот или втори дом. Модел Family разполага с просторна всекидневна с кухня, две спални, баня и тоалетна. Подробното разпределение можете да видите в приложен...&lt;/p&gt;
            &lt;/div&gt;
        ]]&gt;</description>
      <Point>
        <coordinates>23.568228,42.681032,0</coordinates>
      </Point>
    </Placemark>
    <Placemark>
      <name>Продава КЪЩА област София, с. Ново бърдо Обява: 1j172647182737943 (38 000 €)</name>
      <ExtendedData>
        <SchemaData schemaUrl="#PropertySchema">
          <SimpleData name="Price">38 000 €</SimpleData>
          <SimpleData name="Size">142 кв.м</SimpleData>
          <SimpleData name="URL">https://www.imot.bg/obiava-1j172647182737943-prodava-kashta-oblast-sofiya-s-novo-bardo</SimpleData>
        </SchemaData>
      </ExtendedData>
      <styleUrl>#style_red</styleUrl>
      <description>&lt;![CDATA[
            &lt;div style="font-family: sans-serif; max-width: 320px;"&gt;
                &lt;img src="https://imotstatic3.focus.bg/imot/photosimotbg/1/943//big/1j172647182737943_LF.jpg" style="width:100%; height:auto; max-height:220px; object-fit:cover; border-radius:6px; margin-bottom:12px;"/&gt;
                &lt;hr style="border:0; border-top:1px solid #ccc; margin:10px 0;"/&gt;
                &lt;p style="margin:4px 0;"&gt;&lt;b&gt;Matched:&lt;/b&gt; +ток(+10), +вода(+10)&lt;/p&gt;
                &lt;p style="margin:4px 0;"&gt;&lt;b&gt;Penalties:&lt;/b&gt; груб строеж(-15)&lt;/p&gt;
                &lt;hr style="border:0; border-top:1px solid #ccc; margin:10px 0;"/&gt;
                &lt;p style="margin-top:6px; color:#444;"&gt;&lt;b&gt;Description:&lt;/b&gt;&lt;/p&gt;
                &lt;p style="color:#555; font-size:13px; line-height:1.4;"&gt;Селото се намира на 2км. над с.Калотина по асфалтов път, който се почиства през зимата. Местоположението на селото и къщата се отличава с невероятна природа, страхотни гледки, тишина, спокойствие и чист въздух. Чудесно място за почивка и релакс. Къща...&lt;/p&gt;
            &lt;/div&gt;
        ]]&gt;</description>
      <Point>
        <coordinates>22.848351,42.967637,0</coordinates>
      </Point>
    </Placemark>
    <Placemark>
      <name>Продава КЪЩА област София, с. Равно поле Обява: 1j178220112095181 (34 300 €)</name>
      <ExtendedData>
        <SchemaData schemaUrl="#PropertySchema">
          <SimpleData name="Price">34 300 €</SimpleData>
          <SimpleData name="Size">59 кв.м</SimpleData>
          <SimpleData name="URL">https://www.imot.bg/obiava-1j178220112095181-prodava-kashta-oblast-sofiya-s-ravno-pole</SimpleData>
        </SchemaData>
      </ExtendedData>
      <styleUrl>#style_red</styleUrl>
      <description>&lt;![CDATA[
            &lt;div style="font-family: sans-serif; max-width: 320px;"&gt;
                &lt;img src="https://imotstatic4.focus.bg/imot/photosimotbg/1/181//big/1j178220112095181_OD.jpg" style="width:100%; height:auto; max-height:220px; object-fit:cover; border-radius:6px; margin-bottom:12px;"/&gt;
                &lt;hr style="border:0; border-top:1px solid #ccc; margin:10px 0;"/&gt;
                &lt;p style="margin:4px 0;"&gt;&lt;b&gt;Matched:&lt;/b&gt; +отопление(+5)&lt;/p&gt;
                &lt;p style="margin:4px 0;"&gt;&lt;b&gt;Penalties:&lt;/b&gt; None&lt;/p&gt;
                &lt;hr style="border:0; border-top:1px solid #ccc; margin:10px 0;"/&gt;
                &lt;p style="margin-top:6px; color:#444;"&gt;&lt;b&gt;Description:&lt;/b&gt;&lt;/p&gt;
                &lt;p style="color:#555; font-size:13px; line-height:1.4;"&gt;Продава се съвременна къща 59 м² с две спални, подходяща за целогодишно живеене, ваканционен имот или втори дом. Модел Family разполага с просторна всекидневна с кухня, две спални, баня и тоалетна. Подробното разпределение можете да видите в приложен...&lt;/p&gt;
            &lt;/div&gt;
        ]]&gt;</description>
      <Point>
        <coordinates>23.526208,42.667153,0</coordinates>
      </Point>
    </Placemark>
    <Placemark>
      <name>Продава КЪЩА област София, с. Нови хан Обява: 1j178216271572050 (34 300 €)</name>
      <ExtendedData>
        <SchemaData schemaUrl="#PropertySchema">
          <SimpleData name="Price">34 300 €</SimpleData>
          <SimpleData name="Size">59 кв.м</SimpleData>
          <SimpleData name="URL">https://www.imot.bg/obiava-1j178216271572050-prodava-kashta-oblast-sofiya-s-novi-han</SimpleData>
        </SchemaData>
      </ExtendedData>
      <styleUrl>#style_red</styleUrl>
      <description>&lt;![CDATA[
            &lt;div style="font-family: sans-serif; max-width: 320px;"&gt;
                &lt;img src="https://imotstatic4.focus.bg/imot/photosimotbg/1/050//big/1j178216271572050_bx.jpg" style="width:100%; height:auto; max-height:220px; object-fit:cover; border-radius:6px; margin-bottom:12px;"/&gt;
                &lt;hr style="border:0; border-top:1px solid #ccc; margin:10px 0;"/&gt;
                &lt;p style="margin:4px 0;"&gt;&lt;b&gt;Matched:&lt;/b&gt; +отопление(+5)&lt;/p&gt;
                &lt;p style="margin:4px 0;"&gt;&lt;b&gt;Penalties:&lt;/b&gt; None&lt;/p&gt;
                &lt;hr style="border:0; border-top:1px solid #ccc; margin:10px 0;"/&gt;
                &lt;p style="margin-top:6px; color:#444;"&gt;&lt;b&gt;Description:&lt;/b&gt;&lt;/p&gt;
                &lt;p style="color:#555; font-size:13px; line-height:1.4;"&gt;Продава се съвременна къща 59 м² с две спални, подходяща за целогодишно живеене, ваканционен имот или втори дом. Модел Family разполага с просторна всекидневна с кухня, две спални, баня и тоалетна. Подробното разпределение можете да видите в приложен...&lt;/p&gt;
            &lt;/div&gt;
        ]]&gt;</description>
      <Point>
        <coordinates>23.596,42.606166,0</coordinates>
      </Point>
    </Placemark>
    <Placemark>
      <name>Продава КЪЩА област София, с. Нови хан Обява: 1j178204829756035 (26 900 €)</name>
      <ExtendedData>
        <SchemaData schemaUrl="#PropertySchema">
          <SimpleData name="Price">26 900 €</SimpleData>
          <SimpleData name="Size">42 кв.м</SimpleData>
          <SimpleData name="URL">https://www.imot.bg/obiava-1j178204829756035-prodava-kashta-oblast-sofiya-s-novi-han</SimpleData>
        </SchemaData>
      </ExtendedData>
      <styleUrl>#style_red</styleUrl>
      <description>&lt;![CDATA[
            &lt;div style="font-family: sans-serif; max-width: 320px;"&gt;
                &lt;img src="https://cdn3.focus.bg/imot/photosimotbg/1/035//big/1j178204829756035_pT.jpg" style="width:100%; height:auto; max-height:220px; object-fit:cover; border-radius:6px; margin-bottom:12px;"/&gt;
                &lt;hr style="border:0; border-top:1px solid #ccc; margin:10px 0;"/&gt;
                &lt;p style="margin:4px 0;"&gt;&lt;b&gt;Matched:&lt;/b&gt; +отопление(+5)&lt;/p&gt;
                &lt;p style="margin:4px 0;"&gt;&lt;b&gt;Penalties:&lt;/b&gt; None&lt;/p&gt;
                &lt;hr style="border:0; border-top:1px solid #ccc; margin:10px 0;"/&gt;
                &lt;p style="margin-top:6px; color:#444;"&gt;&lt;b&gt;Description:&lt;/b&gt;&lt;/p&gt;
                &lt;p style="color:#555; font-size:13px; line-height:1.4;"&gt;Продава се съвременна къща 42 м² с две спални, подходяща за целогодишно живеене, ваканционен имот или втори дом. Модел XL разполага с просторна всекидневна с кухненски бокс, две спални и баня с тоалетна. Подробното разпределение можете да видите в пр...&lt;/p&gt;
            &lt;/div&gt;
        ]]&gt;</description>
      <Point>
        <coordinates>23.596,42.605266,0</coordinates>
      </Point>
    </Placemark>
    <Placemark>
      <name>Продава КЪЩА област София, с. Челопеч Обява: 1j178205403865325 (26 900 €)</name>
      <ExtendedData>
        <SchemaData schemaUrl="#PropertySchema">
          <SimpleData name="Price">26 900 €</SimpleData>
          <SimpleData name="Size">42 кв.м</SimpleData>
          <SimpleData name="URL">https://www.imot.bg/obiava-1j178205403865325-prodava-kashta-oblast-sofiya-s-chelopech</SimpleData>
        </SchemaData>
      </ExtendedData>
      <styleUrl>#style_red</styleUrl>
      <description>&lt;![CDATA[
            &lt;div style="font-family: sans-serif; max-width: 320px;"&gt;
                &lt;img src="https://imotstatic3.focus.bg/imot/photosimotbg/1/325//big/1j178205403865325_E3.jpg" style="width:100%; height:auto; max-height:220px; object-fit:cover; border-radius:6px; margin-bottom:12px;"/&gt;
                &lt;hr style="border:0; border-top:1px solid #ccc; margin:10px 0;"/&gt;
                &lt;p style="margin:4px 0;"&gt;&lt;b&gt;Matched:&lt;/b&gt; +отопление(+5)&lt;/p&gt;
                &lt;p style="margin:4px 0;"&gt;&lt;b&gt;Penalties:&lt;/b&gt; None&lt;/p&gt;
                &lt;hr style="border:0; border-top:1px solid #ccc; margin:10px 0;"/&gt;
                &lt;p style="margin-top:6px; color:#444;"&gt;&lt;b&gt;Description:&lt;/b&gt;&lt;/p&gt;
                &lt;p style="color:#555; font-size:13px; line-height:1.4;"&gt;Продава се съвременна къща 42 м² с две спални, подходяща за целогодишно живеене, ваканционен имот или втори дом. Модел XL разполага с просторна всекидневна с кухненски бокс, две спални и баня с тоалетна. Подробното разпределение можете да видите в пр...&lt;/p&gt;
            &lt;/div&gt;
        ]]&gt;</description>
      <Point>
        <coordinates>24.0850348,42.7001146,0</coordinates>
      </Point>
    </Placemark>
    <Placemark>
      <name>Продава КЪЩА област София, с. Новачене Обява: 1j172356708231269 (25 000 €)</name>
      <ExtendedData>
        <SchemaData schemaUrl="#PropertySchema">
          <SimpleData name="Price">25 000 €</SimpleData>
          <SimpleData name="Size">30 кв.м</SimpleData>
          <SimpleData name="URL">https://www.imot.bg/obiava-1j172356708231269-prodava-kashta-oblast-sofiya-s-novachene#playertag</SimpleData>
        </SchemaData>
      </ExtendedData>
      <styleUrl>#style_red</styleUrl>
      <description>&lt;![CDATA[
            &lt;div style="font-family: sans-serif; max-width: 320px;"&gt;
                &lt;img src="https://imotstatic1.focus.bg/imot/photosimotbg/1/269//big/1j172356708231269_Ix.jpg" style="width:100%; height:auto; max-height:220px; object-fit:cover; border-radius:6px; margin-bottom:12px;"/&gt;
                &lt;hr style="border:0; border-top:1px solid #ccc; margin:10px 0;"/&gt;
                &lt;p style="margin:4px 0;"&gt;&lt;b&gt;Matched:&lt;/b&gt; +двор(+4)&lt;/p&gt;
                &lt;p style="margin:4px 0;"&gt;&lt;b&gt;Penalties:&lt;/b&gt; None&lt;/p&gt;
                &lt;hr style="border:0; border-top:1px solid #ccc; margin:10px 0;"/&gt;
                &lt;p style="margin-top:6px; color:#444;"&gt;&lt;b&gt;Description:&lt;/b&gt;&lt;/p&gt;
                &lt;p style="color:#555; font-size:13px; line-height:1.4;"&gt;Просторен равен двор със стара къща, идеален за вашите бъдещи проекти! Къщата е за цялостен ремонт или разрушаване, предоставяйки възможност за ново начало. Дворът е с възможност за увеличение с още 130 кв.м, които вече се използват. Разположен е на ...&lt;/p&gt;
            &lt;/div&gt;
        ]]&gt;</description>
      <Point>
        <coordinates>23.730908,42.977571,0</coordinates>
      </Point>
    </Placemark>
    <Placemark>
      <name>Продава КЪЩА област София, гр. Годеч с.Каленовци Обява: 1j146858409774134 (25 000 €)</name>
      <ExtendedData>
        <SchemaData schemaUrl="#PropertySchema">
          <SimpleData name="Price">25 000 €</SimpleData>
          <SimpleData name="Size">28 кв.м</SimpleData>
          <SimpleData name="URL">https://www.imot.bg/obiava-1j146858409774134-prodava-kashta-oblast-sofiya-gr-godech-s-kalenovtsi</SimpleData>
        </SchemaData>
      </ExtendedData>
      <styleUrl>#style_red</styleUrl>
      <description>&lt;![CDATA[
            &lt;div style="font-family: sans-serif; max-width: 320px;"&gt;
                
                &lt;hr style="border:0; border-top:1px solid #ccc; margin:10px 0;"/&gt;
                &lt;p style="margin:4px 0;"&gt;&lt;b&gt;Matched:&lt;/b&gt; +двор(+4)&lt;/p&gt;
                &lt;p style="margin:4px 0;"&gt;&lt;b&gt;Penalties:&lt;/b&gt; None&lt;/p&gt;
                &lt;hr style="border:0; border-top:1px solid #ccc; margin:10px 0;"/&gt;
                &lt;p style="margin-top:6px; color:#444;"&gt;&lt;b&gt;Description:&lt;/b&gt;&lt;/p&gt;
                &lt;p style="color:#555; font-size:13px; line-height:1.4;"&gt;Едноетажна постройка за склад за материали.На улица. Изложение юг.Намира се в селото  Каленовци на 4 км. от Годеч.Двор от 1245 кв.м.има и помощна постройка....&lt;/p&gt;
            &lt;/div&gt;
        ]]&gt;</description>
      <Point>
        <coordinates>23.047466,43.015798,0</coordinates>
      </Point>
    </Placemark>
    <Placemark>
      <name>Продава КЪЩА област София, с. Рашково Обява: 1j178273355229815 (48 000 €)</name>
      <ExtendedData>
        <SchemaData schemaUrl="#PropertySchema">
          <SimpleData name="Price">48 000 €</SimpleData>
          <SimpleData name="Size">160 кв.м</SimpleData>
          <SimpleData name="URL">https://www.imot.bg/obiava-1j178273355229815-prodava-kashta-oblast-sofiya-s-rashkovo</SimpleData>
        </SchemaData>
      </ExtendedData>
      <styleUrl>#style_red</styleUrl>
      <description>&lt;![CDATA[
            &lt;div style="font-family: sans-serif; max-width: 320px;"&gt;
                &lt;img src="https://imotstatic3.focus.bg/imot/photosimotbg/1/815//big/1j178273355229815_nV.jpg" style="width:100%; height:auto; max-height:220px; object-fit:cover; border-radius:6px; margin-bottom:12px;"/&gt;
                &lt;hr style="border:0; border-top:1px solid #ccc; margin:10px 0;"/&gt;
                &lt;p style="margin:4px 0;"&gt;&lt;b&gt;Matched:&lt;/b&gt; +двор(+4)&lt;/p&gt;
                &lt;p style="margin:4px 0;"&gt;&lt;b&gt;Penalties:&lt;/b&gt; None&lt;/p&gt;
                &lt;hr style="border:0; border-top:1px solid #ccc; margin:10px 0;"/&gt;
                &lt;p style="margin-top:6px; color:#444;"&gt;&lt;b&gt;Description:&lt;/b&gt;&lt;/p&gt;
                &lt;p style="color:#555; font-size:13px; line-height:1.4;"&gt;От агенция за недвижими имоти ' Приоритет ' Ви представяме двуетажна къща за продажба с огромен двор към нея и допълнителна постройка!!! ДОПЪЛНИТЕЛНО ОПИСАНИЕ: Предлагаме за продажба двуетажна къща, разположена в тихото и спокойно село Рашково- общин...&lt;/p&gt;
            &lt;/div&gt;
        ]]&gt;</description>
      <Point>
        <coordinates>23.617815,43.008484,0</coordinates>
      </Point>
    </Placemark>
    <Placemark>
      <name>Продава КЪЩА област София, с. Новачене Обява: 1j172356708231269 (25 000 €)</name>
      <ExtendedData>
        <SchemaData schemaUrl="#PropertySchema">
          <SimpleData name="Price">25 000 €</SimpleData>
          <SimpleData name="Size">30 кв.м</SimpleData>
          <SimpleData name="URL">https://www.imot.bg/obiava-1j172356708231269-prodava-kashta-oblast-sofiya-s-novachene</SimpleData>
        </SchemaData>
      </ExtendedData>
      <styleUrl>#style_red</styleUrl>
      <description>&lt;![CDATA[
            &lt;div style="font-family: sans-serif; max-width: 320px;"&gt;
                &lt;img src="https://imotstatic1.focus.bg/imot/photosimotbg/1/269//big/1j172356708231269_Ix.jpg" style="width:100%; height:auto; max-height:220px; object-fit:cover; border-radius:6px; margin-bottom:12px;"/&gt;
                &lt;hr style="border:0; border-top:1px solid #ccc; margin:10px 0;"/&gt;
                &lt;p style="margin:4px 0;"&gt;&lt;b&gt;Matched:&lt;/b&gt; +двор(+4)&lt;/p&gt;
                &lt;p style="margin:4px 0;"&gt;&lt;b&gt;Penalties:&lt;/b&gt; None&lt;/p&gt;
                &lt;hr style="border:0; border-top:1px solid #ccc; margin:10px 0;"/&gt;
                &lt;p style="margin-top:6px; color:#444;"&gt;&lt;b&gt;Description:&lt;/b&gt;&lt;/p&gt;
                &lt;p style="color:#555; font-size:13px; line-height:1.4;"&gt;Просторен равен двор със стара къща, идеален за вашите бъдещи проекти! Къщата е за цялостен ремонт или разрушаване, предоставяйки възможност за ново начало. Дворът е с възможност за увеличение с още 130 кв.м, които вече се използват. Разположен е на ...&lt;/p&gt;
            &lt;/div&gt;
        ]]&gt;</description>
      <Point>
        <coordinates>23.730128,42.977571,0</coordinates>
      </Point>
    </Placemark>
    <Placemark>
      <name>Продава КЪЩА област София, гр. Ботевград Обява: 1j178783595546274 (48 000 €)</name>
      <ExtendedData>
        <SchemaData schemaUrl="#PropertySchema">
          <SimpleData name="Price">48 000 €</SimpleData>
          <SimpleData name="Size">160 кв.м</SimpleData>
          <SimpleData name="URL">https://www.imot.bg/obiava-1j178783595546274-prodava-kashta-oblast-sofiya-gr-botevgrad</SimpleData>
        </SchemaData>
      </ExtendedData>
      <styleUrl>#style_red</styleUrl>
      <description>&lt;![CDATA[
            &lt;div style="font-family: sans-serif; max-width: 320px;"&gt;
                &lt;img src="https://imotstatic1.focus.bg/imot/photosimotbg/1/274//big/1j178783595546274_VX.jpg" style="width:100%; height:auto; max-height:220px; object-fit:cover; border-radius:6px; margin-bottom:12px;"/&gt;
                &lt;hr style="border:0; border-top:1px solid #ccc; margin:10px 0;"/&gt;
                &lt;p style="margin:4px 0;"&gt;&lt;b&gt;Matched:&lt;/b&gt; +двор(+4)&lt;/p&gt;
                &lt;p style="margin:4px 0;"&gt;&lt;b&gt;Penalties:&lt;/b&gt; None&lt;/p&gt;
                &lt;hr style="border:0; border-top:1px solid #ccc; margin:10px 0;"/&gt;
                &lt;p style="margin-top:6px; color:#444;"&gt;&lt;b&gt;Description:&lt;/b&gt;&lt;/p&gt;
                &lt;p style="color:#555; font-size:13px; line-height:1.4;"&gt;От агенция за недвижими имоти ' Приоритет ' Ви представяме двуетажна къща за продажба с огромен двор към нея и допълнителна постройка в с.Рашково само на 20 километра от град Ботевград!!! ДОПЪЛНИТЕЛНО ОПИСАНИЕ: Предлагаме за продажба двуетажна къща, ...&lt;/p&gt;
            &lt;/div&gt;
        ]]&gt;</description>
      <Point>
        <coordinates>23.7929451,42.9078544,0</coordinates>
      </Point>
    </Placemark>
    <Placemark>
      <name>Продава ВИЛА област София, с. Луково Обява: 1k178733758795098 (35 000 €)</name>
      <ExtendedData>
        <SchemaData schemaUrl="#PropertySchema">
          <SimpleData name="Price">35 000 €</SimpleData>
          <SimpleData name="Size">100 кв.м</SimpleData>
          <SimpleData name="URL">https://www.imot.bg/obiava-1k178733758795098-prodava-vila-oblast-sofiya-s-lukovo</SimpleData>
        </SchemaData>
      </ExtendedData>
      <styleUrl>#style_red</styleUrl>
      <description>&lt;![CDATA[
            &lt;div style="font-family: sans-serif; max-width: 320px;"&gt;
                &lt;img src="https://imotstatic2.focus.bg/imot/photosimotbg/1/098//big/1k178733758795098_aC.jpg" style="width:100%; height:auto; max-height:220px; object-fit:cover; border-radius:6px; margin-bottom:12px;"/&gt;
                &lt;hr style="border:0; border-top:1px solid #ccc; margin:10px 0;"/&gt;
                &lt;p style="margin:4px 0;"&gt;&lt;b&gt;Matched:&lt;/b&gt; +двор(+4)&lt;/p&gt;
                &lt;p style="margin:4px 0;"&gt;&lt;b&gt;Penalties:&lt;/b&gt; None&lt;/p&gt;
                &lt;hr style="border:0; border-top:1px solid #ccc; margin:10px 0;"/&gt;
                &lt;p style="margin-top:6px; color:#444;"&gt;&lt;b&gt;Description:&lt;/b&gt;&lt;/p&gt;
                &lt;p style="color:#555; font-size:13px; line-height:1.4;"&gt;BULGARIA REAL ESTATE Ви предлагa Прекрасна вила за продажба в с. Луково, област София ID 6613 Цена: 35 000 Площ: 100 кв.м Стаи: 5 Спални: 3 Балкони: 2 Баня с тоалетна: 1 Предлагаме ви чудесна възможност да притежавате вила, разположена в красивото и ...&lt;/p&gt;
            &lt;/div&gt;
        ]]&gt;</description>
      <Point>
        <coordinates>23.408664,42.872965,0</coordinates>
      </Point>
    </Placemark>
    <Placemark>
      <name>Продава КЪЩА област София, с. Гинци Обява: 1j178653833603026 (45 000 €)</name>
      <ExtendedData>
        <SchemaData schemaUrl="#PropertySchema">
          <SimpleData name="Price">45 000 €</SimpleData>
          <SimpleData name="Size">730 кв.м</SimpleData>
          <SimpleData name="URL">https://www.imot.bg/obiava-1j178653833603026-prodava-kashta-oblast-sofiya-s-gintsi</SimpleData>
        </SchemaData>
      </ExtendedData>
      <styleUrl>#style_red</styleUrl>
      <description>&lt;![CDATA[
            &lt;div style="font-family: sans-serif; max-width: 320px;"&gt;
                &lt;img src="https://imotstatic3.focus.bg/imot/photosimotbg/1/026//big/1j178653833603026_We.jpg" style="width:100%; height:auto; max-height:220px; object-fit:cover; border-radius:6px; margin-bottom:12px;"/&gt;
                &lt;hr style="border:0; border-top:1px solid #ccc; margin:10px 0;"/&gt;
                &lt;p style="margin:4px 0;"&gt;&lt;b&gt;Matched:&lt;/b&gt; +двор(+4)&lt;/p&gt;
                &lt;p style="margin:4px 0;"&gt;&lt;b&gt;Penalties:&lt;/b&gt; None&lt;/p&gt;
                &lt;hr style="border:0; border-top:1px solid #ccc; margin:10px 0;"/&gt;
                &lt;p style="margin-top:6px; color:#444;"&gt;&lt;b&gt;Description:&lt;/b&gt;&lt;/p&gt;
                &lt;p style="color:#555; font-size:13px; line-height:1.4;"&gt;КЪЩА С ГЛЕДКА В С. ГИНЦИ !!! СПОКОЙСТВИЕ !!! ЧИСТ ВЪЗДУХ И ПРИРОДА!!! Home2U Ви представя чудесна възможност да притежавате дом в едно от най-красивите и спокойни села в района на Западна Стара планина- с. Гинци. Имотът е подходящ както за постоянно ...&lt;/p&gt;
            &lt;/div&gt;
        ]]&gt;</description>
      <Point>
        <coordinates>23.108167,43.072463,0</coordinates>
      </Point>
    </Placemark>
    <Placemark>
      <name>Продава КЪЩА област София, с. Владо Тричков Обява: 1j174558733112401 (34 500 €)</name>
      <ExtendedData>
        <SchemaData schemaUrl="#PropertySchema">
          <SimpleData name="Price">34 500 €</SimpleData>
          <SimpleData name="Size">32 кв.м</SimpleData>
          <SimpleData name="URL">https://www.imot.bg/obiava-1j174558733112401-prodava-kashta-oblast-sofiya-s-vlado-trichkov</SimpleData>
        </SchemaData>
      </ExtendedData>
      <styleUrl>#style_red</styleUrl>
      <description>&lt;![CDATA[
            &lt;div style="font-family: sans-serif; max-width: 320px;"&gt;
                &lt;img src="https://imotstatic2.focus.bg/imot/photosimotbg/1/401//big/1j174558733112401_4r.jpg" style="width:100%; height:auto; max-height:220px; object-fit:cover; border-radius:6px; margin-bottom:12px;"/&gt;
                &lt;hr style="border:0; border-top:1px solid #ccc; margin:10px 0;"/&gt;
                &lt;p style="margin:4px 0;"&gt;&lt;b&gt;Matched:&lt;/b&gt; +двор(+4)&lt;/p&gt;
                &lt;p style="margin:4px 0;"&gt;&lt;b&gt;Penalties:&lt;/b&gt; None&lt;/p&gt;
                &lt;hr style="border:0; border-top:1px solid #ccc; margin:10px 0;"/&gt;
                &lt;p style="margin-top:6px; color:#444;"&gt;&lt;b&gt;Description:&lt;/b&gt;&lt;/p&gt;
                &lt;p style="color:#555; font-size:13px; line-height:1.4;"&gt;Компания `ЕКС` представя на Вашето внимание къща в с. Владо Тричков. МЕСТОПОЛОЖЕНИЕ: Намира се на 19 км. от град София. СТРОИТЕЛСТВО: Къща от 1990г. РАЗПРЕДЕЛЕНИЕ: Къщата разполага с площ от 32 кв.м. рапределена в три стаи. ДВОР: 565 кв.м. СЪСТОЯНИЕ:...&lt;/p&gt;
            &lt;/div&gt;
        ]]&gt;</description>
      <Point>
        <coordinates>23.364864,42.863916,0</coordinates>
      </Point>
    </Placemark>
    <Placemark>
      <name>Продава КЪЩА област София, гр. Своге Обява: 1j175171836594901 (32 000 €)</name>
      <ExtendedData>
        <SchemaData schemaUrl="#PropertySchema">
          <SimpleData name="Price">32 000 €</SimpleData>
          <SimpleData name="Size">80 кв.м</SimpleData>
          <SimpleData name="URL">https://www.imot.bg/obiava-1j175171836594901-prodava-kashta-oblast-sofiya-gr-svoge</SimpleData>
        </SchemaData>
      </ExtendedData>
      <styleUrl>#style_red</styleUrl>
      <description>&lt;![CDATA[
            &lt;div style="font-family: sans-serif; max-width: 320px;"&gt;
                &lt;img src="https://cdn3.focus.bg/imot/photosimotbg/1/901//big/1j175171836594901_wY.jpg" style="width:100%; height:auto; max-height:220px; object-fit:cover; border-radius:6px; margin-bottom:12px;"/&gt;
                &lt;hr style="border:0; border-top:1px solid #ccc; margin:10px 0;"/&gt;
                &lt;p style="margin:4px 0;"&gt;&lt;b&gt;Matched:&lt;/b&gt; +панорама(+4)&lt;/p&gt;
                &lt;p style="margin:4px 0;"&gt;&lt;b&gt;Penalties:&lt;/b&gt; None&lt;/p&gt;
                &lt;hr style="border:0; border-top:1px solid #ccc; margin:10px 0;"/&gt;
                &lt;p style="margin-top:6px; color:#444;"&gt;&lt;b&gt;Description:&lt;/b&gt;&lt;/p&gt;
                &lt;p style="color:#555; font-size:13px; line-height:1.4;"&gt;Вила във вилната зона на град Своге - Остриката . Има 4 стаи и навес . Двор1200 кв.м.  Панорама . Чист въздух . 400 м черен път . Вход от две улици . Изключителни права ....&lt;/p&gt;
            &lt;/div&gt;
        ]]&gt;</description>
      <Point>
        <coordinates>23.347804,42.959873,0</coordinates>
      </Point>
    </Placemark>
    <Placemark>
      <name>Продава КЪЩА област София, с. Дреново Обява: 1j178739690594523 (39 000 €)</name>
      <ExtendedData>
        <SchemaData schemaUrl="#PropertySchema">
          <SimpleData name="Price">39 000 €</SimpleData>
          <SimpleData name="Size">30 кв.м</SimpleData>
          <SimpleData name="URL">https://www.imot.bg/obiava-1j178739690594523-prodava-kashta-oblast-sofiya-s-drenovo</SimpleData>
        </SchemaData>
      </ExtendedData>
      <styleUrl>#style_red</styleUrl>
      <description>&lt;![CDATA[
            &lt;div style="font-family: sans-serif; max-width: 320px;"&gt;
                &lt;img src="https://cdn3.focus.bg/imot/photosimotbg/1/523//big/1j178739690594523_Np.jpg" style="width:100%; height:auto; max-height:220px; object-fit:cover; border-radius:6px; margin-bottom:12px;"/&gt;
                &lt;hr style="border:0; border-top:1px solid #ccc; margin:10px 0;"/&gt;
                &lt;p style="margin:4px 0;"&gt;&lt;b&gt;Matched:&lt;/b&gt; +двор(+4)&lt;/p&gt;
                &lt;p style="margin:4px 0;"&gt;&lt;b&gt;Penalties:&lt;/b&gt; None&lt;/p&gt;
                &lt;hr style="border:0; border-top:1px solid #ccc; margin:10px 0;"/&gt;
                &lt;p style="margin-top:6px; color:#444;"&gt;&lt;b&gt;Description:&lt;/b&gt;&lt;/p&gt;
                &lt;p style="color:#555; font-size:13px; line-height:1.4;"&gt;Сердика 1 недвижими имоти предлага имот с голям потенциал в спокойната зона на с. Дреново. Със своите 588 кв.м двор с денивелация в единия му край. Има сепрична яма в двора. Това е идеалното място за хора с визия, които искат да създадат своя уютен к...&lt;/p&gt;
            &lt;/div&gt;
        ]]&gt;</description>
      <Point>
        <coordinates>23.1823952,42.9507319,0</coordinates>
      </Point>
    </Placemark>
    <Placemark>
      <name>Продава КЪЩА област София, с. Дружево Обява: 1j177988794220451 (43 000 €)</name>
      <ExtendedData>
        <SchemaData schemaUrl="#PropertySchema">
          <SimpleData name="Price">43 000 €</SimpleData>
          <SimpleData name="Size">130 кв.м</SimpleData>
          <SimpleData name="URL">https://www.imot.bg/obiava-1j177988794220451-prodava-kashta-oblast-sofiya-s-druzhevo</SimpleData>
        </SchemaData>
      </ExtendedData>
      <styleUrl>#style_red</styleUrl>
      <description>&lt;![CDATA[
            &lt;div style="font-family: sans-serif; max-width: 320px;"&gt;
                &lt;img src="https://imotstatic1.focus.bg/imot/photosimotbg/1/451//big/1j177988794220451_q4.jpg" style="width:100%; height:auto; max-height:220px; object-fit:cover; border-radius:6px; margin-bottom:12px;"/&gt;
                &lt;hr style="border:0; border-top:1px solid #ccc; margin:10px 0;"/&gt;
                &lt;p style="margin:4px 0;"&gt;&lt;b&gt;Matched:&lt;/b&gt; +двор(+4)&lt;/p&gt;
                &lt;p style="margin:4px 0;"&gt;&lt;b&gt;Penalties:&lt;/b&gt; None&lt;/p&gt;
                &lt;hr style="border:0; border-top:1px solid #ccc; margin:10px 0;"/&gt;
                &lt;p style="margin-top:6px; color:#444;"&gt;&lt;b&gt;Description:&lt;/b&gt;&lt;/p&gt;
                &lt;p style="color:#555; font-size:13px; line-height:1.4;"&gt;СЕЛСКИ ИМОТ - с. Дружево, община Своге, област София, къща - тухла, плоча, 2 етажа, строена 1979 г., ЗП - 65 кв.м., РЗП - 130 кв.м., състояща се от: 1-ви етаж - кухня с трапезария и две стаи, 2-ри етаж - дневна и две спални, голяма панорамна тераса, ...&lt;/p&gt;
            &lt;/div&gt;
        ]]&gt;</description>
      <Point>
        <coordinates>23.35692,43.138725,0</coordinates>
      </Point>
    </Placemark>
    <Placemark>
      <name>Продава КЪЩА област София, с. Лесковдол Обява: 1j173151569941815 (37 000 €)</name>
      <ExtendedData>
        <SchemaData schemaUrl="#PropertySchema">
          <SimpleData name="Price">37 000 €</SimpleData>
          <SimpleData name="Size">90 кв.м</SimpleData>
          <SimpleData name="URL">https://www.imot.bg/obiava-1j173151569941815-prodava-kashta-oblast-sofiya-s-leskovdol</SimpleData>
        </SchemaData>
      </ExtendedData>
      <styleUrl>#style_red</styleUrl>
      <description>&lt;![CDATA[
            &lt;div style="font-family: sans-serif; max-width: 320px;"&gt;
                &lt;img src="https://imotstatic2.focus.bg/imot/photosimotbg/1/815//big/1j173151569941815_TU.jpg" style="width:100%; height:auto; max-height:220px; object-fit:cover; border-radius:6px; margin-bottom:12px;"/&gt;
                &lt;hr style="border:0; border-top:1px solid #ccc; margin:10px 0;"/&gt;
                &lt;p style="margin:4px 0;"&gt;&lt;b&gt;Matched:&lt;/b&gt; +двор(+4)&lt;/p&gt;
                &lt;p style="margin:4px 0;"&gt;&lt;b&gt;Penalties:&lt;/b&gt; None&lt;/p&gt;
                &lt;hr style="border:0; border-top:1px solid #ccc; margin:10px 0;"/&gt;
                &lt;p style="margin-top:6px; color:#444;"&gt;&lt;b&gt;Description:&lt;/b&gt;&lt;/p&gt;
                &lt;p style="color:#555; font-size:13px; line-height:1.4;"&gt;Масивна триетажна къща на центъра на селото.Достъп целогодишен.Съседи целогодишно живущи.Партер вкопан  три помешения.1 етаж кухня,хол,спалня ,тераса и входно антре.  външни стълби -2 етаж едно цяло помещение със леко  скосяване от едната страна. Дво...&lt;/p&gt;
            &lt;/div&gt;
        ]]&gt;</description>
      <Point>
        <coordinates>23.438385,42.97752,0</coordinates>
      </Point>
    </Placemark>
    <Placemark>
      <name>Продава КЪЩА област София, с. Дружево Обява: 1j178291566687092 (44 900 €)</name>
      <ExtendedData>
        <SchemaData schemaUrl="#PropertySchema">
          <SimpleData name="Price">44 900 €</SimpleData>
          <SimpleData name="Size">130 кв.м</SimpleData>
          <SimpleData name="URL">https://www.imot.bg/obiava-1j178291566687092-prodava-kashta-oblast-sofiya-s-druzhevo</SimpleData>
        </SchemaData>
      </ExtendedData>
      <styleUrl>#style_red</styleUrl>
      <description>&lt;![CDATA[
            &lt;div style="font-family: sans-serif; max-width: 320px;"&gt;
                &lt;img src="https://cdn3.focus.bg/imot/photosimotbg/1/092//big/1j178291566687092_pf.jpg" style="width:100%; height:auto; max-height:220px; object-fit:cover; border-radius:6px; margin-bottom:12px;"/&gt;
                &lt;hr style="border:0; border-top:1px solid #ccc; margin:10px 0;"/&gt;
                &lt;p style="margin:4px 0;"&gt;&lt;b&gt;Matched:&lt;/b&gt; +двор(+4)&lt;/p&gt;
                &lt;p style="margin:4px 0;"&gt;&lt;b&gt;Penalties:&lt;/b&gt; None&lt;/p&gt;
                &lt;hr style="border:0; border-top:1px solid #ccc; margin:10px 0;"/&gt;
                &lt;p style="margin-top:6px; color:#444;"&gt;&lt;b&gt;Description:&lt;/b&gt;&lt;/p&gt;
                &lt;p style="color:#555; font-size:13px; line-height:1.4;"&gt;ЕРА Фаворит продава ексклузивно двуетажна къща с двор в село Дружево, София област. Квадратурата на всеки етаж е 65 кв. м., големината на двора е 744 кв. м.  Разпределението на първия етаж е входно антре, веранда от 16 кв. м., кухня с трапезария, две...&lt;/p&gt;
            &lt;/div&gt;
        ]]&gt;</description>
      <Point>
        <coordinates>23.35614,43.138725,0</coordinates>
      </Point>
    </Placemark>
    <Placemark>
      <name>Продава КЪЩА област София, с. Реброво Брестово Обява: 1j176977681507600 (31 000 €)</name>
      <ExtendedData>
        <SchemaData schemaUrl="#PropertySchema">
          <SimpleData name="Price">31 000 €</SimpleData>
          <SimpleData name="Size">250 кв.м</SimpleData>
          <SimpleData name="URL">https://www.imot.bg/obiava-1j176977681507600-prodava-kashta-oblast-sofiya-s-rebrovo-brestovo</SimpleData>
        </SchemaData>
      </ExtendedData>
      <styleUrl>#style_red</styleUrl>
      <description>&lt;![CDATA[
            &lt;div style="font-family: sans-serif; max-width: 320px;"&gt;
                &lt;img src="https://cdn3.focus.bg/imot/photosimotbg/1/600//big/1j176977681507600_57.jpg" style="width:100%; height:auto; max-height:220px; object-fit:cover; border-radius:6px; margin-bottom:12px;"/&gt;
                &lt;hr style="border:0; border-top:1px solid #ccc; margin:10px 0;"/&gt;
                &lt;p style="margin:4px 0;"&gt;&lt;b&gt;Matched:&lt;/b&gt; +двор(+4)&lt;/p&gt;
                &lt;p style="margin:4px 0;"&gt;&lt;b&gt;Penalties:&lt;/b&gt; None&lt;/p&gt;
                &lt;hr style="border:0; border-top:1px solid #ccc; margin:10px 0;"/&gt;
                &lt;p style="margin-top:6px; color:#444;"&gt;&lt;b&gt;Description:&lt;/b&gt;&lt;/p&gt;
                &lt;p style="color:#555; font-size:13px; line-height:1.4;"&gt;Къща с двор в с.Реброво,махала Брестово.За повече информация:Димо Точков:0886505060...&lt;/p&gt;
            &lt;/div&gt;
        ]]&gt;</description>
      <Point>
        <coordinates>23.399922,42.903161,0</coordinates>
      </Point>
    </Placemark>
    <Placemark>
      <name>Продава КЪЩА област София, с. Свидня Обява: 1j178541148579304 (35 000 €)</name>
      <ExtendedData>
        <SchemaData schemaUrl="#PropertySchema">
          <SimpleData name="Price">35 000 €</SimpleData>
          <SimpleData name="Size">30 кв.м</SimpleData>
          <SimpleData name="URL">https://www.imot.bg/obiava-1j178541148579304-prodava-kashta-oblast-sofiya-s-svidnya</SimpleData>
        </SchemaData>
      </ExtendedData>
      <styleUrl>#style_red</styleUrl>
      <description>&lt;![CDATA[
            &lt;div style="font-family: sans-serif; max-width: 320px;"&gt;
                &lt;img src="https://imotstatic2.focus.bg/imot/photosimotbg/1/304//big/1j178541148579304_9P.jpg" style="width:100%; height:auto; max-height:220px; object-fit:cover; border-radius:6px; margin-bottom:12px;"/&gt;
                &lt;hr style="border:0; border-top:1px solid #ccc; margin:10px 0;"/&gt;
                &lt;p style="margin:4px 0;"&gt;&lt;b&gt;Matched:&lt;/b&gt; +двор(+4)&lt;/p&gt;
                &lt;p style="margin:4px 0;"&gt;&lt;b&gt;Penalties:&lt;/b&gt; None&lt;/p&gt;
                &lt;hr style="border:0; border-top:1px solid #ccc; margin:10px 0;"/&gt;
                &lt;p style="margin-top:6px; color:#444;"&gt;&lt;b&gt;Description:&lt;/b&gt;&lt;/p&gt;
                &lt;p style="color:#555; font-size:13px; line-height:1.4;"&gt;Село Свидня е предпочитано място за хора, които търсят спокойствие, чист въздух и близост до природата, без да се лишават от удобствата на ежедневието. Намира се в застроен и обитаем район с целогодишно живеещи съседи. Населеното място разполага с хр...&lt;/p&gt;
            &lt;/div&gt;
        ]]&gt;</description>
      <Point>
        <coordinates>23.297902,42.968707,0</coordinates>
      </Point>
    </Placemark>
    <Placemark>
      <name>Продава КЪЩА област София, с. Свидня Обява: 1j175690206516662 (49 000 €)</name>
      <ExtendedData>
        <SchemaData schemaUrl="#PropertySchema">
          <SimpleData name="Price">49 000 €</SimpleData>
          <SimpleData name="Size">120 кв.м</SimpleData>
          <SimpleData name="URL">https://www.imot.bg/obiava-1j175690206516662-prodava-kashta-oblast-sofiya-s-svidnya</SimpleData>
        </SchemaData>
      </ExtendedData>
      <styleUrl>#style_red</styleUrl>
      <description>&lt;![CDATA[
            &lt;div style="font-family: sans-serif; max-width: 320px;"&gt;
                &lt;img src="https://imotstatic1.focus.bg/imot/photosimotbg/1/662//big/1j175690206516662_ez.jpg" style="width:100%; height:auto; max-height:220px; object-fit:cover; border-radius:6px; margin-bottom:12px;"/&gt;
                &lt;hr style="border:0; border-top:1px solid #ccc; margin:10px 0;"/&gt;
                &lt;p style="margin:4px 0;"&gt;&lt;b&gt;Matched:&lt;/b&gt; +двор(+4)&lt;/p&gt;
                &lt;p style="margin:4px 0;"&gt;&lt;b&gt;Penalties:&lt;/b&gt; None&lt;/p&gt;
                &lt;hr style="border:0; border-top:1px solid #ccc; margin:10px 0;"/&gt;
                &lt;p style="margin-top:6px; color:#444;"&gt;&lt;b&gt;Description:&lt;/b&gt;&lt;/p&gt;
                &lt;p style="color:#555; font-size:13px; line-height:1.4;"&gt;Предлагаме на Вашето внимание къща близнак с изцяло самостоятелен двор и партиди, находяща в с.Свидня на 5 километра от гр. Своге. Имотът се намира непосредствено до центъра на село, в близост до няколко хранителни магазина, ресторант, детска градина...&lt;/p&gt;
            &lt;/div&gt;
        ]]&gt;</description>
      <Point>
        <coordinates>23.297902,42.968985,0</coordinates>
      </Point>
    </Placemark>
    <Placemark>
      <name>Продава КЪЩА област София, с. Реброво Обява: 1j177314753118276 (49 000 €)</name>
      <ExtendedData>
        <SchemaData schemaUrl="#PropertySchema">
          <SimpleData name="Price">49 000 €</SimpleData>
          <SimpleData name="Size">80 кв.м</SimpleData>
          <SimpleData name="URL">https://www.imot.bg/obiava-1j177314753118276-prodava-kashta-oblast-sofiya-s-rebrovo</SimpleData>
        </SchemaData>
      </ExtendedData>
      <styleUrl>#style_red</styleUrl>
      <description>&lt;![CDATA[
            &lt;div style="font-family: sans-serif; max-width: 320px;"&gt;
                &lt;img src="https://imotstatic1.focus.bg/imot/photosimotbg/1/276//big/1j177314753118276_Pc.jpg" style="width:100%; height:auto; max-height:220px; object-fit:cover; border-radius:6px; margin-bottom:12px;"/&gt;
                &lt;hr style="border:0; border-top:1px solid #ccc; margin:10px 0;"/&gt;
                &lt;p style="margin:4px 0;"&gt;&lt;b&gt;Matched:&lt;/b&gt; +вода(+10), +кладенец(+5), +двор(+4)&lt;/p&gt;
                &lt;p style="margin:4px 0;"&gt;&lt;b&gt;Penalties:&lt;/b&gt; за ремонт(-15)&lt;/p&gt;
                &lt;hr style="border:0; border-top:1px solid #ccc; margin:10px 0;"/&gt;
                &lt;p style="margin-top:6px; color:#444;"&gt;&lt;b&gt;Description:&lt;/b&gt;&lt;/p&gt;
                &lt;p style="color:#555; font-size:13px; line-height:1.4;"&gt;HomeLife Point ви предлага вила в гората с бърз достъп от главен път София - Своге, на 40 км. от столицата за продажба. Имота се намира във вилна зона над с. Реброво с достъп по черен път. Строена през 1970 г., масивна постройка на два етажа и таванс...&lt;/p&gt;
            &lt;/div&gt;
        ]]&gt;</description>
      <Point>
        <coordinates>23.400009,42.90278,0</coordinates>
      </Point>
    </Placemark>
    <Placemark>
      <name>Продава КЪЩА област София, с. Радотина Обява: 1j174547704815796 (28 000 €)</name>
      <ExtendedData>
        <SchemaData schemaUrl="#PropertySchema">
          <SimpleData name="Price">28 000 €</SimpleData>
          <SimpleData name="Size">70 кв.м</SimpleData>
          <SimpleData name="URL">https://www.imot.bg/obiava-1j174547704815796-prodava-kashta-oblast-sofiya-s-radotina</SimpleData>
        </SchemaData>
      </ExtendedData>
      <styleUrl>#style_red</styleUrl>
      <description>&lt;![CDATA[
            &lt;div style="font-family: sans-serif; max-width: 320px;"&gt;
                &lt;img src="https://imotstatic3.focus.bg/imot/photosimotbg/1/796//big/1j174547704815796_Br.jpg" style="width:100%; height:auto; max-height:220px; object-fit:cover; border-radius:6px; margin-bottom:12px;"/&gt;
                &lt;hr style="border:0; border-top:1px solid #ccc; margin:10px 0;"/&gt;
                &lt;p style="margin:4px 0;"&gt;&lt;b&gt;Matched:&lt;/b&gt; +двор(+4)&lt;/p&gt;
                &lt;p style="margin:4px 0;"&gt;&lt;b&gt;Penalties:&lt;/b&gt; None&lt;/p&gt;
                &lt;hr style="border:0; border-top:1px solid #ccc; margin:10px 0;"/&gt;
                &lt;p style="margin-top:6px; color:#444;"&gt;&lt;b&gt;Description:&lt;/b&gt;&lt;/p&gt;
                &lt;p style="color:#555; font-size:13px; line-height:1.4;"&gt;Предлагаме ви стара едноетажна къща в централната част на село Радотина с двор от 700кв.м....&lt;/p&gt;
            &lt;/div&gt;
        ]]&gt;</description>
      <Point>
        <coordinates>23.635034,42.992378,0</coordinates>
      </Point>
    </Placemark>
    <Placemark>
      <name>Продава КЪЩА област София, с. Равна Обява: 1j177789205557806 (49 999 €)</name>
      <ExtendedData>
        <SchemaData schemaUrl="#PropertySchema">
          <SimpleData name="Price">49 999 €</SimpleData>
          <SimpleData name="Size">50 кв.м</SimpleData>
          <SimpleData name="URL">https://www.imot.bg/obiava-1j177789205557806-prodava-kashta-oblast-sofiya-s-ravna</SimpleData>
        </SchemaData>
      </ExtendedData>
      <styleUrl>#style_red</styleUrl>
      <description>&lt;![CDATA[
            &lt;div style="font-family: sans-serif; max-width: 320px;"&gt;
                &lt;img src="https://imotstatic2.focus.bg/imot/photosimotbg/1/806//big/1j177789205557806_ye.jpg" style="width:100%; height:auto; max-height:220px; object-fit:cover; border-radius:6px; margin-bottom:12px;"/&gt;
                &lt;hr style="border:0; border-top:1px solid #ccc; margin:10px 0;"/&gt;
                &lt;p style="margin:4px 0;"&gt;&lt;b&gt;Matched:&lt;/b&gt; +двор(+4)&lt;/p&gt;
                &lt;p style="margin:4px 0;"&gt;&lt;b&gt;Penalties:&lt;/b&gt; None&lt;/p&gt;
                &lt;hr style="border:0; border-top:1px solid #ccc; margin:10px 0;"/&gt;
                &lt;p style="margin-top:6px; color:#444;"&gt;&lt;b&gt;Description:&lt;/b&gt;&lt;/p&gt;
                &lt;p style="color:#555; font-size:13px; line-height:1.4;"&gt;Продавам вилен имот в годечкото село Равна, отстоящо на 57 километра от София. Предимства: - Голям парцел; - Съчетание на простор, тишина и пленителни гледки към борова гора; - Изцяло асфалтов достъп; - Без малцинства; - Читави съседи; - Привлекателн...&lt;/p&gt;
            &lt;/div&gt;
        ]]&gt;</description>
      <Point>
        <coordinates>23.0112784,43.0465233,0</coordinates>
      </Point>
    </Placemark>
    <Placemark>
      <name>Продава КЪЩА област София, с. Радотина Обява: 1j173797710102821 (27 500 €)</name>
      <ExtendedData>
        <SchemaData schemaUrl="#PropertySchema">
          <SimpleData name="Price">27 500 €</SimpleData>
          <SimpleData name="Size">70 кв.м</SimpleData>
          <SimpleData name="URL">https://www.imot.bg/obiava-1j173797710102821-prodava-kashta-oblast-sofiya-s-radotina</SimpleData>
        </SchemaData>
      </ExtendedData>
      <styleUrl>#style_red</styleUrl>
      <description>&lt;![CDATA[
            &lt;div style="font-family: sans-serif; max-width: 320px;"&gt;
                &lt;img src="https://imotstatic4.focus.bg/imot/photosimotbg/1/821//big/1j173797710102821_Yc.jpg" style="width:100%; height:auto; max-height:220px; object-fit:cover; border-radius:6px; margin-bottom:12px;"/&gt;
                &lt;hr style="border:0; border-top:1px solid #ccc; margin:10px 0;"/&gt;
                &lt;p style="margin:4px 0;"&gt;&lt;b&gt;Matched:&lt;/b&gt; +двор(+4)&lt;/p&gt;
                &lt;p style="margin:4px 0;"&gt;&lt;b&gt;Penalties:&lt;/b&gt; None&lt;/p&gt;
                &lt;hr style="border:0; border-top:1px solid #ccc; margin:10px 0;"/&gt;
                &lt;p style="margin-top:6px; color:#444;"&gt;&lt;b&gt;Description:&lt;/b&gt;&lt;/p&gt;
                &lt;p style="color:#555; font-size:13px; line-height:1.4;"&gt;Предлага се за продажба едноетажна къща с двор и второстепенна постройка в централната част на с.Радотина. Къщата е с площ 70 кв.м. и се състои от: дневна част с трапезария и огнище, кухненски бокс, мокро помещение с баня, две стаи и веранда с външна...&lt;/p&gt;
            &lt;/div&gt;
        ]]&gt;</description>
      <Point>
        <coordinates>23.634505,42.992378,0</coordinates>
      </Point>
    </Placemark>
    <Placemark>
      <name>Продава ВИЛА област София, гр. Златица Обява: 1k178420133799473 (50 000 €)</name>
      <ExtendedData>
        <SchemaData schemaUrl="#PropertySchema">
          <SimpleData name="Price">50 000 €</SimpleData>
          <SimpleData name="Size">75 кв.м</SimpleData>
          <SimpleData name="URL">https://www.imot.bg/obiava-1k178420133799473-prodava-vila-oblast-sofiya-gr-zlatitsa</SimpleData>
        </SchemaData>
      </ExtendedData>
      <styleUrl>#style_red</styleUrl>
      <description>&lt;![CDATA[
            &lt;div style="font-family: sans-serif; max-width: 320px;"&gt;
                &lt;img src="https://imotstatic1.focus.bg/imot/photosimotbg/1/473//big/1k178420133799473_v0.jpg" style="width:100%; height:auto; max-height:220px; object-fit:cover; border-radius:6px; margin-bottom:12px;"/&gt;
                &lt;hr style="border:0; border-top:1px solid #ccc; margin:10px 0;"/&gt;
                &lt;p style="margin:4px 0;"&gt;&lt;b&gt;Matched:&lt;/b&gt; +двор(+4)&lt;/p&gt;
                &lt;p style="margin:4px 0;"&gt;&lt;b&gt;Penalties:&lt;/b&gt; None&lt;/p&gt;
                &lt;hr style="border:0; border-top:1px solid #ccc; margin:10px 0;"/&gt;
                &lt;p style="margin-top:6px; color:#444;"&gt;&lt;b&gt;Description:&lt;/b&gt;&lt;/p&gt;
                &lt;p style="color:#555; font-size:13px; line-height:1.4;"&gt;ВИЛА В ПОДНОЖИЕТО НА СТАРА ПЛАНИНА! ГОЛЯМ ДВОР! СПОКОЙСТВИЕ И ЧИСТ ВЪЗДУХ! Home2U представя на Вашето внимание чудесна вила, разположена във вилната зона на гр. Златица   място, което съчетава тишина, чист планински въздух и впечатляващи гледки към С...&lt;/p&gt;
            &lt;/div&gt;
        ]]&gt;</description>
      <Point>
        <coordinates>24.1389525,42.7116955,0</coordinates>
      </Point>
    </Placemark>
    <Placemark>
      <name>Продава ВИЛА област София, гр. Драгоман Драгоил Обява: 1k177399331960476 (50 000 €)</name>
      <ExtendedData>
        <SchemaData schemaUrl="#PropertySchema">
          <SimpleData name="Price">50 000 €</SimpleData>
          <SimpleData name="Size">80 кв.м</SimpleData>
          <SimpleData name="URL">https://www.imot.bg/obiava-1k177399331960476-prodava-vila-oblast-sofiya-gr-dragoman-dragoil</SimpleData>
        </SchemaData>
      </ExtendedData>
      <styleUrl>#style_red</styleUrl>
      <description>&lt;![CDATA[
            &lt;div style="font-family: sans-serif; max-width: 320px;"&gt;
                &lt;img src="https://imotstatic2.focus.bg/imot/photosimotbg/1/476//big/1k177399331960476_VP.jpg" style="width:100%; height:auto; max-height:220px; object-fit:cover; border-radius:6px; margin-bottom:12px;"/&gt;
                &lt;hr style="border:0; border-top:1px solid #ccc; margin:10px 0;"/&gt;
                &lt;p style="margin:4px 0;"&gt;&lt;b&gt;Matched:&lt;/b&gt; +ток(+10), +кладенец(+5), +двор(+4)&lt;/p&gt;
                &lt;p style="margin:4px 0;"&gt;&lt;b&gt;Penalties:&lt;/b&gt; за ремонт(-15)&lt;/p&gt;
                &lt;hr style="border:0; border-top:1px solid #ccc; margin:10px 0;"/&gt;
                &lt;p style="margin-top:6px; color:#444;"&gt;&lt;b&gt;Description:&lt;/b&gt;&lt;/p&gt;
                &lt;p style="color:#555; font-size:13px; line-height:1.4;"&gt;Продава се вила с двор и река   на 30 мин от София (м. Дервена, Драгоил) Предлагаме за продажба самостоятелна вила, разположена в живописна и спокойна местност   м. Дервена, с. Драгоил, само на около 30 минути от София и на 500 м от магистрала Европа...&lt;/p&gt;
            &lt;/div&gt;
        ]]&gt;</description>
      <Point>
        <coordinates>22.93018,42.921412,0</coordinates>
      </Point>
    </Placemark>
    <Placemark>
      <name>Продава ВИЛА област София, с. Зимевица Обява: 1k177910574339431 (42 000 €)</name>
      <ExtendedData>
        <SchemaData schemaUrl="#PropertySchema">
          <SimpleData name="Price">42 000 €</SimpleData>
          <SimpleData name="Size">48 кв.м</SimpleData>
          <SimpleData name="URL">https://www.imot.bg/obiava-1k177910574339431-prodava-vila-oblast-sofiya-s-zimevitsa</SimpleData>
        </SchemaData>
      </ExtendedData>
      <styleUrl>#style_red</styleUrl>
      <description>&lt;![CDATA[
            &lt;div style="font-family: sans-serif; max-width: 320px;"&gt;
                &lt;img src="https://imotstatic3.focus.bg/imot/photosimotbg/1/431//big/1k177910574339431_yn.jpg" style="width:100%; height:auto; max-height:220px; object-fit:cover; border-radius:6px; margin-bottom:12px;"/&gt;
                &lt;hr style="border:0; border-top:1px solid #ccc; margin:10px 0;"/&gt;
                &lt;p style="margin:4px 0;"&gt;&lt;b&gt;Matched:&lt;/b&gt; +двор(+4)&lt;/p&gt;
                &lt;p style="margin:4px 0;"&gt;&lt;b&gt;Penalties:&lt;/b&gt; None&lt;/p&gt;
                &lt;hr style="border:0; border-top:1px solid #ccc; margin:10px 0;"/&gt;
                &lt;p style="margin-top:6px; color:#444;"&gt;&lt;b&gt;Description:&lt;/b&gt;&lt;/p&gt;
                &lt;p style="color:#555; font-size:13px; line-height:1.4;"&gt;Представяме Ви,за продажба полумасивна къща в планинското село Зимевица. Застроената площ на вилата е 48кв.м.,разположена върху равен двор. Парцела е с прекрасна гледка към планината и с целогодишно живущи съседи. Вилата има следното разпределение:вх...&lt;/p&gt;
            &lt;/div&gt;
        ]]&gt;</description>
      <Point>
        <coordinates>23.2959666,43.0448975,0</coordinates>
      </Point>
    </Placemark>
    <Placemark>
      <name>Продава ВИЛА област София, с. Добърчин Обява: 1k178410556174670 (35 000 €)</name>
      <ExtendedData>
        <SchemaData schemaUrl="#PropertySchema">
          <SimpleData name="Price">35 000 €</SimpleData>
          <SimpleData name="Size">34 кв.м</SimpleData>
          <SimpleData name="URL">https://www.imot.bg/obiava-1k178410556174670-prodava-vila-oblast-sofiya-s-dobarchin</SimpleData>
        </SchemaData>
      </ExtendedData>
      <styleUrl>#style_red</styleUrl>
      <description>&lt;![CDATA[
            &lt;div style="font-family: sans-serif; max-width: 320px;"&gt;
                &lt;img src="https://imotstatic1.focus.bg/imot/photosimotbg/1/670//big/1k178410556174670_Oy.jpg" style="width:100%; height:auto; max-height:220px; object-fit:cover; border-radius:6px; margin-bottom:12px;"/&gt;
                &lt;hr style="border:0; border-top:1px solid #ccc; margin:10px 0;"/&gt;
                &lt;p style="margin:4px 0;"&gt;&lt;b&gt;Matched:&lt;/b&gt; +панорама(+4)&lt;/p&gt;
                &lt;p style="margin:4px 0;"&gt;&lt;b&gt;Penalties:&lt;/b&gt; None&lt;/p&gt;
                &lt;hr style="border:0; border-top:1px solid #ccc; margin:10px 0;"/&gt;
                &lt;p style="margin-top:6px; color:#444;"&gt;&lt;b&gt;Description:&lt;/b&gt;&lt;/p&gt;
                &lt;p style="color:#555; font-size:13px; line-height:1.4;"&gt;Предлагаме на Вашето внимание, прекрасен имот с живописна панорама на тихо и спокойно място, само на 1 час от гр. София. В имота има вилна сграда, веранда и барбекю. До имота се стига по черен път с кола. Парцелът е терасиран и облагороден. Районът е...&lt;/p&gt;
            &lt;/div&gt;
        ]]&gt;</description>
      <Point>
        <coordinates>23.2850265,42.9950961,0</coordinates>
      </Point>
    </Placemark>
    <Placemark>
      <name>Продава ВИЛА област София, с. Джурово Обява: 1k175985414519805 (36 990 €)</name>
      <ExtendedData>
        <SchemaData schemaUrl="#PropertySchema">
          <SimpleData name="Price">36 990 €</SimpleData>
          <SimpleData name="Size">72 кв.м</SimpleData>
          <SimpleData name="URL">https://www.imot.bg/obiava-1k175985414519805-prodava-vila-oblast-sofiya-s-dzhurovo#playertag</SimpleData>
        </SchemaData>
      </ExtendedData>
      <styleUrl>#style_red</styleUrl>
      <description>&lt;![CDATA[
            &lt;div style="font-family: sans-serif; max-width: 320px;"&gt;
                &lt;img src="https://imotstatic1.focus.bg/imot/photosimotbg/1/805//big/1k175985414519805_6X.jpg" style="width:100%; height:auto; max-height:220px; object-fit:cover; border-radius:6px; margin-bottom:12px;"/&gt;
                &lt;hr style="border:0; border-top:1px solid #ccc; margin:10px 0;"/&gt;
                &lt;p style="margin:4px 0;"&gt;&lt;b&gt;Matched:&lt;/b&gt; +двор(+4)&lt;/p&gt;
                &lt;p style="margin:4px 0;"&gt;&lt;b&gt;Penalties:&lt;/b&gt; None&lt;/p&gt;
                &lt;hr style="border:0; border-top:1px solid #ccc; margin:10px 0;"/&gt;
                &lt;p style="margin-top:6px; color:#444;"&gt;&lt;b&gt;Description:&lt;/b&gt;&lt;/p&gt;
                &lt;p style="color:#555; font-size:13px; line-height:1.4;"&gt;За повече информация обадете ни се на тел: 0882 817 459 или 02 425 68 21 и цитирайте референтния номер на имота: Sfa 88338. Отговорен брокер: Сергей Пеловски Представяме ви масивна двуетажна вила с прекрасна панорамна гледка към планината, разположен...&lt;/p&gt;
            &lt;/div&gt;
        ]]&gt;</description>
      <Point>
        <coordinates>24.050391,42.959549,0</coordinates>
      </Point>
    </Placemark>
    <Placemark>
      <name>Продава ВИЛА област София, с. Джурово Обява: 1k175985414519805 (36 990 €)</name>
      <ExtendedData>
        <SchemaData schemaUrl="#PropertySchema">
          <SimpleData name="Price">36 990 €</SimpleData>
          <SimpleData name="Size">72 кв.м</SimpleData>
          <SimpleData name="URL">https://www.imot.bg/obiava-1k175985414519805-prodava-vila-oblast-sofiya-s-dzhurovo</SimpleData>
        </SchemaData>
      </ExtendedData>
      <styleUrl>#style_red</styleUrl>
      <description>&lt;![CDATA[
            &lt;div style="font-family: sans-serif; max-width: 320px;"&gt;
                &lt;img src="https://imotstatic1.focus.bg/imot/photosimotbg/1/805//big/1k175985414519805_6X.jpg" style="width:100%; height:auto; max-height:220px; object-fit:cover; border-radius:6px; margin-bottom:12px;"/&gt;
                &lt;hr style="border:0; border-top:1px solid #ccc; margin:10px 0;"/&gt;
                &lt;p style="margin:4px 0;"&gt;&lt;b&gt;Matched:&lt;/b&gt; +двор(+4)&lt;/p&gt;
                &lt;p style="margin:4px 0;"&gt;&lt;b&gt;Penalties:&lt;/b&gt; None&lt;/p&gt;
                &lt;hr style="border:0; border-top:1px solid #ccc; margin:10px 0;"/&gt;
                &lt;p style="margin-top:6px; color:#444;"&gt;&lt;b&gt;Description:&lt;/b&gt;&lt;/p&gt;
                &lt;p style="color:#555; font-size:13px; line-height:1.4;"&gt;За повече информация обадете ни се на тел: 0882 817 459 или 02 425 68 21 и цитирайте референтния номер на имота: Sfa 88338. Отговорен брокер: Сергей Пеловски Представяме ви масивна двуетажна вила с прекрасна панорамна гледка към планината, разположен...&lt;/p&gt;
            &lt;/div&gt;
        ]]&gt;</description>
      <Point>
        <coordinates>24.05078,42.958874,0</coordinates>
      </Point>
    </Placemark>
    <Placemark>
      <name>Продава ВИЛА област София, с. Лесковдол Обява: 1k178695481113762 (40 000 €)</name>
      <ExtendedData>
        <SchemaData schemaUrl="#PropertySchema">
          <SimpleData name="Price">40 000 €</SimpleData>
          <SimpleData name="Size">100 кв.м</SimpleData>
          <SimpleData name="URL">https://www.imot.bg/obiava-1k178695481113762-prodava-vila-oblast-sofiya-s-leskovdol</SimpleData>
        </SchemaData>
      </ExtendedData>
      <styleUrl>#style_red</styleUrl>
      <description>&lt;![CDATA[
            &lt;div style="font-family: sans-serif; max-width: 320px;"&gt;
                &lt;img src="https://imotstatic1.focus.bg/imot/photosimotbg/1/762//big/1k178695481113762_ik.jpg" style="width:100%; height:auto; max-height:220px; object-fit:cover; border-radius:6px; margin-bottom:12px;"/&gt;
                &lt;hr style="border:0; border-top:1px solid #ccc; margin:10px 0;"/&gt;
                &lt;p style="margin:4px 0;"&gt;&lt;b&gt;Matched:&lt;/b&gt; +двор(+4)&lt;/p&gt;
                &lt;p style="margin:4px 0;"&gt;&lt;b&gt;Penalties:&lt;/b&gt; None&lt;/p&gt;
                &lt;hr style="border:0; border-top:1px solid #ccc; margin:10px 0;"/&gt;
                &lt;p style="margin-top:6px; color:#444;"&gt;&lt;b&gt;Description:&lt;/b&gt;&lt;/p&gt;
                &lt;p style="color:#555; font-size:13px; line-height:1.4;"&gt;Къща на два етажа, плюс таван и мазе. Двор 870 кв.м. Голяма тераса с чудесна гледка....&lt;/p&gt;
            &lt;/div&gt;
        ]]&gt;</description>
      <Point>
        <coordinates>23.437605,42.97752,0</coordinates>
      </Point>
    </Placemark>
    <Placemark>
      <name>Продава КЪЩА област София, с. Церово Обява: 1j178817678062427 (45 000 €)</name>
      <ExtendedData>
        <SchemaData schemaUrl="#PropertySchema">
          <SimpleData name="Price">45 000 €</SimpleData>
          <SimpleData name="Size">610 кв.м</SimpleData>
          <SimpleData name="URL">https://www.imot.bg/obiava-1j178817678062427-prodava-kashta-oblast-sofiya-s-tserovo</SimpleData>
        </SchemaData>
      </ExtendedData>
      <styleUrl>#style_red</styleUrl>
      <description>&lt;![CDATA[
            &lt;div style="font-family: sans-serif; max-width: 320px;"&gt;
                &lt;img src="https://imotstatic3.focus.bg/imot/photosimotbg/1/427//big/1j178817678062427_j7.jpg" style="width:100%; height:auto; max-height:220px; object-fit:cover; border-radius:6px; margin-bottom:12px;"/&gt;
                &lt;hr style="border:0; border-top:1px solid #ccc; margin:10px 0;"/&gt;
                &lt;p style="margin:4px 0;"&gt;&lt;b&gt;Matched:&lt;/b&gt; +вода(+10), +кладенец(+5), +панорама(+4), +двор(+4)&lt;/p&gt;
                &lt;p style="margin:4px 0;"&gt;&lt;b&gt;Penalties:&lt;/b&gt; гредоред(-20)&lt;/p&gt;
                &lt;hr style="border:0; border-top:1px solid #ccc; margin:10px 0;"/&gt;
                &lt;p style="margin-top:6px; color:#444;"&gt;&lt;b&gt;Description:&lt;/b&gt;&lt;/p&gt;
                &lt;p style="color:#555; font-size:13px; line-height:1.4;"&gt;Масивна вила с допълнителна постройка сред природата   с. Желен (само на 17 минути от гр. Своге) Търсите перфектното бягство от градския шум, чист въздух и спиращи дъха панорамни гледки? Предлагаме за продажба здрава, масивна вила с голям потенциал, ...&lt;/p&gt;
            &lt;/div&gt;
        ]]&gt;</description>
      <Point>
        <coordinates>23.34767,43.003316,0</coordinates>
      </Point>
    </Placemark>
    <Placemark>
      <name>Продава КЪЩА област София, с. Мухово Обява: 1j176043916283991 (49 500 €)</name>
      <ExtendedData>
        <SchemaData schemaUrl="#PropertySchema">
          <SimpleData name="Price">49 500 €</SimpleData>
          <SimpleData name="Size">140 кв.м</SimpleData>
          <SimpleData name="URL">https://www.imot.bg/obiava-1j176043916283991-prodava-kashta-oblast-sofiya-s-muhovo</SimpleData>
        </SchemaData>
      </ExtendedData>
      <styleUrl>#style_red</styleUrl>
      <description>&lt;![CDATA[
            &lt;div style="font-family: sans-serif; max-width: 320px;"&gt;
                &lt;img src="https://imotstatic2.focus.bg/imot/photosimotbg/1/991//big/1j176043916283991_st.jpg" style="width:100%; height:auto; max-height:220px; object-fit:cover; border-radius:6px; margin-bottom:12px;"/&gt;
                &lt;hr style="border:0; border-top:1px solid #ccc; margin:10px 0;"/&gt;
                &lt;p style="margin:4px 0;"&gt;&lt;b&gt;Matched:&lt;/b&gt; +гараж(+10), +целогодишен достъп(+12)&lt;/p&gt;
                &lt;p style="margin:4px 0;"&gt;&lt;b&gt;Penalties:&lt;/b&gt; гредоред(-20)&lt;/p&gt;
                &lt;hr style="border:0; border-top:1px solid #ccc; margin:10px 0;"/&gt;
                &lt;p style="margin-top:6px; color:#444;"&gt;&lt;b&gt;Description:&lt;/b&gt;&lt;/p&gt;
                &lt;p style="color:#555; font-size:13px; line-height:1.4;"&gt;Предлагаме Ви имот с много потенциал в живописното село Мухово, находящо се в планински район, на 22 км североизточно от град Ихтиман, до стената на язовир Тополница и само на 80 км. от гр. София. Районът се характеризира с много мек и топъл микрокли...&lt;/p&gt;
            &lt;/div&gt;
        ]]&gt;</description>
      <Point>
        <coordinates>23.995074,42.421757,0</coordinates>
      </Point>
    </Placemark>
    <Placemark>
      <name>Продава КЪЩА област София, гр. Долна баня Обява: 1j177184416629501 (29 000 €)</name>
      <ExtendedData>
        <SchemaData schemaUrl="#PropertySchema">
          <SimpleData name="Price">29 000 €</SimpleData>
          <SimpleData name="Size">50 кв.м</SimpleData>
          <SimpleData name="URL">https://www.imot.bg/obiava-1j177184416629501-prodava-kashta-oblast-sofiya-gr-dolna-banya</SimpleData>
        </SchemaData>
      </ExtendedData>
      <styleUrl>#style_red</styleUrl>
      <description>&lt;![CDATA[
            &lt;div style="font-family: sans-serif; max-width: 320px;"&gt;
                &lt;img src="https://cdn3.focus.bg/imot/photosimotbg/1/501//big/1j177184416629501_Mk.jpg" style="width:100%; height:auto; max-height:220px; object-fit:cover; border-radius:6px; margin-bottom:12px;"/&gt;
                &lt;hr style="border:0; border-top:1px solid #ccc; margin:10px 0;"/&gt;
                &lt;p style="margin:4px 0;"&gt;&lt;b&gt;Matched:&lt;/b&gt; None&lt;/p&gt;
                &lt;p style="margin:4px 0;"&gt;&lt;b&gt;Penalties:&lt;/b&gt; None&lt;/p&gt;
                &lt;hr style="border:0; border-top:1px solid #ccc; margin:10px 0;"/&gt;
                &lt;p style="margin-top:6px; color:#444;"&gt;&lt;b&gt;Description:&lt;/b&gt;&lt;/p&gt;
                &lt;p style="color:#555; font-size:13px; line-height:1.4;"&gt;РИМАР 95- https://rimar95.bg/ Ви предлага къщи тип слобяеми от стоманена конструкция изграждаме я във ВАШ СОБСТВЕН ПАРЦЕЛ ЗАПОЧНЕТЕ ПРОЕКТА СИ СЕГА   най-доброто време за проектиране и подготовка. ЦЕНИ ОТ 500 евро до 950 евро в зависимост от квадрату...&lt;/p&gt;
            &lt;/div&gt;
        ]]&gt;</description>
      <Point>
        <coordinates>23.764088,42.310896,0</coordinates>
      </Point>
    </Placemark>
    <Placemark>
      <name>Продава КЪЩА област София, гр. Ихтиман Обява: 1j177184360859279 (24 000 €)</name>
      <ExtendedData>
        <SchemaData schemaUrl="#PropertySchema">
          <SimpleData name="Price">24 000 €</SimpleData>
          <SimpleData name="Size">40 кв.м</SimpleData>
          <SimpleData name="URL">https://www.imot.bg/obiava-1j177184360859279-prodava-kashta-oblast-sofiya-gr-ihtiman</SimpleData>
        </SchemaData>
      </ExtendedData>
      <styleUrl>#style_red</styleUrl>
      <description>&lt;![CDATA[
            &lt;div style="font-family: sans-serif; max-width: 320px;"&gt;
                &lt;img src="https://imotstatic3.focus.bg/imot/photosimotbg/1/279//big/1j177184360859279_oi.jpg" style="width:100%; height:auto; max-height:220px; object-fit:cover; border-radius:6px; margin-bottom:12px;"/&gt;
                &lt;hr style="border:0; border-top:1px solid #ccc; margin:10px 0;"/&gt;
                &lt;p style="margin:4px 0;"&gt;&lt;b&gt;Matched:&lt;/b&gt; None&lt;/p&gt;
                &lt;p style="margin:4px 0;"&gt;&lt;b&gt;Penalties:&lt;/b&gt; None&lt;/p&gt;
                &lt;hr style="border:0; border-top:1px solid #ccc; margin:10px 0;"/&gt;
                &lt;p style="margin-top:6px; color:#444;"&gt;&lt;b&gt;Description:&lt;/b&gt;&lt;/p&gt;
                &lt;p style="color:#555; font-size:13px; line-height:1.4;"&gt;РИМАР 95- https://rimar95.bg/ Ви предлага къщи тип слобяеми от стоманена конструкция изграждаме я във ВАШ СОБСТВЕН ПАРЦЕЛ ЗАПОЧНЕТЕ ПРОЕКТА СИ СЕГА   най-доброто време за проектиране и подготовка. ЦЕНИ ОТ 500 евро до 950 евро в зависимост от квадрату...&lt;/p&gt;
            &lt;/div&gt;
        ]]&gt;</description>
      <Point>
        <coordinates>23.814383,42.438046,0</coordinates>
      </Point>
    </Placemark>
    <Placemark>
      <name>Продава КЪЩА област София, гр. Костинброд с. Голяновци Обява: 1j177184308818487 (25 000 €)</name>
      <ExtendedData>
        <SchemaData schemaUrl="#PropertySchema">
          <SimpleData name="Price">25 000 €</SimpleData>
          <SimpleData name="Size">45 кв.м</SimpleData>
          <SimpleData name="URL">https://www.imot.bg/obiava-1j177184308818487-prodava-kashta-oblast-sofiya-gr-kostinbrod-s-golyanovtsi</SimpleData>
        </SchemaData>
      </ExtendedData>
      <styleUrl>#style_red</styleUrl>
      <description>&lt;![CDATA[
            &lt;div style="font-family: sans-serif; max-width: 320px;"&gt;
                &lt;img src="https://imotstatic3.focus.bg/imot/photosimotbg/1/487//big/1j177184308818487_pF.jpg" style="width:100%; height:auto; max-height:220px; object-fit:cover; border-radius:6px; margin-bottom:12px;"/&gt;
                &lt;hr style="border:0; border-top:1px solid #ccc; margin:10px 0;"/&gt;
                &lt;p style="margin:4px 0;"&gt;&lt;b&gt;Matched:&lt;/b&gt; None&lt;/p&gt;
                &lt;p style="margin:4px 0;"&gt;&lt;b&gt;Penalties:&lt;/b&gt; None&lt;/p&gt;
                &lt;hr style="border:0; border-top:1px solid #ccc; margin:10px 0;"/&gt;
                &lt;p style="margin-top:6px; color:#444;"&gt;&lt;b&gt;Description:&lt;/b&gt;&lt;/p&gt;
                &lt;p style="color:#555; font-size:13px; line-height:1.4;"&gt;РИМАР 95- https://rimar95.bg/ Ви предлага къщи тип слобяеми от стоманена конструкция изграждаме я във ВАШ СОБСТВЕН ПАРЦЕЛ ЗАПОЧНЕТЕ ПРОЕКТА СИ СЕГА   най-доброто време за проектиране и подготовка. ЦЕНИ ОТ 500 евро до 950 евро в зависимост от квадрату...&lt;/p&gt;
            &lt;/div&gt;
        ]]&gt;</description>
      <Point>
        <coordinates>23.215201,42.813199,0</coordinates>
      </Point>
    </Placemark>
    <Placemark>
      <name>Продава КЪЩА област София, гр. Божурище Обява: 1j168743233442461 (25 000 €)</name>
      <ExtendedData>
        <SchemaData schemaUrl="#PropertySchema">
          <SimpleData name="Price">25 000 €</SimpleData>
          <SimpleData name="Size">45 кв.м</SimpleData>
          <SimpleData name="URL">https://www.imot.bg/obiava-1j168743233442461-prodava-kashta-oblast-sofiya-gr-bozhurishte</SimpleData>
        </SchemaData>
      </ExtendedData>
      <styleUrl>#style_red</styleUrl>
      <description>&lt;![CDATA[
            &lt;div style="font-family: sans-serif; max-width: 320px;"&gt;
                &lt;img src="https://cdn3.focus.bg/imot/photosimotbg/1/461//big/1j168743233442461_G5.jpg" style="width:100%; height:auto; max-height:220px; object-fit:cover; border-radius:6px; margin-bottom:12px;"/&gt;
                &lt;hr style="border:0; border-top:1px solid #ccc; margin:10px 0;"/&gt;
                &lt;p style="margin:4px 0;"&gt;&lt;b&gt;Matched:&lt;/b&gt; None&lt;/p&gt;
                &lt;p style="margin:4px 0;"&gt;&lt;b&gt;Penalties:&lt;/b&gt; None&lt;/p&gt;
                &lt;hr style="border:0; border-top:1px solid #ccc; margin:10px 0;"/&gt;
                &lt;p style="margin-top:6px; color:#444;"&gt;&lt;b&gt;Description:&lt;/b&gt;&lt;/p&gt;
                &lt;p style="color:#555; font-size:13px; line-height:1.4;"&gt;РИМАР 95- https://rimar95.bg/ Ви предлага къщи тип слобяеми от стоманена конструкция изграждаме я във ВАШ СОБСТВЕН ПАРЦЕЛ ЗАПОЧНЕТЕ ПРОЕКТА СИ СЕГА   най-доброто време за проектиране и подготовка. ЦЕНИ ОТ 500 евро до 950 евро в зависимост от квадрату...&lt;/p&gt;
            &lt;/div&gt;
        ]]&gt;</description>
      <Point>
        <coordinates>23.196763,42.763288,0</coordinates>
      </Point>
    </Placemark>
    <Placemark>
      <name>Продава КЪЩА област София, гр. Божурище с.Пролеша Обява: 1j175888994414196 (25 000 €)</name>
      <ExtendedData>
        <SchemaData schemaUrl="#PropertySchema">
          <SimpleData name="Price">25 000 €</SimpleData>
          <SimpleData name="Size">45 кв.м</SimpleData>
          <SimpleData name="URL">https://www.imot.bg/obiava-1j175888994414196-prodava-kashta-oblast-sofiya-gr-bozhurishte-s-prolesha</SimpleData>
        </SchemaData>
      </ExtendedData>
      <styleUrl>#style_red</styleUrl>
      <description>&lt;![CDATA[
            &lt;div style="font-family: sans-serif; max-width: 320px;"&gt;
                &lt;img src="https://imotstatic3.focus.bg/imot/photosimotbg/1/196//big/1j175888994414196_Za.jpg" style="width:100%; height:auto; max-height:220px; object-fit:cover; border-radius:6px; margin-bottom:12px;"/&gt;
                &lt;hr style="border:0; border-top:1px solid #ccc; margin:10px 0;"/&gt;
                &lt;p style="margin:4px 0;"&gt;&lt;b&gt;Matched:&lt;/b&gt; None&lt;/p&gt;
                &lt;p style="margin:4px 0;"&gt;&lt;b&gt;Penalties:&lt;/b&gt; None&lt;/p&gt;
                &lt;hr style="border:0; border-top:1px solid #ccc; margin:10px 0;"/&gt;
                &lt;p style="margin-top:6px; color:#444;"&gt;&lt;b&gt;Description:&lt;/b&gt;&lt;/p&gt;
                &lt;p style="color:#555; font-size:13px; line-height:1.4;"&gt;РИМАР 95- https://rimar95.bg/ Ви предлага къщи тип слобяеми от стоманена конструкция изграждаме я във ВАШ СОБСТВЕН ПАРЦЕЛ ЗАПОЧНЕТЕ ПРОЕКТА СИ СЕГА   най-доброто време за проектиране и подготовка. ЦЕНИ ОТ 500 евро до 950 евро в зависимост от квадрату...&lt;/p&gt;
            &lt;/div&gt;
        ]]&gt;</description>
      <Point>
        <coordinates>23.196313,42.763738,0</coordinates>
      </Point>
    </Placemark>
    <Placemark>
      <name>Продава КЪЩА област София, гр. Годеч Обява: 1j176297511755311 (45 000 €)</name>
      <ExtendedData>
        <SchemaData schemaUrl="#PropertySchema">
          <SimpleData name="Price">45 000 €</SimpleData>
          <SimpleData name="Size">65 кв.м</SimpleData>
          <SimpleData name="URL">https://www.imot.bg/obiava-1j176297511755311-prodava-kashta-oblast-sofiya-gr-godech</SimpleData>
        </SchemaData>
      </ExtendedData>
      <styleUrl>#style_red</styleUrl>
      <description>&lt;![CDATA[
            &lt;div style="font-family: sans-serif; max-width: 320px;"&gt;
                &lt;img src="https://imotstatic4.focus.bg/imot/photosimotbg/1/311//big/1j176297511755311_Cz.jpg" style="width:100%; height:auto; max-height:220px; object-fit:cover; border-radius:6px; margin-bottom:12px;"/&gt;
                &lt;hr style="border:0; border-top:1px solid #ccc; margin:10px 0;"/&gt;
                &lt;p style="margin:4px 0;"&gt;&lt;b&gt;Matched:&lt;/b&gt; None&lt;/p&gt;
                &lt;p style="margin:4px 0;"&gt;&lt;b&gt;Penalties:&lt;/b&gt; None&lt;/p&gt;
                &lt;hr style="border:0; border-top:1px solid #ccc; margin:10px 0;"/&gt;
                &lt;p style="margin-top:6px; color:#444;"&gt;&lt;b&gt;Description:&lt;/b&gt;&lt;/p&gt;
                &lt;p style="color:#555; font-size:13px; line-height:1.4;"&gt;Агенция за недвижими имоти АС 'Джей-Ди'има възможност да предложи на своите клиенти равен урбанизиран парцел със стара кирпичена постройка /65кв.м/ в гр. Годеч на пътя за село Туден. Лице на асфалтирана улица. За огледи 0898530425-Димитър Димитров...&lt;/p&gt;
            &lt;/div&gt;
        ]]&gt;</description>
      <Point>
        <coordinates>23.047016,43.015348,0</coordinates>
      </Point>
    </Placemark>
    <Placemark>
      <name>Продава КЪЩА област София, Гара Лакатник Обява: 1j175871337586471 (50 000 €)</name>
      <ExtendedData>
        <SchemaData schemaUrl="#PropertySchema">
          <SimpleData name="Price">50 000 €</SimpleData>
          <SimpleData name="Size">140 кв.м</SimpleData>
          <SimpleData name="URL">https://www.imot.bg/obiava-1j175871337586471-prodava-kashta-oblast-sofiya-gara-lakatnik</SimpleData>
        </SchemaData>
      </ExtendedData>
      <styleUrl>#style_red</styleUrl>
      <description>&lt;![CDATA[
            &lt;div style="font-family: sans-serif; max-width: 320px;"&gt;
                &lt;img src="https://imotstatic2.focus.bg/imot/photosimotbg/1/471//big/1j175871337586471_E1.jpg" style="width:100%; height:auto; max-height:220px; object-fit:cover; border-radius:6px; margin-bottom:12px;"/&gt;
                &lt;hr style="border:0; border-top:1px solid #ccc; margin:10px 0;"/&gt;
                &lt;p style="margin:4px 0;"&gt;&lt;b&gt;Matched:&lt;/b&gt; None&lt;/p&gt;
                &lt;p style="margin:4px 0;"&gt;&lt;b&gt;Penalties:&lt;/b&gt; None&lt;/p&gt;
                &lt;hr style="border:0; border-top:1px solid #ccc; margin:10px 0;"/&gt;
                &lt;p style="margin-top:6px; color:#444;"&gt;&lt;b&gt;Description:&lt;/b&gt;&lt;/p&gt;
                &lt;p style="color:#555; font-size:13px; line-height:1.4;"&gt;На Вашето внимание,продавам къща в с.Лакатник.Селото се намира на 50км.от гр.София в красивото Искърско дефиле,сред красива природа и невероятни гледки. Къщата се състои от 2 етажа.Разпределението е следното:първия етаж,антре,помещение за баня и тоал...&lt;/p&gt;
            &lt;/div&gt;
        ]]&gt;</description>
      <Point>
        <coordinates>23.4088836,43.0531788,0</coordinates>
      </Point>
    </Placemark>
    <Placemark>
      <name>Продава КЪЩА област София, гр. Своге Обява: 1j177381424285541 (39 500 €)</name>
      <ExtendedData>
        <SchemaData schemaUrl="#PropertySchema">
          <SimpleData name="Price">39 500 €</SimpleData>
          <SimpleData name="Size">70 кв.м</SimpleData>
          <SimpleData name="URL">https://www.imot.bg/obiava-1j177381424285541-prodava-kashta-oblast-sofiya-gr-svoge</SimpleData>
        </SchemaData>
      </ExtendedData>
      <styleUrl>#style_red</styleUrl>
      <description>&lt;![CDATA[
            &lt;div style="font-family: sans-serif; max-width: 320px;"&gt;
                &lt;img src="https://imotstatic1.focus.bg/imot/photosimotbg/1/541//big/1j177381424285541_KV.jpg" style="width:100%; height:auto; max-height:220px; object-fit:cover; border-radius:6px; margin-bottom:12px;"/&gt;
                &lt;hr style="border:0; border-top:1px solid #ccc; margin:10px 0;"/&gt;
                &lt;p style="margin:4px 0;"&gt;&lt;b&gt;Matched:&lt;/b&gt; None&lt;/p&gt;
                &lt;p style="margin:4px 0;"&gt;&lt;b&gt;Penalties:&lt;/b&gt; None&lt;/p&gt;
                &lt;hr style="border:0; border-top:1px solid #ccc; margin:10px 0;"/&gt;
                &lt;p style="margin-top:6px; color:#444;"&gt;&lt;b&gt;Description:&lt;/b&gt;&lt;/p&gt;
                &lt;p style="color:#555; font-size:13px; line-height:1.4;"&gt;PL Group предлага живописен имот, подходящ за релакс и отмора над град Своге. Къщата се намира на ул.Буря, кв. Джиджовица и е със застроена площ от 35 м2, на два етажа и мазе. Разпределението е следното. Етаж 1 - холна част с камина, кухня, вътрешно ...&lt;/p&gt;
            &lt;/div&gt;
        ]]&gt;</description>
      <Point>
        <coordinates>23.347968,42.960098,0</coordinates>
      </Point>
    </Placemark>
    <Placemark>
      <name>Продава КЪЩА област София, с. Владо Тричков Обява: 1j177988260720352 (35 000 €)</name>
      <ExtendedData>
        <SchemaData schemaUrl="#PropertySchema">
          <SimpleData name="Price">35 000 €</SimpleData>
          <SimpleData name="Size">100 кв.м</SimpleData>
          <SimpleData name="URL">https://www.imot.bg/obiava-1j177988260720352-prodava-kashta-oblast-sofiya-s-vlado-trichkov</SimpleData>
        </SchemaData>
      </ExtendedData>
      <styleUrl>#style_red</styleUrl>
      <description>&lt;![CDATA[
            &lt;div style="font-family: sans-serif; max-width: 320px;"&gt;
                &lt;img src="https://imotstatic1.focus.bg/imot/photosimotbg/1/352//big/1j177988260720352_aY.jpg" style="width:100%; height:auto; max-height:220px; object-fit:cover; border-radius:6px; margin-bottom:12px;"/&gt;
                &lt;hr style="border:0; border-top:1px solid #ccc; margin:10px 0;"/&gt;
                &lt;p style="margin:4px 0;"&gt;&lt;b&gt;Matched:&lt;/b&gt; None&lt;/p&gt;
                &lt;p style="margin:4px 0;"&gt;&lt;b&gt;Penalties:&lt;/b&gt; None&lt;/p&gt;
                &lt;hr style="border:0; border-top:1px solid #ccc; margin:10px 0;"/&gt;
                &lt;p style="margin-top:6px; color:#444;"&gt;&lt;b&gt;Description:&lt;/b&gt;&lt;/p&gt;
                &lt;p style="color:#555; font-size:13px; line-height:1.4;"&gt;📌 Референтен номер: 2096056 ❗ Революшън Естейт представя ЕКСКЛУЗИВНО ПРЕДЛОЖЕНИЕ къща около София, с. Владо Тричков❗ Районът предлага спокойствие, чист въздух и красива природна среда, подходяща за отдих и целогодишно живеене. Локацията осигурява уед...&lt;/p&gt;
            &lt;/div&gt;
        ]]&gt;</description>
      <Point>
        <coordinates>23.364699,42.864081,0</coordinates>
      </Point>
    </Placemark>
    <Placemark>
      <name>Продава КЪЩА област София, с. Владо Тричков Полените Обява: 1j178160821321595 (32 000 €)</name>
      <ExtendedData>
        <SchemaData schemaUrl="#PropertySchema">
          <SimpleData name="Price">32 000 €</SimpleData>
          <SimpleData name="Size">75 кв.м</SimpleData>
          <SimpleData name="URL">https://www.imot.bg/obiava-1j178160821321595-prodava-kashta-oblast-sofiya-s-vlado-trichkov-polenite</SimpleData>
        </SchemaData>
      </ExtendedData>
      <styleUrl>#style_red</styleUrl>
      <description>&lt;![CDATA[
            &lt;div style="font-family: sans-serif; max-width: 320px;"&gt;
                &lt;img src="https://imotstatic1.focus.bg/imot/photosimotbg/1/595//big/1j178160821321595_sV.jpg" style="width:100%; height:auto; max-height:220px; object-fit:cover; border-radius:6px; margin-bottom:12px;"/&gt;
                &lt;hr style="border:0; border-top:1px solid #ccc; margin:10px 0;"/&gt;
                &lt;p style="margin:4px 0;"&gt;&lt;b&gt;Matched:&lt;/b&gt; None&lt;/p&gt;
                &lt;p style="margin:4px 0;"&gt;&lt;b&gt;Penalties:&lt;/b&gt; None&lt;/p&gt;
                &lt;hr style="border:0; border-top:1px solid #ccc; margin:10px 0;"/&gt;
                &lt;p style="margin-top:6px; color:#444;"&gt;&lt;b&gt;Description:&lt;/b&gt;&lt;/p&gt;
                &lt;p style="color:#555; font-size:13px; line-height:1.4;"&gt;В imot.bg от 2018 г. alvido.imot.bg...&lt;/p&gt;
            &lt;/div&gt;
        ]]&gt;</description>
      <Point>
        <coordinates>23.364639,42.864306,0</coordinates>
      </Point>
    </Placemark>
    <Placemark>
      <name>Продава КЪЩА област София, с. Гинци Обява: 1j177787939037855 (27 990 €)</name>
      <ExtendedData>
        <SchemaData schemaUrl="#PropertySchema">
          <SimpleData name="Price">27 990 €</SimpleData>
          <SimpleData name="Size">125 кв.м</SimpleData>
          <SimpleData name="URL">https://www.imot.bg/obiava-1j177787939037855-prodava-kashta-oblast-sofiya-s-gintsi</SimpleData>
        </SchemaData>
      </ExtendedData>
      <styleUrl>#style_red</styleUrl>
      <description>&lt;![CDATA[
            &lt;div style="font-family: sans-serif; max-width: 320px;"&gt;
                &lt;img src="https://imotstatic4.focus.bg/imot/photosimotbg/1/855//big/1j177787939037855_4F.jpg" style="width:100%; height:auto; max-height:220px; object-fit:cover; border-radius:6px; margin-bottom:12px;"/&gt;
                &lt;hr style="border:0; border-top:1px solid #ccc; margin:10px 0;"/&gt;
                &lt;p style="margin:4px 0;"&gt;&lt;b&gt;Matched:&lt;/b&gt; None&lt;/p&gt;
                &lt;p style="margin:4px 0;"&gt;&lt;b&gt;Penalties:&lt;/b&gt; None&lt;/p&gt;
                &lt;hr style="border:0; border-top:1px solid #ccc; margin:10px 0;"/&gt;
                &lt;p style="margin-top:6px; color:#444;"&gt;&lt;b&gt;Description:&lt;/b&gt;&lt;/p&gt;
                &lt;p style="color:#555; font-size:13px; line-height:1.4;"&gt;СПОКОЙСТВИЕ! ПАНОРАМНА ГЛЕДКА! ЧИСТ ВЪЗДУХ! Home2U представя на вашето внимание двуетажна вила в с. Гинци, м. Голяма гора, разположена в тиха и живописна вилна зона с невероятна панорамна гледка към планината.Имотът е с РЗП 125 кв.м, разположен върху...&lt;/p&gt;
            &lt;/div&gt;
        ]]&gt;</description>
      <Point>
        <coordinates>23.107717,43.072913,0</coordinates>
      </Point>
    </Placemark>
    <Placemark>
      <name>Продава КЪЩА област София, с. Батулия Обява: 1j166434703069712 (8 800 €)</name>
      <ExtendedData>
        <SchemaData schemaUrl="#PropertySchema">
          <SimpleData name="Price">8 800 €</SimpleData>
          <SimpleData name="Size">30 кв.м</SimpleData>
          <SimpleData name="URL">https://www.imot.bg/obiava-1j166434703069712-prodava-kashta-oblast-sofiya-s-batuliya</SimpleData>
        </SchemaData>
      </ExtendedData>
      <styleUrl>#style_red</styleUrl>
      <description>&lt;![CDATA[
            &lt;div style="font-family: sans-serif; max-width: 320px;"&gt;
                &lt;img src="https://imotstatic3.focus.bg/imot/photosimotbg/1/712//big/1j166434703069712_uV.jpg" style="width:100%; height:auto; max-height:220px; object-fit:cover; border-radius:6px; margin-bottom:12px;"/&gt;
                &lt;hr style="border:0; border-top:1px solid #ccc; margin:10px 0;"/&gt;
                &lt;p style="margin:4px 0;"&gt;&lt;b&gt;Matched:&lt;/b&gt; None&lt;/p&gt;
                &lt;p style="margin:4px 0;"&gt;&lt;b&gt;Penalties:&lt;/b&gt; None&lt;/p&gt;
                &lt;hr style="border:0; border-top:1px solid #ccc; margin:10px 0;"/&gt;
                &lt;p style="margin-top:6px; color:#444;"&gt;&lt;b&gt;Description:&lt;/b&gt;&lt;/p&gt;
                &lt;p style="color:#555; font-size:13px; line-height:1.4;"&gt;Имотът се намира във вилната зона на с. Батулия, на около 30км. от София. В парцела има полуразрушена къща. В нотариалния акт е описана едноетажна масивна жилищна сграда и съответно може да се изгради наново без допълнителни разрешения. Има възможнос...&lt;/p&gt;
            &lt;/div&gt;
        ]]&gt;</description>
      <Point>
        <coordinates>23.42476,42.89658,0</coordinates>
      </Point>
    </Placemark>
    <Placemark>
      <name>Продава КЪЩА област София, с. Горни Окол Обява: 1j178837611803361 (48 000 €)</name>
      <ExtendedData>
        <SchemaData schemaUrl="#PropertySchema">
          <SimpleData name="Price">48 000 €</SimpleData>
          <SimpleData name="Size">635 кв.м</SimpleData>
          <SimpleData name="URL">https://www.imot.bg/obiava-1j178837611803361-prodava-kashta-oblast-sofiya-s-gorni-okol</SimpleData>
        </SchemaData>
      </ExtendedData>
      <styleUrl>#style_red</styleUrl>
      <description>&lt;![CDATA[
            &lt;div style="font-family: sans-serif; max-width: 320px;"&gt;
                &lt;img src="https://imotstatic3.focus.bg/imot/photosimotbg/1/361//big/1j178837611803361_EO.jpg" style="width:100%; height:auto; max-height:220px; object-fit:cover; border-radius:6px; margin-bottom:12px;"/&gt;
                &lt;hr style="border:0; border-top:1px solid #ccc; margin:10px 0;"/&gt;
                &lt;p style="margin:4px 0;"&gt;&lt;b&gt;Matched:&lt;/b&gt; +ток(+10), +кладенец(+5)&lt;/p&gt;
                &lt;p style="margin:4px 0;"&gt;&lt;b&gt;Penalties:&lt;/b&gt; за ремонт(-15)&lt;/p&gt;
                &lt;hr style="border:0; border-top:1px solid #ccc; margin:10px 0;"/&gt;
                &lt;p style="margin-top:6px; color:#444;"&gt;&lt;b&gt;Description:&lt;/b&gt;&lt;/p&gt;
                &lt;p style="color:#555; font-size:13px; line-height:1.4;"&gt;Къща с дворно място на метри от язовир Искър в местност Пасарел красиво място на около 24 километра от Южната дъга на Околовръстното на град София . Достъпът е по 'Самокововско шосе' и около 200 метра черен път.  . Поземленият имот е с площ от 653 кв...&lt;/p&gt;
            &lt;/div&gt;
        ]]&gt;</description>
      <Point>
        <coordinates>23.51808,42.46523,0</coordinates>
      </Point>
    </Placemark>
    <Placemark>
      <name>Продава КЪЩА област София, с. Батулия Обява: 1j166434703069712 (8 800 €)</name>
      <ExtendedData>
        <SchemaData schemaUrl="#PropertySchema">
          <SimpleData name="Price">8 800 €</SimpleData>
          <SimpleData name="Size">30 кв.м</SimpleData>
          <SimpleData name="URL">https://www.imot.bg/obiava-1j166434703069712-prodava-kashta-oblast-sofiya-s-batuliya#playertag</SimpleData>
        </SchemaData>
      </ExtendedData>
      <styleUrl>#style_red</styleUrl>
      <description>&lt;![CDATA[
            &lt;div style="font-family: sans-serif; max-width: 320px;"&gt;
                &lt;img src="https://imotstatic3.focus.bg/imot/photosimotbg/1/712//big/1j166434703069712_uV.jpg" style="width:100%; height:auto; max-height:220px; object-fit:cover; border-radius:6px; margin-bottom:12px;"/&gt;
                &lt;hr style="border:0; border-top:1px solid #ccc; margin:10px 0;"/&gt;
                &lt;p style="margin:4px 0;"&gt;&lt;b&gt;Matched:&lt;/b&gt; None&lt;/p&gt;
                &lt;p style="margin:4px 0;"&gt;&lt;b&gt;Penalties:&lt;/b&gt; None&lt;/p&gt;
                &lt;hr style="border:0; border-top:1px solid #ccc; margin:10px 0;"/&gt;
                &lt;p style="margin-top:6px; color:#444;"&gt;&lt;b&gt;Description:&lt;/b&gt;&lt;/p&gt;
                &lt;p style="color:#555; font-size:13px; line-height:1.4;"&gt;Имотът се намира във вилната зона на с. Батулия, на около 30км. от София. В парцела има полуразрушена къща. В нотариалния акт е описана едноетажна масивна жилищна сграда и съответно може да се изгради наново без допълнителни разрешения. Има възможнос...&lt;/p&gt;
            &lt;/div&gt;
        ]]&gt;</description>
      <Point>
        <coordinates>23.42476,42.89703,0</coordinates>
      </Point>
    </Placemark>
    <Placemark>
      <name>Продава КЪЩА област София, с. Гурмазово Обява: 1j160276330635025 (25 000 €)</name>
      <ExtendedData>
        <SchemaData schemaUrl="#PropertySchema">
          <SimpleData name="Price">25 000 €</SimpleData>
          <SimpleData name="Size">45 кв.м</SimpleData>
          <SimpleData name="URL">https://www.imot.bg/obiava-1j160276330635025-prodava-kashta-oblast-sofiya-s-gurmazovo</SimpleData>
        </SchemaData>
      </ExtendedData>
      <styleUrl>#style_red</styleUrl>
      <description>&lt;![CDATA[
            &lt;div style="font-family: sans-serif; max-width: 320px;"&gt;
                &lt;img src="https://imotstatic2.focus.bg/imot/photosimotbg/1/025//big/1j160276330635025_Kw.jpg" style="width:100%; height:auto; max-height:220px; object-fit:cover; border-radius:6px; margin-bottom:12px;"/&gt;
                &lt;hr style="border:0; border-top:1px solid #ccc; margin:10px 0;"/&gt;
                &lt;p style="margin:4px 0;"&gt;&lt;b&gt;Matched:&lt;/b&gt; None&lt;/p&gt;
                &lt;p style="margin:4px 0;"&gt;&lt;b&gt;Penalties:&lt;/b&gt; None&lt;/p&gt;
                &lt;hr style="border:0; border-top:1px solid #ccc; margin:10px 0;"/&gt;
                &lt;p style="margin-top:6px; color:#444;"&gt;&lt;b&gt;Description:&lt;/b&gt;&lt;/p&gt;
                &lt;p style="color:#555; font-size:13px; line-height:1.4;"&gt;РИМАР 95- https://rimar95.bg/ Ви предлага къщи тип слобяеми от стоманена конструкция изграждаме я във ВАШ СОБСТВЕН ПАРЦЕЛ ЗАПОЧНЕТЕ ПРОЕКТА СИ СЕГА   най-доброто време за проектиране и подготовка. ЦЕНИ ОТ 500 евро до 950 евро в зависимост от квадрату...&lt;/p&gt;
            &lt;/div&gt;
        ]]&gt;</description>
      <Point>
        <coordinates>23.1695416,42.7437373,0</coordinates>
      </Point>
    </Placemark>
    <Placemark>
      <name>Продава КЪЩА област София, с. Луково Обява: 1j177365232366054 (37 000 €)</name>
      <ExtendedData>
        <SchemaData schemaUrl="#PropertySchema">
          <SimpleData name="Price">37 000 €</SimpleData>
          <SimpleData name="Size">32 кв.м</SimpleData>
          <SimpleData name="URL">https://www.imot.bg/obiava-1j177365232366054-prodava-kashta-oblast-sofiya-s-lukovo</SimpleData>
        </SchemaData>
      </ExtendedData>
      <styleUrl>#style_red</styleUrl>
      <description>&lt;![CDATA[
            &lt;div style="font-family: sans-serif; max-width: 320px;"&gt;
                &lt;img src="https://imotstatic2.focus.bg/imot/photosimotbg/1/054//big/1j177365232366054_3i.jpg" style="width:100%; height:auto; max-height:220px; object-fit:cover; border-radius:6px; margin-bottom:12px;"/&gt;
                &lt;hr style="border:0; border-top:1px solid #ccc; margin:10px 0;"/&gt;
                &lt;p style="margin:4px 0;"&gt;&lt;b&gt;Matched:&lt;/b&gt; None&lt;/p&gt;
                &lt;p style="margin:4px 0;"&gt;&lt;b&gt;Penalties:&lt;/b&gt; None&lt;/p&gt;
                &lt;hr style="border:0; border-top:1px solid #ccc; margin:10px 0;"/&gt;
                &lt;p style="margin-top:6px; color:#444;"&gt;&lt;b&gt;Description:&lt;/b&gt;&lt;/p&gt;
                &lt;p style="color:#555; font-size:13px; line-height:1.4;"&gt;ЕКСКЛУЗИВНА ОФЕРТА! Вилен имот с целегодишен достъп в с.Луково, общ.Своге. Застроена площ на 31.5 кв.м. и разчистено дворно място от 620 кв.м. ИД:73234 За директни клиенти! БЕЗПЛАТНО СЪДЕЙСТВИЕ ЗА БАНКОВО КРЕДИТИРАНЕ! За повече информация и оглед поз...&lt;/p&gt;
            &lt;/div&gt;
        ]]&gt;</description>
      <Point>
        <coordinates>23.408751,42.873346,0</coordinates>
      </Point>
    </Placemark>
    <Placemark>
      <name>Продава КЪЩА област София, с. Желен Обява: 1j172683675829727 (50 000 €)</name>
      <ExtendedData>
        <SchemaData schemaUrl="#PropertySchema">
          <SimpleData name="Price">50 000 €</SimpleData>
          <SimpleData name="Size">50 кв.м</SimpleData>
          <SimpleData name="URL">https://www.imot.bg/obiava-1j172683675829727-prodava-kashta-oblast-sofiya-s-zhelen</SimpleData>
        </SchemaData>
      </ExtendedData>
      <styleUrl>#style_red</styleUrl>
      <description>&lt;![CDATA[
            &lt;div style="font-family: sans-serif; max-width: 320px;"&gt;
                &lt;img src="https://cdn3.focus.bg/imot/photosimotbg/1/727//big/1j172683675829727_JG.jpg" style="width:100%; height:auto; max-height:220px; object-fit:cover; border-radius:6px; margin-bottom:12px;"/&gt;
                &lt;hr style="border:0; border-top:1px solid #ccc; margin:10px 0;"/&gt;
                &lt;p style="margin:4px 0;"&gt;&lt;b&gt;Matched:&lt;/b&gt; None&lt;/p&gt;
                &lt;p style="margin:4px 0;"&gt;&lt;b&gt;Penalties:&lt;/b&gt; None&lt;/p&gt;
                &lt;hr style="border:0; border-top:1px solid #ccc; margin:10px 0;"/&gt;
                &lt;p style="margin-top:6px; color:#444;"&gt;&lt;b&gt;Description:&lt;/b&gt;&lt;/p&gt;
                &lt;p style="color:#555; font-size:13px; line-height:1.4;"&gt;Продавам къща на 46 км.е от гр.София,в самия център на слънчевото село Желен. Красиви гледки към Искърското дефиле,чист въздух и живописна природа. Сградата разполага с четири стаи,сервизно помещение,вътрешна баня и тоалетна,голяма тераса с прекрасна...&lt;/p&gt;
            &lt;/div&gt;
        ]]&gt;</description>
      <Point>
        <coordinates>23.370681,42.98934,0</coordinates>
      </Point>
    </Placemark>
    <Placemark>
      <name>Продава КЪЩА област София, с. Калугерово Обява: 1j149933607995219 (17 895.22 €)</name>
      <ExtendedData>
        <SchemaData schemaUrl="#PropertySchema">
          <SimpleData name="Price">17 895.22 €</SimpleData>
          <SimpleData name="Size">120 кв.м</SimpleData>
          <SimpleData name="URL">https://www.imot.bg/obiava-1j149933607995219-prodava-kashta-oblast-sofiya-s-kalugerovo</SimpleData>
        </SchemaData>
      </ExtendedData>
      <styleUrl>#style_red</styleUrl>
      <description>&lt;![CDATA[
            &lt;div style="font-family: sans-serif; max-width: 320px;"&gt;
                &lt;img src="https://imotstatic1.focus.bg/imot/photosimotbg/1/219//big/1j149933607995219_1.pic" style="width:100%; height:auto; max-height:220px; object-fit:cover; border-radius:6px; margin-bottom:12px;"/&gt;
                &lt;hr style="border:0; border-top:1px solid #ccc; margin:10px 0;"/&gt;
                &lt;p style="margin:4px 0;"&gt;&lt;b&gt;Matched:&lt;/b&gt; None&lt;/p&gt;
                &lt;p style="margin:4px 0;"&gt;&lt;b&gt;Penalties:&lt;/b&gt; None&lt;/p&gt;
                &lt;hr style="border:0; border-top:1px solid #ccc; margin:10px 0;"/&gt;
                &lt;p style="margin-top:6px; color:#444;"&gt;&lt;b&gt;Description:&lt;/b&gt;&lt;/p&gt;
                &lt;p style="color:#555; font-size:13px; line-height:1.4;"&gt;имот в село Калугерово с площ от 3000 кв.м. , като в имота са разположени две жилищни сгради съответно със застроена площ от 50 кв.м. и 60кв.м. и второстепенна сгарада с площ от 20 кв.м....&lt;/p&gt;
            &lt;/div&gt;
        ]]&gt;</description>
      <Point>
        <coordinates>23.894525,42.990078,0</coordinates>
      </Point>
    </Placemark>
    <Placemark>
      <name>Продава КЪЩА област София, с. Гургулят Обява: 1j177851495213067 (27 900 €)</name>
      <ExtendedData>
        <SchemaData schemaUrl="#PropertySchema">
          <SimpleData name="Price">27 900 €</SimpleData>
          <SimpleData name="Size">40 кв.м</SimpleData>
          <SimpleData name="URL">https://www.imot.bg/obiava-1j177851495213067-prodava-kashta-oblast-sofiya-s-gurgulyat</SimpleData>
        </SchemaData>
      </ExtendedData>
      <styleUrl>#style_red</styleUrl>
      <description>&lt;![CDATA[
            &lt;div style="font-family: sans-serif; max-width: 320px;"&gt;
                &lt;img src="https://imotstatic1.focus.bg/imot/photosimotbg/1/067//big/1j177851495213067_gN.jpg" style="width:100%; height:auto; max-height:220px; object-fit:cover; border-radius:6px; margin-bottom:12px;"/&gt;
                &lt;hr style="border:0; border-top:1px solid #ccc; margin:10px 0;"/&gt;
                &lt;p style="margin:4px 0;"&gt;&lt;b&gt;Matched:&lt;/b&gt; None&lt;/p&gt;
                &lt;p style="margin:4px 0;"&gt;&lt;b&gt;Penalties:&lt;/b&gt; None&lt;/p&gt;
                &lt;hr style="border:0; border-top:1px solid #ccc; margin:10px 0;"/&gt;
                &lt;p style="margin-top:6px; color:#444;"&gt;&lt;b&gt;Description:&lt;/b&gt;&lt;/p&gt;
                &lt;p style="color:#555; font-size:13px; line-height:1.4;"&gt;Къща в китното селце Гургулят, намиращо се до гр.Сливница и на 30 минути от гр.София. Тишина и спокойствие в близост до столицата. Пътят до селото се асфалтира, а по новата магистрала се стига за по-малко от 30 мин. Къщата се състои от две стаи и кух...&lt;/p&gt;
            &lt;/div&gt;
        ]]&gt;</description>
      <Point>
        <coordinates>22.9757,42.79089,0</coordinates>
      </Point>
    </Placemark>
    <Placemark>
      <name>Продава КЪЩА област София, с. Горна Малина Обява: 1j177268112751374 (45 000 €)</name>
      <ExtendedData>
        <SchemaData schemaUrl="#PropertySchema">
          <SimpleData name="Price">45 000 €</SimpleData>
          <SimpleData name="Size">231 кв.м</SimpleData>
          <SimpleData name="URL">https://www.imot.bg/obiava-1j177268112751374-prodava-kashta-oblast-sofiya-s-gorna-malina</SimpleData>
        </SchemaData>
      </ExtendedData>
      <styleUrl>#style_red</styleUrl>
      <description>&lt;![CDATA[
            &lt;div style="font-family: sans-serif; max-width: 320px;"&gt;
                &lt;img src="https://cdn3.focus.bg/imot/photosimotbg/1/374//big/1j177268112751374_5k.jpg" style="width:100%; height:auto; max-height:220px; object-fit:cover; border-radius:6px; margin-bottom:12px;"/&gt;
                &lt;hr style="border:0; border-top:1px solid #ccc; margin:10px 0;"/&gt;
                &lt;p style="margin:4px 0;"&gt;&lt;b&gt;Matched:&lt;/b&gt; None&lt;/p&gt;
                &lt;p style="margin:4px 0;"&gt;&lt;b&gt;Penalties:&lt;/b&gt; None&lt;/p&gt;
                &lt;hr style="border:0; border-top:1px solid #ccc; margin:10px 0;"/&gt;
                &lt;p style="margin-top:6px; color:#444;"&gt;&lt;b&gt;Description:&lt;/b&gt;&lt;/p&gt;
                &lt;p style="color:#555; font-size:13px; line-height:1.4;"&gt;Проект за еднофамилна къща в етап на строителство с. Горна Малина. Възможност за закупуване на ранен етап при най-ниска цена. Проекта епроектиран със следното разпределение - 52кв Ниво -1, предвидено за  Котел, изба и складово помещение. - 104кв. Пар...&lt;/p&gt;
            &lt;/div&gt;
        ]]&gt;</description>
      <Point>
        <coordinates>23.705573,42.693771,0</coordinates>
      </Point>
    </Placemark>
    <Placemark>
      <name>Продава КЪЩА област София, с. Искрец Обява: 1j176640545359476 (34 000 €)</name>
      <ExtendedData>
        <SchemaData schemaUrl="#PropertySchema">
          <SimpleData name="Price">34 000 €</SimpleData>
          <SimpleData name="Size">40 кв.м</SimpleData>
          <SimpleData name="URL">https://www.imot.bg/obiava-1j176640545359476-prodava-kashta-oblast-sofiya-s-iskrets</SimpleData>
        </SchemaData>
      </ExtendedData>
      <styleUrl>#style_red</styleUrl>
      <description>&lt;![CDATA[
            &lt;div style="font-family: sans-serif; max-width: 320px;"&gt;
                &lt;img src="https://imotstatic3.focus.bg/imot/photosimotbg/1/476//big/1j176640545359476_VG.jpg" style="width:100%; height:auto; max-height:220px; object-fit:cover; border-radius:6px; margin-bottom:12px;"/&gt;
                &lt;hr style="border:0; border-top:1px solid #ccc; margin:10px 0;"/&gt;
                &lt;p style="margin:4px 0;"&gt;&lt;b&gt;Matched:&lt;/b&gt; None&lt;/p&gt;
                &lt;p style="margin:4px 0;"&gt;&lt;b&gt;Penalties:&lt;/b&gt; None&lt;/p&gt;
                &lt;hr style="border:0; border-top:1px solid #ccc; margin:10px 0;"/&gt;
                &lt;p style="margin-top:6px; color:#444;"&gt;&lt;b&gt;Description:&lt;/b&gt;&lt;/p&gt;
                &lt;p style="color:#555; font-size:13px; line-height:1.4;"&gt;На Вашето внимание предлагам за продажба къща в китното село Искрец.Само на 40км.от град София,сред невероятна природа и уникален въздух,подходящ за хора страдащи от белодробни и сърдечни заболявания. Къщата е на два етажа,първото ниво има хол с вътр...&lt;/p&gt;
            &lt;/div&gt;
        ]]&gt;</description>
      <Point>
        <coordinates>23.2523047,42.9869388,0</coordinates>
      </Point>
    </Placemark>
    <Placemark>
      <name>Продава КЪЩА област София, с. Мала Раковица с.РАДУЙ Обява: 1j178612795809794 (29 990 €)</name>
      <ExtendedData>
        <SchemaData schemaUrl="#PropertySchema">
          <SimpleData name="Price">29 990 €</SimpleData>
          <SimpleData name="Size">87 кв.м</SimpleData>
          <SimpleData name="URL">https://www.imot.bg/obiava-1j178612795809794-prodava-kashta-oblast-sofiya-s-mala-rakovitsa-s-raduy</SimpleData>
        </SchemaData>
      </ExtendedData>
      <styleUrl>#style_red</styleUrl>
      <description>&lt;![CDATA[
            &lt;div style="font-family: sans-serif; max-width: 320px;"&gt;
                &lt;img src="https://imotstatic2.focus.bg/imot/photosimotbg/1/794//big/1j178612795809794_GZ.jpg" style="width:100%; height:auto; max-height:220px; object-fit:cover; border-radius:6px; margin-bottom:12px;"/&gt;
                &lt;hr style="border:0; border-top:1px solid #ccc; margin:10px 0;"/&gt;
                &lt;p style="margin:4px 0;"&gt;&lt;b&gt;Matched:&lt;/b&gt; None&lt;/p&gt;
                &lt;p style="margin:4px 0;"&gt;&lt;b&gt;Penalties:&lt;/b&gt; None&lt;/p&gt;
                &lt;hr style="border:0; border-top:1px solid #ccc; margin:10px 0;"/&gt;
                &lt;p style="margin-top:6px; color:#444;"&gt;&lt;b&gt;Description:&lt;/b&gt;&lt;/p&gt;
                &lt;p style="color:#555; font-size:13px; line-height:1.4;"&gt;Физическо лице, собственик на недвижим имот : Двуетажна масивна вилна сграда с разгърната  застроена площ от 86,60 / осемдесет и шест цяло и шестдесет стотни / кв.м., заедно с право на строеж върху урегулирания поземлен имот, в който е построена, инд...&lt;/p&gt;
            &lt;/div&gt;
        ]]&gt;</description>
      <Point>
        <coordinates>23.052464,42.729723,0</coordinates>
      </Point>
    </Placemark>
    <Placemark>
      <name>Продава КЪЩА област София, с. Заселе Обява: 1j172683254410109 (27 000 €)</name>
      <ExtendedData>
        <SchemaData schemaUrl="#PropertySchema">
          <SimpleData name="Price">27 000 €</SimpleData>
          <SimpleData name="Size">49 кв.м</SimpleData>
          <SimpleData name="URL">https://www.imot.bg/obiava-1j172683254410109-prodava-kashta-oblast-sofiya-s-zasele</SimpleData>
        </SchemaData>
      </ExtendedData>
      <styleUrl>#style_red</styleUrl>
      <description>&lt;![CDATA[
            &lt;div style="font-family: sans-serif; max-width: 320px;"&gt;
                &lt;img src="https://imotstatic2.focus.bg/imot/photosimotbg/1/109//big/1j172683254410109_Lr.jpg" style="width:100%; height:auto; max-height:220px; object-fit:cover; border-radius:6px; margin-bottom:12px;"/&gt;
                &lt;hr style="border:0; border-top:1px solid #ccc; margin:10px 0;"/&gt;
                &lt;p style="margin:4px 0;"&gt;&lt;b&gt;Matched:&lt;/b&gt; None&lt;/p&gt;
                &lt;p style="margin:4px 0;"&gt;&lt;b&gt;Penalties:&lt;/b&gt; None&lt;/p&gt;
                &lt;hr style="border:0; border-top:1px solid #ccc; margin:10px 0;"/&gt;
                &lt;p style="margin-top:6px; color:#444;"&gt;&lt;b&gt;Description:&lt;/b&gt;&lt;/p&gt;
                &lt;p style="color:#555; font-size:13px; line-height:1.4;"&gt;На Вашето внимание предлагам за продажба вила в планинското село Заселе.Селото се намира в община Своге и на 50км.от град София.Сред невероятна природа и изумителни гледки.Достъпът до имота е по здрав макадам около 400м.,подходящ за лек автомобил.Дво...&lt;/p&gt;
            &lt;/div&gt;
        ]]&gt;</description>
      <Point>
        <coordinates>23.3302001,43.0398398,0</coordinates>
      </Point>
    </Placemark>
    <Placemark>
      <name>Продава КЪЩА област София, с. Осиковица Обява: 1j172257036636217 (40 000 €)</name>
      <ExtendedData>
        <SchemaData schemaUrl="#PropertySchema">
          <SimpleData name="Price">40 000 €</SimpleData>
          <SimpleData name="Size">139 кв.м</SimpleData>
          <SimpleData name="URL">https://www.imot.bg/obiava-1j172257036636217-prodava-kashta-oblast-sofiya-s-osikovitsa</SimpleData>
        </SchemaData>
      </ExtendedData>
      <styleUrl>#style_red</styleUrl>
      <description>&lt;![CDATA[
            &lt;div style="font-family: sans-serif; max-width: 320px;"&gt;
                &lt;img src="https://imotstatic4.focus.bg/imot/photosimotbg/1/217//big/1j172257036636217_Yb.jpg" style="width:100%; height:auto; max-height:220px; object-fit:cover; border-radius:6px; margin-bottom:12px;"/&gt;
                &lt;hr style="border:0; border-top:1px solid #ccc; margin:10px 0;"/&gt;
                &lt;p style="margin:4px 0;"&gt;&lt;b&gt;Matched:&lt;/b&gt; None&lt;/p&gt;
                &lt;p style="margin:4px 0;"&gt;&lt;b&gt;Penalties:&lt;/b&gt; None&lt;/p&gt;
                &lt;hr style="border:0; border-top:1px solid #ccc; margin:10px 0;"/&gt;
                &lt;p style="margin-top:6px; color:#444;"&gt;&lt;b&gt;Description:&lt;/b&gt;&lt;/p&gt;
                &lt;p style="color:#555; font-size:13px; line-height:1.4;"&gt;Предлагаме ви масивна двуетажна къща във вилната зона на село Осиковица....&lt;/p&gt;
            &lt;/div&gt;
        ]]&gt;</description>
      <Point>
        <coordinates>24.0106718,42.9367642,0</coordinates>
      </Point>
    </Placemark>
    <Placemark>
      <name>Продава КЪЩА област София, с. Реброво Обява: 1j178034582595273 (36 000 €)</name>
      <ExtendedData>
        <SchemaData schemaUrl="#PropertySchema">
          <SimpleData name="Price">36 000 €</SimpleData>
          <SimpleData name="Size">50 кв.м</SimpleData>
          <SimpleData name="URL">https://www.imot.bg/obiava-1j178034582595273-prodava-kashta-oblast-sofiya-s-rebrovo</SimpleData>
        </SchemaData>
      </ExtendedData>
      <styleUrl>#style_red</styleUrl>
      <description>&lt;![CDATA[
            &lt;div style="font-family: sans-serif; max-width: 320px;"&gt;
                &lt;img src="https://imotstatic2.focus.bg/imot/photosimotbg/1/273//big/1j178034582595273_bp.jpg" style="width:100%; height:auto; max-height:220px; object-fit:cover; border-radius:6px; margin-bottom:12px;"/&gt;
                &lt;hr style="border:0; border-top:1px solid #ccc; margin:10px 0;"/&gt;
                &lt;p style="margin:4px 0;"&gt;&lt;b&gt;Matched:&lt;/b&gt; None&lt;/p&gt;
                &lt;p style="margin:4px 0;"&gt;&lt;b&gt;Penalties:&lt;/b&gt; None&lt;/p&gt;
                &lt;hr style="border:0; border-top:1px solid #ccc; margin:10px 0;"/&gt;
                &lt;p style="margin-top:6px; color:#444;"&gt;&lt;b&gt;Description:&lt;/b&gt;&lt;/p&gt;
                &lt;p style="color:#555; font-size:13px; line-height:1.4;"&gt;LA MAISON предлага на вашето внимание къща в с.РЕБРОВО. Селото се намира на 30 мин от София и е подходящо за вила. Двора е терасиран с големина 1000 кв.м. Предлагаме съдействие за ипотечно кредитиране и изготвяне на пазарна оценка на имота. Обадете с...&lt;/p&gt;
            &lt;/div&gt;
        ]]&gt;</description>
      <Point>
        <coordinates>23.399765,42.902475,0</coordinates>
      </Point>
    </Placemark>
    <Placemark>
      <name>Продава КЪЩА област София, с. Реброво Обява: 1j175813956279525 (24 000 €)</name>
      <ExtendedData>
        <SchemaData schemaUrl="#PropertySchema">
          <SimpleData name="Price">24 000 €</SimpleData>
          <SimpleData name="Size">51 кв.м</SimpleData>
          <SimpleData name="URL">https://www.imot.bg/obiava-1j175813956279525-prodava-kashta-oblast-sofiya-s-rebrovo</SimpleData>
        </SchemaData>
      </ExtendedData>
      <styleUrl>#style_red</styleUrl>
      <description>&lt;![CDATA[
            &lt;div style="font-family: sans-serif; max-width: 320px;"&gt;
                &lt;img src="https://cdn3.focus.bg/imot/photosimotbg/1/525//big/1k175813956279525_jm.jpg" style="width:100%; height:auto; max-height:220px; object-fit:cover; border-radius:6px; margin-bottom:12px;"/&gt;
                &lt;hr style="border:0; border-top:1px solid #ccc; margin:10px 0;"/&gt;
                &lt;p style="margin:4px 0;"&gt;&lt;b&gt;Matched:&lt;/b&gt; None&lt;/p&gt;
                &lt;p style="margin:4px 0;"&gt;&lt;b&gt;Penalties:&lt;/b&gt; None&lt;/p&gt;
                &lt;hr style="border:0; border-top:1px solid #ccc; margin:10px 0;"/&gt;
                &lt;p style="margin-top:6px; color:#444;"&gt;&lt;b&gt;Description:&lt;/b&gt;&lt;/p&gt;
                &lt;p style="color:#555; font-size:13px; line-height:1.4;"&gt;Агенция за недвижими имоти 'Елтон Имоти' продава вилен имот, намиращ се над с. Реброво, м. 'Голяма полена', с впечатляващ панорамен изглед към искърското дефиле. Имотът е с площ 560 кв м, със стара къща на 2 ет, застроена на 51 кв.м. и втора едноетаж...&lt;/p&gt;
            &lt;/div&gt;
        ]]&gt;</description>
      <Point>
        <coordinates>23.399375,42.902475,0</coordinates>
      </Point>
    </Placemark>
    <Placemark>
      <name>Продава КЪЩА област София, с. Огоя Обява: 1j171759612679198 (34 500 €)</name>
      <ExtendedData>
        <SchemaData schemaUrl="#PropertySchema">
          <SimpleData name="Price">34 500 €</SimpleData>
          <SimpleData name="Size">85 кв.м</SimpleData>
          <SimpleData name="URL">https://www.imot.bg/obiava-1j171759612679198-prodava-kashta-oblast-sofiya-s-ogoya</SimpleData>
        </SchemaData>
      </ExtendedData>
      <styleUrl>#style_red</styleUrl>
      <description>&lt;![CDATA[
            &lt;div style="font-family: sans-serif; max-width: 320px;"&gt;
                &lt;img src="https://cdn3.focus.bg/imot/photosimotbg/1/198//big/1j171759612679198_bx.jpg" style="width:100%; height:auto; max-height:220px; object-fit:cover; border-radius:6px; margin-bottom:12px;"/&gt;
                &lt;hr style="border:0; border-top:1px solid #ccc; margin:10px 0;"/&gt;
                &lt;p style="margin:4px 0;"&gt;&lt;b&gt;Matched:&lt;/b&gt; None&lt;/p&gt;
                &lt;p style="margin:4px 0;"&gt;&lt;b&gt;Penalties:&lt;/b&gt; None&lt;/p&gt;
                &lt;hr style="border:0; border-top:1px solid #ccc; margin:10px 0;"/&gt;
                &lt;p style="margin-top:6px; color:#444;"&gt;&lt;b&gt;Description:&lt;/b&gt;&lt;/p&gt;
                &lt;p style="color:#555; font-size:13px; line-height:1.4;"&gt;Home Life ви предлага красива селска къща от средата на миналия век сред прекрасни планински гледки за продажба. Село Огоя е разположено в планински район, в Западната част на Стара планина на 45 км северно от София. Намира се на 900 м надморска висо...&lt;/p&gt;
            &lt;/div&gt;
        ]]&gt;</description>
      <Point>
        <coordinates>23.5214667,42.9064208,0</coordinates>
      </Point>
    </Placemark>
    <Placemark>
      <name>Продава КЪЩА област София, с. Ямна Обява: 1j176638450652981 (25 000 €)</name>
      <ExtendedData>
        <SchemaData schemaUrl="#PropertySchema">
          <SimpleData name="Price">25 000 €</SimpleData>
          <SimpleData name="Size">70 кв.м</SimpleData>
          <SimpleData name="URL">https://www.imot.bg/obiava-1j176638450652981-prodava-kashta-oblast-sofiya-s-yamna</SimpleData>
        </SchemaData>
      </ExtendedData>
      <styleUrl>#style_red</styleUrl>
      <description>&lt;![CDATA[
            &lt;div style="font-family: sans-serif; max-width: 320px;"&gt;
                &lt;img src="https://imotstatic4.focus.bg/imot/photosimotbg/1/981//big/1j176638450652981_vm.jpg" style="width:100%; height:auto; max-height:220px; object-fit:cover; border-radius:6px; margin-bottom:12px;"/&gt;
                &lt;hr style="border:0; border-top:1px solid #ccc; margin:10px 0;"/&gt;
                &lt;p style="margin:4px 0;"&gt;&lt;b&gt;Matched:&lt;/b&gt; None&lt;/p&gt;
                &lt;p style="margin:4px 0;"&gt;&lt;b&gt;Penalties:&lt;/b&gt; None&lt;/p&gt;
                &lt;hr style="border:0; border-top:1px solid #ccc; margin:10px 0;"/&gt;
                &lt;p style="margin-top:6px; color:#444;"&gt;&lt;b&gt;Description:&lt;/b&gt;&lt;/p&gt;
                &lt;p style="color:#555; font-size:13px; line-height:1.4;"&gt;СПЕШНО!!! Продава се парцелен имот с площ 4 декара, разположен в живописното село Ямна, община Етрополе   район с изключително чист въздух, тишина и природа. Имотът се намира на по-високо място, в близост до река и гори, с красиви панорамни гледки. В...&lt;/p&gt;
            &lt;/div&gt;
        ]]&gt;</description>
      <Point>
        <coordinates>24.10785,42.83277,0</coordinates>
      </Point>
    </Placemark>
    <Placemark>
      <name>Продава КЪЩА област София, с. Шипочане Обява: 1j176079650347905 (44 000 €)</name>
      <ExtendedData>
        <SchemaData schemaUrl="#PropertySchema">
          <SimpleData name="Price">44 000 €</SimpleData>
          <SimpleData name="Size">73 кв.м</SimpleData>
          <SimpleData name="URL">https://www.imot.bg/obiava-1j176079650347905-prodava-kashta-oblast-sofiya-s-shipochane</SimpleData>
        </SchemaData>
      </ExtendedData>
      <styleUrl>#style_red</styleUrl>
      <description>&lt;![CDATA[
            &lt;div style="font-family: sans-serif; max-width: 320px;"&gt;
                &lt;img src="https://imotstatic1.focus.bg/imot/photosimotbg/1/905//big/1j176079650347905_L8.jpg" style="width:100%; height:auto; max-height:220px; object-fit:cover; border-radius:6px; margin-bottom:12px;"/&gt;
                &lt;hr style="border:0; border-top:1px solid #ccc; margin:10px 0;"/&gt;
                &lt;p style="margin:4px 0;"&gt;&lt;b&gt;Matched:&lt;/b&gt; None&lt;/p&gt;
                &lt;p style="margin:4px 0;"&gt;&lt;b&gt;Penalties:&lt;/b&gt; None&lt;/p&gt;
                &lt;hr style="border:0; border-top:1px solid #ccc; margin:10px 0;"/&gt;
                &lt;p style="margin-top:6px; color:#444;"&gt;&lt;b&gt;Description:&lt;/b&gt;&lt;/p&gt;
                &lt;p style="color:#555; font-size:13px; line-height:1.4;"&gt;ДИВА Пропъртис предлага в продажба еднофамилна къща в тихото и спокойно село Шипочане, община Самоков на 6 км от град Самоков. Къщата е разположена в централната част на селото, самостоятелна е и съседните имоти са целогодишно обитавани. Разпределена...&lt;/p&gt;
            &lt;/div&gt;
        ]]&gt;</description>
      <Point>
        <coordinates>23.61041,42.34588,0</coordinates>
      </Point>
    </Placemark>
    <Placemark>
      <name>Продава КЪЩА област София, с. Чавдар Обява: 1j178541116469499 (45 000 €)</name>
      <ExtendedData>
        <SchemaData schemaUrl="#PropertySchema">
          <SimpleData name="Price">45 000 €</SimpleData>
          <SimpleData name="Size">60 кв.м</SimpleData>
          <SimpleData name="URL">https://www.imot.bg/obiava-1j178541116469499-prodava-kashta-oblast-sofiya-s-chavdar</SimpleData>
        </SchemaData>
      </ExtendedData>
      <styleUrl>#style_red</styleUrl>
      <description>&lt;![CDATA[
            &lt;div style="font-family: sans-serif; max-width: 320px;"&gt;
                &lt;img src="https://imotstatic4.focus.bg/imot/photosimotbg/1/499//big/1j178541116469499_A4.jpg" style="width:100%; height:auto; max-height:220px; object-fit:cover; border-radius:6px; margin-bottom:12px;"/&gt;
                &lt;hr style="border:0; border-top:1px solid #ccc; margin:10px 0;"/&gt;
                &lt;p style="margin:4px 0;"&gt;&lt;b&gt;Matched:&lt;/b&gt; None&lt;/p&gt;
                &lt;p style="margin:4px 0;"&gt;&lt;b&gt;Penalties:&lt;/b&gt; None&lt;/p&gt;
                &lt;hr style="border:0; border-top:1px solid #ccc; margin:10px 0;"/&gt;
                &lt;p style="margin-top:6px; color:#444;"&gt;&lt;b&gt;Description:&lt;/b&gt;&lt;/p&gt;
                &lt;p style="color:#555; font-size:13px; line-height:1.4;"&gt;Повече информация на посочения номер....&lt;/p&gt;
            &lt;/div&gt;
        ]]&gt;</description>
      <Point>
        <coordinates>24.056008,42.660724,0</coordinates>
      </Point>
    </Placemark>
    <Placemark>
      <name>Продава КЪЩА област София, с. Церово м.Гоничето Обява: 1j174136557181727 (10 000 €)</name>
      <ExtendedData>
        <SchemaData schemaUrl="#PropertySchema">
          <SimpleData name="Price">10 000 €</SimpleData>
          <SimpleData name="Size">32 кв.м</SimpleData>
          <SimpleData name="URL">https://www.imot.bg/obiava-1j174136557181727-prodava-kashta-oblast-sofiya-s-tserovo-m-gonicheto</SimpleData>
        </SchemaData>
      </ExtendedData>
      <styleUrl>#style_red</styleUrl>
      <description>&lt;![CDATA[
            &lt;div style="font-family: sans-serif; max-width: 320px;"&gt;
                &lt;img src="https://cdn3.focus.bg/imot/photosimotbg/1/727//big/1j174136557181727_Ac.jpg" style="width:100%; height:auto; max-height:220px; object-fit:cover; border-radius:6px; margin-bottom:12px;"/&gt;
                &lt;hr style="border:0; border-top:1px solid #ccc; margin:10px 0;"/&gt;
                &lt;p style="margin:4px 0;"&gt;&lt;b&gt;Matched:&lt;/b&gt; +вода(+10), +канализация(+10)&lt;/p&gt;
                &lt;p style="margin:4px 0;"&gt;&lt;b&gt;Penalties:&lt;/b&gt; без вода(-20)&lt;/p&gt;
                &lt;hr style="border:0; border-top:1px solid #ccc; margin:10px 0;"/&gt;
                &lt;p style="margin-top:6px; color:#444;"&gt;&lt;b&gt;Description:&lt;/b&gt;&lt;/p&gt;
                &lt;p style="color:#555; font-size:13px; line-height:1.4;"&gt;Без комисиона от купувача. Агенция за недвижими имоти Sofia City View предлага за продажба полумасивна вилна постройка във вилната зона на с.Церово, махала ,,Горничето', общ.Своге. Парцелът е 515кв.м, равен, като в съседство има други вилни постройки...&lt;/p&gt;
            &lt;/div&gt;
        ]]&gt;</description>
      <Point>
        <coordinates>23.347507,43.003819,0</coordinates>
      </Point>
    </Placemark>
    <Placemark>
      <name>Продава КЪЩА област София, с. Ямна Обява: 1j176638450652981 (25 000 €)</name>
      <ExtendedData>
        <SchemaData schemaUrl="#PropertySchema">
          <SimpleData name="Price">25 000 €</SimpleData>
          <SimpleData name="Size">70 кв.м</SimpleData>
          <SimpleData name="URL">https://www.imot.bg/obiava-1j176638450652981-prodava-kashta-oblast-sofiya-s-yamna#playertag</SimpleData>
        </SchemaData>
      </ExtendedData>
      <styleUrl>#style_red</styleUrl>
      <description>&lt;![CDATA[
            &lt;div style="font-family: sans-serif; max-width: 320px;"&gt;
                &lt;img src="https://imotstatic4.focus.bg/imot/photosimotbg/1/981//big/1j176638450652981_vm.jpg" style="width:100%; height:auto; max-height:220px; object-fit:cover; border-radius:6px; margin-bottom:12px;"/&gt;
                &lt;hr style="border:0; border-top:1px solid #ccc; margin:10px 0;"/&gt;
                &lt;p style="margin:4px 0;"&gt;&lt;b&gt;Matched:&lt;/b&gt; None&lt;/p&gt;
                &lt;p style="margin:4px 0;"&gt;&lt;b&gt;Penalties:&lt;/b&gt; None&lt;/p&gt;
                &lt;hr style="border:0; border-top:1px solid #ccc; margin:10px 0;"/&gt;
                &lt;p style="margin-top:6px; color:#444;"&gt;&lt;b&gt;Description:&lt;/b&gt;&lt;/p&gt;
                &lt;p style="color:#555; font-size:13px; line-height:1.4;"&gt;СПЕШНО!!! Продава се парцелен имот с площ 4 декара, разположен в живописното село Ямна, община Етрополе   район с изключително чист въздух, тишина и природа. Имотът се намира на по-високо място, в близост до река и гори, с красиви панорамни гледки. В...&lt;/p&gt;
            &lt;/div&gt;
        ]]&gt;</description>
      <Point>
        <coordinates>24.10785,42.83187,0</coordinates>
      </Point>
    </Placemark>
    <Placemark>
      <name>Продава КЪЩА област София, с. Чавдар Обява: 1j178541116469499 (45 000 €)</name>
      <ExtendedData>
        <SchemaData schemaUrl="#PropertySchema">
          <SimpleData name="Price">45 000 €</SimpleData>
          <SimpleData name="Size">60 кв.м</SimpleData>
          <SimpleData name="URL">https://www.imot.bg/obiava-1j178541116469499-prodava-kashta-oblast-sofiya-s-chavdar#playertag</SimpleData>
        </SchemaData>
      </ExtendedData>
      <styleUrl>#style_red</styleUrl>
      <description>&lt;![CDATA[
            &lt;div style="font-family: sans-serif; max-width: 320px;"&gt;
                &lt;img src="https://imotstatic4.focus.bg/imot/photosimotbg/1/499//big/1j178541116469499_A4.jpg" style="width:100%; height:auto; max-height:220px; object-fit:cover; border-radius:6px; margin-bottom:12px;"/&gt;
                &lt;hr style="border:0; border-top:1px solid #ccc; margin:10px 0;"/&gt;
                &lt;p style="margin:4px 0;"&gt;&lt;b&gt;Matched:&lt;/b&gt; None&lt;/p&gt;
                &lt;p style="margin:4px 0;"&gt;&lt;b&gt;Penalties:&lt;/b&gt; None&lt;/p&gt;
                &lt;hr style="border:0; border-top:1px solid #ccc; margin:10px 0;"/&gt;
                &lt;p style="margin-top:6px; color:#444;"&gt;&lt;b&gt;Description:&lt;/b&gt;&lt;/p&gt;
                &lt;p style="color:#555; font-size:13px; line-height:1.4;"&gt;Повече информация на посочения номер....&lt;/p&gt;
            &lt;/div&gt;
        ]]&gt;</description>
      <Point>
        <coordinates>24.056008,42.659824,0</coordinates>
      </Point>
    </Placemark>
    <Placemark>
      <name>Продава КЪЩА област София, с. Туден Обява: 1j171843327478814 (30 000 €)</name>
      <ExtendedData>
        <SchemaData schemaUrl="#PropertySchema">
          <SimpleData name="Price">30 000 €</SimpleData>
          <SimpleData name="Size">30 кв.м</SimpleData>
          <SimpleData name="URL">https://www.imot.bg/obiava-1j171843327478814-prodava-kashta-oblast-sofiya-s-tuden</SimpleData>
        </SchemaData>
      </ExtendedData>
      <styleUrl>#style_red</styleUrl>
      <description>&lt;![CDATA[
            &lt;div style="font-family: sans-serif; max-width: 320px;"&gt;
                &lt;img src="https://imotstatic1.focus.bg/imot/photosimotbg/1/814//big/1j171843327478814_Uy.jpg" style="width:100%; height:auto; max-height:220px; object-fit:cover; border-radius:6px; margin-bottom:12px;"/&gt;
                &lt;hr style="border:0; border-top:1px solid #ccc; margin:10px 0;"/&gt;
                &lt;p style="margin:4px 0;"&gt;&lt;b&gt;Matched:&lt;/b&gt; None&lt;/p&gt;
                &lt;p style="margin:4px 0;"&gt;&lt;b&gt;Penalties:&lt;/b&gt; None&lt;/p&gt;
                &lt;hr style="border:0; border-top:1px solid #ccc; margin:10px 0;"/&gt;
                &lt;p style="margin-top:6px; color:#444;"&gt;&lt;b&gt;Description:&lt;/b&gt;&lt;/p&gt;
                &lt;p style="color:#555; font-size:13px; line-height:1.4;"&gt;Продавам имот в с. Туден махала ' Кюркчииска' Намира се на 49 км. От София и 5 км. на запад от гр. Годеч. Къщата е едноетажна в добро състояние суха и проветрива. Състои се от една стая 4,5 м. на 4,5 м., кухня 3 м. на 2,5 м. ,тераса 3 м.на 1,5 м. Сто...&lt;/p&gt;
            &lt;/div&gt;
        ]]&gt;</description>
      <Point>
        <coordinates>22.9926791,43.0089739,0</coordinates>
      </Point>
    </Placemark>
    <Placemark>
      <name>Продава ВИЛА област София, с. Желен Драганово бърдо Обява: 1k174737714739275 (50 000 €)</name>
      <ExtendedData>
        <SchemaData schemaUrl="#PropertySchema">
          <SimpleData name="Price">50 000 €</SimpleData>
          <SimpleData name="Size">120 кв.м</SimpleData>
          <SimpleData name="URL">https://www.imot.bg/obiava-1k174737714739275-prodava-vila-oblast-sofiya-s-zhelen-draganovo-bardo</SimpleData>
        </SchemaData>
      </ExtendedData>
      <styleUrl>#style_red</styleUrl>
      <description>&lt;![CDATA[
            &lt;div style="font-family: sans-serif; max-width: 320px;"&gt;
                &lt;img src="https://imotstatic2.focus.bg/imot/photosimotbg/1/275//big/1k174737714739275_Pr.jpg" style="width:100%; height:auto; max-height:220px; object-fit:cover; border-radius:6px; margin-bottom:12px;"/&gt;
                &lt;hr style="border:0; border-top:1px solid #ccc; margin:10px 0;"/&gt;
                &lt;p style="margin:4px 0;"&gt;&lt;b&gt;Matched:&lt;/b&gt; None&lt;/p&gt;
                &lt;p style="margin:4px 0;"&gt;&lt;b&gt;Penalties:&lt;/b&gt; None&lt;/p&gt;
                &lt;hr style="border:0; border-top:1px solid #ccc; margin:10px 0;"/&gt;
                &lt;p style="margin-top:6px; color:#444;"&gt;&lt;b&gt;Description:&lt;/b&gt;&lt;/p&gt;
                &lt;p style="color:#555; font-size:13px; line-height:1.4;"&gt;Вилата се намира на 4км от град Своге вилна зона Драганово Бърдо....&lt;/p&gt;
            &lt;/div&gt;
        ]]&gt;</description>
      <Point>
        <coordinates>23.370768,42.989721,0</coordinates>
      </Point>
    </Placemark>
    <Placemark>
      <name>Продава ВИЛА област София, с. Редина Обява: 1k177537739418931 (33 000 €)</name>
      <ExtendedData>
        <SchemaData schemaUrl="#PropertySchema">
          <SimpleData name="Price">33 000 €</SimpleData>
          <SimpleData name="Size">72 кв.м</SimpleData>
          <SimpleData name="URL">https://www.imot.bg/obiava-1k177537739418931-prodava-vila-oblast-sofiya-s-redina</SimpleData>
        </SchemaData>
      </ExtendedData>
      <styleUrl>#style_red</styleUrl>
      <description>&lt;![CDATA[
            &lt;div style="font-family: sans-serif; max-width: 320px;"&gt;
                &lt;img src="https://imotstatic3.focus.bg/imot/photosimotbg/1/931//big/1k177537739418931_tD.jpg" style="width:100%; height:auto; max-height:220px; object-fit:cover; border-radius:6px; margin-bottom:12px;"/&gt;
                &lt;hr style="border:0; border-top:1px solid #ccc; margin:10px 0;"/&gt;
                &lt;p style="margin:4px 0;"&gt;&lt;b&gt;Matched:&lt;/b&gt; None&lt;/p&gt;
                &lt;p style="margin:4px 0;"&gt;&lt;b&gt;Penalties:&lt;/b&gt; None&lt;/p&gt;
                &lt;hr style="border:0; border-top:1px solid #ccc; margin:10px 0;"/&gt;
                &lt;p style="margin-top:6px; color:#444;"&gt;&lt;b&gt;Description:&lt;/b&gt;&lt;/p&gt;
                &lt;p style="color:#555; font-size:13px; line-height:1.4;"&gt;Вилата е за основен ремонт....&lt;/p&gt;
            &lt;/div&gt;
        ]]&gt;</description>
      <Point>
        <coordinates>23.3800639,42.9464735,0</coordinates>
      </Point>
    </Placemark>
    <Placemark>
      <name>Продава ВИЛА област София, с. Церецел Обява: 1k178783573059658 (20 999 €)</name>
      <ExtendedData>
        <SchemaData schemaUrl="#PropertySchema">
          <SimpleData name="Price">20 999 €</SimpleData>
          <SimpleData name="Size">60 кв.м</SimpleData>
          <SimpleData name="URL">https://www.imot.bg/obiava-1k178783573059658-prodava-vila-oblast-sofiya-s-tseretsel</SimpleData>
        </SchemaData>
      </ExtendedData>
      <styleUrl>#style_red</styleUrl>
      <description>&lt;![CDATA[
            &lt;div style="font-family: sans-serif; max-width: 320px;"&gt;
                &lt;img src="https://imotstatic3.focus.bg/imot/photosimotbg/1/658//big/1k178783573059658_Ia.jpg" style="width:100%; height:auto; max-height:220px; object-fit:cover; border-radius:6px; margin-bottom:12px;"/&gt;
                &lt;hr style="border:0; border-top:1px solid #ccc; margin:10px 0;"/&gt;
                &lt;p style="margin:4px 0;"&gt;&lt;b&gt;Matched:&lt;/b&gt; None&lt;/p&gt;
                &lt;p style="margin:4px 0;"&gt;&lt;b&gt;Penalties:&lt;/b&gt; None&lt;/p&gt;
                &lt;hr style="border:0; border-top:1px solid #ccc; margin:10px 0;"/&gt;
                &lt;p style="margin-top:6px; color:#444;"&gt;&lt;b&gt;Description:&lt;/b&gt;&lt;/p&gt;
                &lt;p style="color:#555; font-size:13px; line-height:1.4;"&gt;СПОКОЙСТВИЕ ! ! ! ЧИСТ ВЪЗДУХ ! ! ! Предлагаме на вашето внимание двуетажна вила на 42 км. от София със следното функционално разпределение: първо ниво: входно антре, дневна, кухня, две спални с излаз към обща тераса; второ ниво: работилница и спалня...&lt;/p&gt;
            &lt;/div&gt;
        ]]&gt;</description>
      <Point>
        <coordinates>23.32981,42.912165,0</coordinates>
      </Point>
    </Placemark>
    <Placemark>
      <name>Продава ВИЛА област София, с. Свидня Обява: 1k172647572110401 (22 000 €)</name>
      <ExtendedData>
        <SchemaData schemaUrl="#PropertySchema">
          <SimpleData name="Price">22 000 €</SimpleData>
          <SimpleData name="Size">85 кв.м</SimpleData>
          <SimpleData name="URL">https://www.imot.bg/obiava-1k172647572110401-prodava-vila-oblast-sofiya-s-svidnya</SimpleData>
        </SchemaData>
      </ExtendedData>
      <styleUrl>#style_red</styleUrl>
      <description>&lt;![CDATA[
            &lt;div style="font-family: sans-serif; max-width: 320px;"&gt;
                &lt;img src="https://imotstatic4.focus.bg/imot/photosimotbg/1/401//big/1k172647572110401_zF.jpg" style="width:100%; height:auto; max-height:220px; object-fit:cover; border-radius:6px; margin-bottom:12px;"/&gt;
                &lt;hr style="border:0; border-top:1px solid #ccc; margin:10px 0;"/&gt;
                &lt;p style="margin:4px 0;"&gt;&lt;b&gt;Matched:&lt;/b&gt; None&lt;/p&gt;
                &lt;p style="margin:4px 0;"&gt;&lt;b&gt;Penalties:&lt;/b&gt; None&lt;/p&gt;
                &lt;hr style="border:0; border-top:1px solid #ccc; margin:10px 0;"/&gt;
                &lt;p style="margin-top:6px; color:#444;"&gt;&lt;b&gt;Description:&lt;/b&gt;&lt;/p&gt;
                &lt;p style="color:#555; font-size:13px; line-height:1.4;"&gt;Вилата е на два етажа. Приземен полувкопан етаж с площ 34 кв. м. Надземен етаж с площ 51  кв. м....&lt;/p&gt;
            &lt;/div&gt;
        ]]&gt;</description>
      <Point>
        <coordinates>23.298065,42.96921,0</coordinates>
      </Point>
    </Placemark>
    <Placemark>
      <name>Продава ВИЛА област София, с. Драготинци Обява: 1k173824266257036 (29 000 €)</name>
      <ExtendedData>
        <SchemaData schemaUrl="#PropertySchema">
          <SimpleData name="Price">29 000 €</SimpleData>
          <SimpleData name="Size">34 кв.м</SimpleData>
          <SimpleData name="URL">https://www.imot.bg/obiava-1k173824266257036-prodava-vila-oblast-sofiya-s-dragotintsi</SimpleData>
        </SchemaData>
      </ExtendedData>
      <styleUrl>#style_red</styleUrl>
      <description>&lt;![CDATA[
            &lt;div style="font-family: sans-serif; max-width: 320px;"&gt;
                &lt;img src="https://imotstatic2.focus.bg/imot/photosimotbg/1/036//big/1k173824266257036_by.jpg" style="width:100%; height:auto; max-height:220px; object-fit:cover; border-radius:6px; margin-bottom:12px;"/&gt;
                &lt;hr style="border:0; border-top:1px solid #ccc; margin:10px 0;"/&gt;
                &lt;p style="margin:4px 0;"&gt;&lt;b&gt;Matched:&lt;/b&gt; None&lt;/p&gt;
                &lt;p style="margin:4px 0;"&gt;&lt;b&gt;Penalties:&lt;/b&gt; None&lt;/p&gt;
                &lt;hr style="border:0; border-top:1px solid #ccc; margin:10px 0;"/&gt;
                &lt;p style="margin-top:6px; color:#444;"&gt;&lt;b&gt;Description:&lt;/b&gt;&lt;/p&gt;
                &lt;p style="color:#555; font-size:13px; line-height:1.4;"&gt;Представяме ви Урегулиран Поземлен имот на по-малко от час от центъра на София. Парцелът се намира на асфалтов път с едноетажна постройка 34кв.м. Зоната е подходяща за ниско строителство (до 10 м.). Токът и водата е пред парцела. От нас може да очакв...&lt;/p&gt;
            &lt;/div&gt;
        ]]&gt;</description>
      <Point>
        <coordinates>22.8990012,42.8583393,0</coordinates>
      </Point>
    </Placemark>
    <Placemark>
      <name>Продава ВИЛА област София, с. Скравена Вилна зона Обява: 1k178610453479993 (16 000 €)</name>
      <ExtendedData>
        <SchemaData schemaUrl="#PropertySchema">
          <SimpleData name="Price">16 000 €</SimpleData>
          <SimpleData name="Size">52 кв.м</SimpleData>
          <SimpleData name="URL">https://www.imot.bg/obiava-1k178610453479993-prodava-vila-oblast-sofiya-s-skravena-vilna-zona</SimpleData>
        </SchemaData>
      </ExtendedData>
      <styleUrl>#style_red</styleUrl>
      <description>&lt;![CDATA[
            &lt;div style="font-family: sans-serif; max-width: 320px;"&gt;
                &lt;img src="https://imotstatic4.focus.bg/imot/photosimotbg/1/993//big/1k178610453479993_hC.jpg" style="width:100%; height:auto; max-height:220px; object-fit:cover; border-radius:6px; margin-bottom:12px;"/&gt;
                &lt;hr style="border:0; border-top:1px solid #ccc; margin:10px 0;"/&gt;
                &lt;p style="margin:4px 0;"&gt;&lt;b&gt;Matched:&lt;/b&gt; None&lt;/p&gt;
                &lt;p style="margin:4px 0;"&gt;&lt;b&gt;Penalties:&lt;/b&gt; None&lt;/p&gt;
                &lt;hr style="border:0; border-top:1px solid #ccc; margin:10px 0;"/&gt;
                &lt;p style="margin-top:6px; color:#444;"&gt;&lt;b&gt;Description:&lt;/b&gt;&lt;/p&gt;
                &lt;p style="color:#555; font-size:13px; line-height:1.4;"&gt;Затруднен достъп до имота...&lt;/p&gt;
            &lt;/div&gt;
        ]]&gt;</description>
      <Point>
        <coordinates>23.7686707,42.9517131,0</coordinates>
      </Point>
    </Placemark>
    <Placemark>
      <name>Продава КЪЩА област София, с. Ново село Обява: 1j176950678745409 (45 000 €)</name>
      <ExtendedData>
        <SchemaData schemaUrl="#PropertySchema">
          <SimpleData name="Price">45 000 €</SimpleData>
          <SimpleData name="Size">60 кв.м</SimpleData>
          <SimpleData name="URL">https://www.imot.bg/obiava-1j176950678745409-prodava-kashta-oblast-sofiya-s-novo-selo</SimpleData>
        </SchemaData>
      </ExtendedData>
      <styleUrl>#style_red</styleUrl>
      <description>&lt;![CDATA[
            &lt;div style="font-family: sans-serif; max-width: 320px;"&gt;
                &lt;img src="https://cdn3.focus.bg/imot/photosimotbg/1/409//big/1j176950678745409_3M.jpg" style="width:100%; height:auto; max-height:220px; object-fit:cover; border-radius:6px; margin-bottom:12px;"/&gt;
                &lt;hr style="border:0; border-top:1px solid #ccc; margin:10px 0;"/&gt;
                &lt;p style="margin:4px 0;"&gt;&lt;b&gt;Matched:&lt;/b&gt; +ток(+10), +панорама(+4)&lt;/p&gt;
                &lt;p style="margin:4px 0;"&gt;&lt;b&gt;Penalties:&lt;/b&gt; за ремонт(-15)&lt;/p&gt;
                &lt;hr style="border:0; border-top:1px solid #ccc; margin:10px 0;"/&gt;
                &lt;p style="margin-top:6px; color:#444;"&gt;&lt;b&gt;Description:&lt;/b&gt;&lt;/p&gt;
                &lt;p style="color:#555; font-size:13px; line-height:1.4;"&gt;Малка масивна къща в село Ново село , което се намира на 8-10 км. от гр. Самоков и в непосредствена близост до язовир Искър. Къщата разполага в сутерена с две стаи и мокро помещение. На първия етаж с голяма стая, кухня, помещение за баня, коридор и т...&lt;/p&gt;
            &lt;/div&gt;
        ]]&gt;</description>
      <Point>
        <coordinates>23.63393,42.39201,0</coordinates>
      </Point>
    </Placemark>
    <Placemark>
      <name>Продава КЪЩА област София, с. Чибаовци Обява: 1j177796036779134 (38 000 €)</name>
      <ExtendedData>
        <SchemaData schemaUrl="#PropertySchema">
          <SimpleData name="Price">38 000 €</SimpleData>
          <SimpleData name="Size">172 кв.м</SimpleData>
          <SimpleData name="URL">https://www.imot.bg/obiava-1j177796036779134-prodava-kashta-oblast-sofiya-s-chibaovtsi</SimpleData>
        </SchemaData>
      </ExtendedData>
      <styleUrl>#style_red</styleUrl>
      <description>&lt;![CDATA[
            &lt;div style="font-family: sans-serif; max-width: 320px;"&gt;
                &lt;img src="https://imotstatic4.focus.bg/imot/photosimotbg/1/134//big/1j177796036779134_pI.jpg" style="width:100%; height:auto; max-height:220px; object-fit:cover; border-radius:6px; margin-bottom:12px;"/&gt;
                &lt;hr style="border:0; border-top:1px solid #ccc; margin:10px 0;"/&gt;
                &lt;p style="margin:4px 0;"&gt;&lt;b&gt;Matched:&lt;/b&gt; +ток(+10), +вода(+10), +панорама(+4)&lt;/p&gt;
                &lt;p style="margin:4px 0;"&gt;&lt;b&gt;Penalties:&lt;/b&gt; недовършен(-15), панел(-10)&lt;/p&gt;
                &lt;hr style="border:0; border-top:1px solid #ccc; margin:10px 0;"/&gt;
                &lt;p style="margin-top:6px; color:#444;"&gt;&lt;b&gt;Description:&lt;/b&gt;&lt;/p&gt;
                &lt;p style="color:#555; font-size:13px; line-height:1.4;"&gt;BULGARIA REAL ESTATE Ви предлага ПРОДАВА СЕ КЪЩА В СЕЛО ЧИБАОВЦИ, КОСТИНБРОД   ПРЕКРАСНА ВЪЗМОЖНОСТ С БЪРЗ ДОСТЪП ДО СОФИЯ! ID 5279 Ако мечтаете за спокоен живот, в близост до природата, само на 30 км от столицата, тази оферта е перфектен избор за Ва...&lt;/p&gt;
            &lt;/div&gt;
        ]]&gt;</description>
      <Point>
        <coordinates>23.2412097,42.9344339,0</coordinates>
      </Point>
    </Placemark>
    <Placemark>
      <name>Продава ВИЛА област София, с. Владо Тричков Обява: 1k166135991428652 (13 000 €)</name>
      <ExtendedData>
        <SchemaData schemaUrl="#PropertySchema">
          <SimpleData name="Price">13 000 €</SimpleData>
          <SimpleData name="Size">40 кв.м</SimpleData>
          <SimpleData name="URL">https://www.imot.bg/obiava-1k166135991428652-prodava-vila-oblast-sofiya-s-vlado-trichkov</SimpleData>
        </SchemaData>
      </ExtendedData>
      <styleUrl>#style_red</styleUrl>
      <description>&lt;![CDATA[
            &lt;div style="font-family: sans-serif; max-width: 320px;"&gt;
                &lt;img src="https://imotstatic3.focus.bg/imot/photosimotbg/1/652//big/1k166135991428652_Br.jpg" style="width:100%; height:auto; max-height:220px; object-fit:cover; border-radius:6px; margin-bottom:12px;"/&gt;
                &lt;hr style="border:0; border-top:1px solid #ccc; margin:10px 0;"/&gt;
                &lt;p style="margin:4px 0;"&gt;&lt;b&gt;Matched:&lt;/b&gt; +ток(+10), +панорама(+4)&lt;/p&gt;
                &lt;p style="margin:4px 0;"&gt;&lt;b&gt;Penalties:&lt;/b&gt; за ремонт(-15)&lt;/p&gt;
                &lt;hr style="border:0; border-top:1px solid #ccc; margin:10px 0;"/&gt;
                &lt;p style="margin-top:6px; color:#444;"&gt;&lt;b&gt;Description:&lt;/b&gt;&lt;/p&gt;
                &lt;p style="color:#555; font-size:13px; line-height:1.4;"&gt;Малка вила за ремонт.Достъп по макадан и пътека.Съседи целогодишно живущи.На150 метра от асфалта. Панорама.Терен терасиран.Партида за ток.  Изрядни документи.Водата е от резервоар.тел.0876115191...&lt;/p&gt;
            &lt;/div&gt;
        ]]&gt;</description>
      <Point>
        <coordinates>23.364699,42.864531,0</coordinates>
      </Point>
    </Placemark>
    <Placemark>
      <name>Продава КЪЩА област София, с. Дреатин Обява: 1j173824150686258 (15 338.76 €)</name>
      <ExtendedData>
        <SchemaData schemaUrl="#PropertySchema">
          <SimpleData name="Price">15 338.76 €</SimpleData>
          <SimpleData name="Size">45 кв.м</SimpleData>
          <SimpleData name="URL">https://www.imot.bg/obiava-1j173824150686258-prodava-kashta-oblast-sofiya-s-dreatin</SimpleData>
        </SchemaData>
      </ExtendedData>
      <styleUrl>#style_red</styleUrl>
      <description>&lt;![CDATA[
            &lt;div style="font-family: sans-serif; max-width: 320px;"&gt;
                &lt;img src="https://imotstatic4.focus.bg/imot/photosimotbg/1/258//big/1j173824150686258_69.jpg" style="width:100%; height:auto; max-height:220px; object-fit:cover; border-radius:6px; margin-bottom:12px;"/&gt;
                &lt;hr style="border:0; border-top:1px solid #ccc; margin:10px 0;"/&gt;
                &lt;p style="margin:4px 0;"&gt;&lt;b&gt;Matched:&lt;/b&gt; +ток(+10), +вода(+10), +целогодишен достъп(+12)&lt;/p&gt;
                &lt;p style="margin:4px 0;"&gt;&lt;b&gt;Penalties:&lt;/b&gt; гредоред(-20), за ремонт(-15)&lt;/p&gt;
                &lt;hr style="border:0; border-top:1px solid #ccc; margin:10px 0;"/&gt;
                &lt;p style="margin-top:6px; color:#444;"&gt;&lt;b&gt;Description:&lt;/b&gt;&lt;/p&gt;
                &lt;p style="color:#555; font-size:13px; line-height:1.4;"&gt;Продавам стара къща,гредоред, за ремонт в с.Дреатин до  гр. Сливница . Парцела е УПИ с ток и вода, водата е вкарана в къщата, има коридор, където може да се изгради баня с тоалетна.Покрива е сменен изцяло преди 8 години. Къщата е стара около 45 кв. м...&lt;/p&gt;
            &lt;/div&gt;
        ]]&gt;</description>
      <Point>
        <coordinates>22.7898121,42.8781781,0</coordinates>
      </Point>
    </Placemark>
    <Placemark>
      <name>Продава ВИЛА област София, с. Владо Тричков Обява: 1k170955800119879 (23 000 €)</name>
      <ExtendedData>
        <SchemaData schemaUrl="#PropertySchema">
          <SimpleData name="Price">23 000 €</SimpleData>
          <SimpleData name="Size">38 кв.м</SimpleData>
          <SimpleData name="URL">https://www.imot.bg/obiava-1k170955800119879-prodava-vila-oblast-sofiya-s-vlado-trichkov</SimpleData>
        </SchemaData>
      </ExtendedData>
      <styleUrl>#style_red</styleUrl>
      <description>&lt;![CDATA[
            &lt;div style="font-family: sans-serif; max-width: 320px;"&gt;
                &lt;img src="https://imotstatic1.focus.bg/imot/photosimotbg/1/879//big/1k170955800119879_KD.jpg" style="width:100%; height:auto; max-height:220px; object-fit:cover; border-radius:6px; margin-bottom:12px;"/&gt;
                &lt;hr style="border:0; border-top:1px solid #ccc; margin:10px 0;"/&gt;
                &lt;p style="margin:4px 0;"&gt;&lt;b&gt;Matched:&lt;/b&gt; +ток(+10)&lt;/p&gt;
                &lt;p style="margin:4px 0;"&gt;&lt;b&gt;Penalties:&lt;/b&gt; за ремонт(-15)&lt;/p&gt;
                &lt;hr style="border:0; border-top:1px solid #ccc; margin:10px 0;"/&gt;
                &lt;p style="margin-top:6px; color:#444;"&gt;&lt;b&gt;Description:&lt;/b&gt;&lt;/p&gt;
                &lt;p style="color:#555; font-size:13px; line-height:1.4;"&gt;Масивна вилна сграда за ремонт.С каменни основи.Партида за ток .Разрешение за строеж.Вилна зона Ромча.Терен терасиран.Достъп по черен път-макадан.Около 1 км  от  ЖП гарата....&lt;/p&gt;
            &lt;/div&gt;
        ]]&gt;</description>
      <Point>
        <coordinates>23.364864,42.864696,0</coordinates>
      </Point>
    </Placemark>
    <Placemark>
      <name>Продава КЪЩА област София, с. Беренде Обява: 1j175310857456529 (35 000 €)</name>
      <ExtendedData>
        <SchemaData schemaUrl="#PropertySchema">
          <SimpleData name="Price">35 000 €</SimpleData>
          <SimpleData name="Size">80 кв.м</SimpleData>
          <SimpleData name="URL">https://www.imot.bg/obiava-1j175310857456529-prodava-kashta-oblast-sofiya-s-berende</SimpleData>
        </SchemaData>
      </ExtendedData>
      <styleUrl>#style_red</styleUrl>
      <description>&lt;![CDATA[
            &lt;div style="font-family: sans-serif; max-width: 320px;"&gt;
                &lt;img src="https://imotstatic4.focus.bg/imot/photosimotbg/1/529//big/1j175310857456529_b2.jpg" style="width:100%; height:auto; max-height:220px; object-fit:cover; border-radius:6px; margin-bottom:12px;"/&gt;
                &lt;hr style="border:0; border-top:1px solid #ccc; margin:10px 0;"/&gt;
                &lt;p style="margin:4px 0;"&gt;&lt;b&gt;Matched:&lt;/b&gt; +ток(+10), +вода(+10), +двор(+4)&lt;/p&gt;
                &lt;p style="margin:4px 0;"&gt;&lt;b&gt;Penalties:&lt;/b&gt; недовършен(-15), груб строеж(-15)&lt;/p&gt;
                &lt;hr style="border:0; border-top:1px solid #ccc; margin:10px 0;"/&gt;
                &lt;p style="margin-top:6px; color:#444;"&gt;&lt;b&gt;Description:&lt;/b&gt;&lt;/p&gt;
                &lt;p style="color:#555; font-size:13px; line-height:1.4;"&gt;на груб строеж, строена около 1995 год. къща на 2 етажа + таван, покрив керемиди, ЮГ, вътрешни стълби, с разрешение за строеж, недовършена,  вода, ток; - първи етаж - 2 стаи, баня и тоалетна; - втори етаж - 2 стаи с тераса пред тях; - висок таван; - ...&lt;/p&gt;
            &lt;/div&gt;
        ]]&gt;</description>
      <Point>
        <coordinates>22.9323477,42.9932838,0</coordinates>
      </Point>
    </Placemark>
    <Placemark>
      <name>Продава КЪЩА област София, с. Реброво Обява: 1j168415557058641 (49 999 €)</name>
      <ExtendedData>
        <SchemaData schemaUrl="#PropertySchema">
          <SimpleData name="Price">49 999 €</SimpleData>
          <SimpleData name="Size">42 кв.м</SimpleData>
          <SimpleData name="URL">https://www.imot.bg/obiava-1j168415557058641-prodava-kashta-oblast-sofiya-s-rebrovo</SimpleData>
        </SchemaData>
      </ExtendedData>
      <styleUrl>#style_red</styleUrl>
      <description>&lt;![CDATA[
            &lt;div style="font-family: sans-serif; max-width: 320px;"&gt;
                &lt;img src="https://imotstatic3.focus.bg/imot/photosimotbg/1/641//big/1j168415557058641_go.jpg" style="width:100%; height:auto; max-height:220px; object-fit:cover; border-radius:6px; margin-bottom:12px;"/&gt;
                &lt;hr style="border:0; border-top:1px solid #ccc; margin:10px 0;"/&gt;
                &lt;p style="margin:4px 0;"&gt;&lt;b&gt;Matched:&lt;/b&gt; +сонда(+5)&lt;/p&gt;
                &lt;p style="margin:4px 0;"&gt;&lt;b&gt;Penalties:&lt;/b&gt; за ремонт(-15)&lt;/p&gt;
                &lt;hr style="border:0; border-top:1px solid #ccc; margin:10px 0;"/&gt;
                &lt;p style="margin-top:6px; color:#444;"&gt;&lt;b&gt;Description:&lt;/b&gt;&lt;/p&gt;
                &lt;p style="color:#555; font-size:13px; line-height:1.4;"&gt;Предлагаме къща в с.Реброво непосредствено до Батолийска река с уникална гледка. Чисто нов ремонтиран покрив. Водата е на сонда с помпа. В съседните къщи се живее целогодишно. На 15 мин от гр. Своге и на час от София. За ремонт. Разпределение партер-...&lt;/p&gt;
            &lt;/div&gt;
        ]]&gt;</description>
      <Point>
        <coordinates>23.399131,42.90278,0</coordinates>
      </Point>
    </Placemark>
    <Placemark>
      <name>Продава КЪЩА област София, с. Реброво Обява: 1j178687432450883 (43 000 €)</name>
      <ExtendedData>
        <SchemaData schemaUrl="#PropertySchema">
          <SimpleData name="Price">43 000 €</SimpleData>
          <SimpleData name="Size">77 кв.м</SimpleData>
          <SimpleData name="URL">https://www.imot.bg/obiava-1j178687432450883-prodava-kashta-oblast-sofiya-s-rebrovo</SimpleData>
        </SchemaData>
      </ExtendedData>
      <styleUrl>#style_red</styleUrl>
      <description>&lt;![CDATA[
            &lt;div style="font-family: sans-serif; max-width: 320px;"&gt;
                &lt;img src="https://cdn3.focus.bg/imot/photosimotbg/1/883//big/1j178687432450883_sz.jpg" style="width:100%; height:auto; max-height:220px; object-fit:cover; border-radius:6px; margin-bottom:12px;"/&gt;
                &lt;hr style="border:0; border-top:1px solid #ccc; margin:10px 0;"/&gt;
                &lt;p style="margin:4px 0;"&gt;&lt;b&gt;Matched:&lt;/b&gt; +двор(+4)&lt;/p&gt;
                &lt;p style="margin:4px 0;"&gt;&lt;b&gt;Penalties:&lt;/b&gt; за ремонт(-15)&lt;/p&gt;
                &lt;hr style="border:0; border-top:1px solid #ccc; margin:10px 0;"/&gt;
                &lt;p style="margin-top:6px; color:#444;"&gt;&lt;b&gt;Description:&lt;/b&gt;&lt;/p&gt;
                &lt;p style="color:#555; font-size:13px; line-height:1.4;"&gt;Едноетажна сграда за ремонт.Вкопани мазета.Кухня,хол и коридор.Баня и тоалетна отделна постройка.Двор терасиран.Достъп целогодишен.Съседи постоянно живущи.Централен водопровод.На 10 мин пешеходно от ЖПгарата,училище,детска градина,строителен магазини...&lt;/p&gt;
            &lt;/div&gt;
        ]]&gt;</description>
      <Point>
        <coordinates>23.399218,42.903161,0</coordinates>
      </Point>
    </Placemark>
    <Placemark>
      <name>Продава КЪЩА област София, с. Ново бърдо Обява: 1j165840396973550 (40 000 €)</name>
      <ExtendedData>
        <SchemaData schemaUrl="#PropertySchema">
          <SimpleData name="Price">40 000 €</SimpleData>
          <SimpleData name="Size">60 кв.м</SimpleData>
          <SimpleData name="URL">https://www.imot.bg/obiava-1j165840396973550-prodava-kashta-oblast-sofiya-s-novo-bardo</SimpleData>
        </SchemaData>
      </ExtendedData>
      <styleUrl>#style_red</styleUrl>
      <description>&lt;![CDATA[
            &lt;div style="font-family: sans-serif; max-width: 320px;"&gt;
                &lt;img src="https://imotstatic4.focus.bg/imot/photosimotbg/1/550//big/1j165840396973550_dP.jpg" style="width:100%; height:auto; max-height:220px; object-fit:cover; border-radius:6px; margin-bottom:12px;"/&gt;
                &lt;hr style="border:0; border-top:1px solid #ccc; margin:10px 0;"/&gt;
                &lt;p style="margin:4px 0;"&gt;&lt;b&gt;Matched:&lt;/b&gt; +панорама(+4)&lt;/p&gt;
                &lt;p style="margin:4px 0;"&gt;&lt;b&gt;Penalties:&lt;/b&gt; за ремонт(-15)&lt;/p&gt;
                &lt;hr style="border:0; border-top:1px solid #ccc; margin:10px 0;"/&gt;
                &lt;p style="margin-top:6px; color:#444;"&gt;&lt;b&gt;Description:&lt;/b&gt;&lt;/p&gt;
                &lt;p style="color:#555; font-size:13px; line-height:1.4;"&gt;Уникална панорама! Чист въздух! На 60 км от София по магистрала 'Европа', и на 2 км от сръбската граница! Достъп по асфалтов път и 20 м посипка. Масивна къща, за ремонт. Два етажа, на първо ниво кухня и баня, на второ 2 спални, с външни стълби.  Къща...&lt;/p&gt;
            &lt;/div&gt;
        ]]&gt;</description>
      <Point>
        <coordinates>22.848741,42.966962,0</coordinates>
      </Point>
    </Placemark>
    <Placemark>
      <name>Продава КЪЩА област София, с. Ново бърдо Обява: 1j165840396973550 (40 000 €)</name>
      <ExtendedData>
        <SchemaData schemaUrl="#PropertySchema">
          <SimpleData name="Price">40 000 €</SimpleData>
          <SimpleData name="Size">60 кв.м</SimpleData>
          <SimpleData name="URL">https://www.imot.bg/obiava-1j165840396973550-prodava-kashta-oblast-sofiya-s-novo-bardo#playertag</SimpleData>
        </SchemaData>
      </ExtendedData>
      <styleUrl>#style_red</styleUrl>
      <description>&lt;![CDATA[
            &lt;div style="font-family: sans-serif; max-width: 320px;"&gt;
                &lt;img src="https://imotstatic4.focus.bg/imot/photosimotbg/1/550//big/1j165840396973550_dP.jpg" style="width:100%; height:auto; max-height:220px; object-fit:cover; border-radius:6px; margin-bottom:12px;"/&gt;
                &lt;hr style="border:0; border-top:1px solid #ccc; margin:10px 0;"/&gt;
                &lt;p style="margin:4px 0;"&gt;&lt;b&gt;Matched:&lt;/b&gt; +панорама(+4)&lt;/p&gt;
                &lt;p style="margin:4px 0;"&gt;&lt;b&gt;Penalties:&lt;/b&gt; за ремонт(-15)&lt;/p&gt;
                &lt;hr style="border:0; border-top:1px solid #ccc; margin:10px 0;"/&gt;
                &lt;p style="margin-top:6px; color:#444;"&gt;&lt;b&gt;Description:&lt;/b&gt;&lt;/p&gt;
                &lt;p style="color:#555; font-size:13px; line-height:1.4;"&gt;Уникална панорама! Чист въздух! На 60 км от София по магистрала 'Европа', и на 2 км от сръбската граница! Достъп по асфалтов път и 20 м посипка. Масивна къща, за ремонт. Два етажа, на първо ниво кухня и баня, на второ 2 спални, с външни стълби.  Къща...&lt;/p&gt;
            &lt;/div&gt;
        ]]&gt;</description>
      <Point>
        <coordinates>22.847961,42.966962,0</coordinates>
      </Point>
    </Placemark>
    <Placemark>
      <name>Продава КЪЩА област София, с. Радуил Обява: 1j176857469503152 (27 000 €)</name>
      <ExtendedData>
        <SchemaData schemaUrl="#PropertySchema">
          <SimpleData name="Price">27 000 €</SimpleData>
          <SimpleData name="Size">61 кв.м</SimpleData>
          <SimpleData name="URL">https://www.imot.bg/obiava-1j176857469503152-prodava-kashta-oblast-sofiya-s-raduil</SimpleData>
        </SchemaData>
      </ExtendedData>
      <styleUrl>#style_red</styleUrl>
      <description>&lt;![CDATA[
            &lt;div style="font-family: sans-serif; max-width: 320px;"&gt;
                &lt;img src="https://imotstatic3.focus.bg/imot/photosimotbg/1/152//big/1j176857469503152_Pw.jpg" style="width:100%; height:auto; max-height:220px; object-fit:cover; border-radius:6px; margin-bottom:12px;"/&gt;
                &lt;hr style="border:0; border-top:1px solid #ccc; margin:10px 0;"/&gt;
                &lt;p style="margin:4px 0;"&gt;&lt;b&gt;Matched:&lt;/b&gt; +двор(+4)&lt;/p&gt;
                &lt;p style="margin:4px 0;"&gt;&lt;b&gt;Penalties:&lt;/b&gt; за ремонт(-15)&lt;/p&gt;
                &lt;hr style="border:0; border-top:1px solid #ccc; margin:10px 0;"/&gt;
                &lt;p style="margin-top:6px; color:#444;"&gt;&lt;b&gt;Description:&lt;/b&gt;&lt;/p&gt;
                &lt;p style="color:#555; font-size:13px; line-height:1.4;"&gt;Предлагаме Ви къща за ремонт, заедно с парцела, върху който е построена в центъра на китното курортно село Радуил. Къщата е близнак, като има отделен вход и дворното място е разделено и преградено фактически, но документално е идеална част. Къщата е ...&lt;/p&gt;
            &lt;/div&gt;
        ]]&gt;</description>
      <Point>
        <coordinates>23.6884972,42.2871841,0</coordinates>
      </Point>
    </Placemark>
    <Placemark>
      <name>Продава КЪЩА област София, с. Широки дол Обява: 1j173824485223792 (30 000 €)</name>
      <ExtendedData>
        <SchemaData schemaUrl="#PropertySchema">
          <SimpleData name="Price">30 000 €</SimpleData>
          <SimpleData name="Size">60 кв.м</SimpleData>
          <SimpleData name="URL">https://www.imot.bg/obiava-1j173824485223792-prodava-kashta-oblast-sofiya-s-shiroki-dol</SimpleData>
        </SchemaData>
      </ExtendedData>
      <styleUrl>#style_red</styleUrl>
      <description>&lt;![CDATA[
            &lt;div style="font-family: sans-serif; max-width: 320px;"&gt;
                &lt;img src="https://imotstatic4.focus.bg/imot/photosimotbg/1/792//big/1j173824485223792_Zr.jpg" style="width:100%; height:auto; max-height:220px; object-fit:cover; border-radius:6px; margin-bottom:12px;"/&gt;
                &lt;hr style="border:0; border-top:1px solid #ccc; margin:10px 0;"/&gt;
                &lt;p style="margin:4px 0;"&gt;&lt;b&gt;Matched:&lt;/b&gt; +панорама(+4)&lt;/p&gt;
                &lt;p style="margin:4px 0;"&gt;&lt;b&gt;Penalties:&lt;/b&gt; за ремонт(-15)&lt;/p&gt;
                &lt;hr style="border:0; border-top:1px solid #ccc; margin:10px 0;"/&gt;
                &lt;p style="margin-top:6px; color:#444;"&gt;&lt;b&gt;Description:&lt;/b&gt;&lt;/p&gt;
                &lt;p style="color:#555; font-size:13px; line-height:1.4;"&gt;Предлага ме ви хубав парцел във високата част на селото с хубава панорама. Имота е с площ 600 кв.м. В него има стара масивна къща за ремонт, която разполага с по една стая на етаж. Изложението е запад/юг. Достъпа е 50 метра черен път до асфалта....&lt;/p&gt;
            &lt;/div&gt;
        ]]&gt;</description>
      <Point>
        <coordinates>23.5205785,42.3896037,0</coordinates>
      </Point>
    </Placemark>
    <Placemark>
      <name>Продава КЪЩА област София, с. Вакарел Обява: 1j177331912683826 (38 000 €)</name>
      <ExtendedData>
        <SchemaData schemaUrl="#PropertySchema">
          <SimpleData name="Price">38 000 €</SimpleData>
          <SimpleData name="Size">150 кв.м</SimpleData>
          <SimpleData name="URL">https://www.imot.bg/obiava-1j177331912683826-prodava-kashta-oblast-sofiya-s-vakarel</SimpleData>
        </SchemaData>
      </ExtendedData>
      <styleUrl>#style_red</styleUrl>
      <description>&lt;![CDATA[
            &lt;div style="font-family: sans-serif; max-width: 320px;"&gt;
                &lt;img src="https://imotstatic4.focus.bg/imot/photosimotbg/1/826//big/1j177331912683826_c8.jpg" style="width:100%; height:auto; max-height:220px; object-fit:cover; border-radius:6px; margin-bottom:12px;"/&gt;
                &lt;hr style="border:0; border-top:1px solid #ccc; margin:10px 0;"/&gt;
                &lt;p style="margin:4px 0;"&gt;&lt;b&gt;Matched:&lt;/b&gt; None&lt;/p&gt;
                &lt;p style="margin:4px 0;"&gt;&lt;b&gt;Penalties:&lt;/b&gt; груб строеж(-15)&lt;/p&gt;
                &lt;hr style="border:0; border-top:1px solid #ccc; margin:10px 0;"/&gt;
                &lt;p style="margin-top:6px; color:#444;"&gt;&lt;b&gt;Description:&lt;/b&gt;&lt;/p&gt;
                &lt;p style="color:#555; font-size:13px; line-height:1.4;"&gt;ИМОТА Е В С. БЕЛИЦА ! ! ! 45 МИНУТИ ОТ СОФИЯ !!! ВЪЗМОЖНОСТ ЗА ДОВЪРШВАНЕ ПО СОБСТВЕН ПРОЕКТ !!! ПРИРОДА, ЧИСТ ВЪЗДУХ И СПОКОЙСТВИЕ !!! Представяме на вашето внимание къща на груб строеж в с. Белица, община Ихтиман. Селото се намира в живописен район...&lt;/p&gt;
            &lt;/div&gt;
        ]]&gt;</description>
      <Point>
        <coordinates>23.710926,42.556038,0</coordinates>
      </Point>
    </Placemark>
    <Placemark>
      <name>Продава КЪЩА област София, с. Белица Обява: 1j177331823189460 (38 000 €)</name>
      <ExtendedData>
        <SchemaData schemaUrl="#PropertySchema">
          <SimpleData name="Price">38 000 €</SimpleData>
          <SimpleData name="Size">150 кв.м</SimpleData>
          <SimpleData name="URL">https://www.imot.bg/obiava-1j177331823189460-prodava-kashta-oblast-sofiya-s-belitsa</SimpleData>
        </SchemaData>
      </ExtendedData>
      <styleUrl>#style_red</styleUrl>
      <description>&lt;![CDATA[
            &lt;div style="font-family: sans-serif; max-width: 320px;"&gt;
                &lt;img src="https://imotstatic3.focus.bg/imot/photosimotbg/1/460//big/1j177331823189460_EK.jpg" style="width:100%; height:auto; max-height:220px; object-fit:cover; border-radius:6px; margin-bottom:12px;"/&gt;
                &lt;hr style="border:0; border-top:1px solid #ccc; margin:10px 0;"/&gt;
                &lt;p style="margin:4px 0;"&gt;&lt;b&gt;Matched:&lt;/b&gt; None&lt;/p&gt;
                &lt;p style="margin:4px 0;"&gt;&lt;b&gt;Penalties:&lt;/b&gt; груб строеж(-15)&lt;/p&gt;
                &lt;hr style="border:0; border-top:1px solid #ccc; margin:10px 0;"/&gt;
                &lt;p style="margin-top:6px; color:#444;"&gt;&lt;b&gt;Description:&lt;/b&gt;&lt;/p&gt;
                &lt;p style="color:#555; font-size:13px; line-height:1.4;"&gt;45 МИНУТИ ОТ СОФИЯ !!! ВЪЗМОЖНОСТ ЗА ДОВЪРШВАНЕ ПО СОБСТВЕН ПРОЕКТ !!! ПРИРОДА, ЧИСТ ВЪЗДУХ И СПОКОЙСТВИЕ !!! Представяме на вашето внимание къща на груб строеж в с. Белица, община Ихтиман. Селото се намира в живописен район на Средна гора, само на о...&lt;/p&gt;
            &lt;/div&gt;
        ]]&gt;</description>
      <Point>
        <coordinates>23.88945,42.49745,0</coordinates>
      </Point>
    </Placemark>
    <Placemark>
      <name>Продава КЪЩА област София, с. Миланово Обява: 1j178834637446781 (31 000 €)</name>
      <ExtendedData>
        <SchemaData schemaUrl="#PropertySchema">
          <SimpleData name="Price">31 000 €</SimpleData>
          <SimpleData name="Size">140 кв.м</SimpleData>
          <SimpleData name="URL">https://www.imot.bg/obiava-1j178834637446781-prodava-kashta-oblast-sofiya-s-milanovo</SimpleData>
        </SchemaData>
      </ExtendedData>
      <styleUrl>#style_red</styleUrl>
      <description>&lt;![CDATA[
            &lt;div style="font-family: sans-serif; max-width: 320px;"&gt;
                &lt;img src="https://imotstatic1.focus.bg/imot/photosimotbg/1/781//big/1j178834637446781_SH.jpg" style="width:100%; height:auto; max-height:220px; object-fit:cover; border-radius:6px; margin-bottom:12px;"/&gt;
                &lt;hr style="border:0; border-top:1px solid #ccc; margin:10px 0;"/&gt;
                &lt;p style="margin:4px 0;"&gt;&lt;b&gt;Matched:&lt;/b&gt; None&lt;/p&gt;
                &lt;p style="margin:4px 0;"&gt;&lt;b&gt;Penalties:&lt;/b&gt; за ремонт(-15)&lt;/p&gt;
                &lt;hr style="border:0; border-top:1px solid #ccc; margin:10px 0;"/&gt;
                &lt;p style="margin-top:6px; color:#444;"&gt;&lt;b&gt;Description:&lt;/b&gt;&lt;/p&gt;
                &lt;p style="color:#555; font-size:13px; line-height:1.4;"&gt;Къща в с. Миланово , общ. Своге, Софийска област. Масивна двуетажна жилищна сграда със застроена площ 70 кв.м и РЗП 140 кв.м и полумасивна стопанска сграда със застроена площ 48кв.м. Двете сгради са разположени в парцел с площ 1950кв.м Къщите са за р...&lt;/p&gt;
            &lt;/div&gt;
        ]]&gt;</description>
      <Point>
        <coordinates>23.393021,43.11503,0</coordinates>
      </Point>
    </Placemark>
    <Placemark>
      <name>Продава ВИЛА област София, с. Видраре Обява: 1k159421392184071 (40 000 €)</name>
      <ExtendedData>
        <SchemaData schemaUrl="#PropertySchema">
          <SimpleData name="Price">40 000 €</SimpleData>
          <SimpleData name="Size">128 кв.м</SimpleData>
          <SimpleData name="URL">https://www.imot.bg/obiava-1k159421392184071-prodava-vila-oblast-sofiya-s-vidrare</SimpleData>
        </SchemaData>
      </ExtendedData>
      <styleUrl>#style_red</styleUrl>
      <description>&lt;![CDATA[
            &lt;div style="font-family: sans-serif; max-width: 320px;"&gt;
                &lt;img src="https://cdn3.focus.bg/imot/photosimotbg/1/071//big/1k159421392184071_Qh.jpg" style="width:100%; height:auto; max-height:220px; object-fit:cover; border-radius:6px; margin-bottom:12px;"/&gt;
                &lt;hr style="border:0; border-top:1px solid #ccc; margin:10px 0;"/&gt;
                &lt;p style="margin:4px 0;"&gt;&lt;b&gt;Matched:&lt;/b&gt; None&lt;/p&gt;
                &lt;p style="margin:4px 0;"&gt;&lt;b&gt;Penalties:&lt;/b&gt; недовършен(-15)&lt;/p&gt;
                &lt;hr style="border:0; border-top:1px solid #ccc; margin:10px 0;"/&gt;
                &lt;p style="margin-top:6px; color:#444;"&gt;&lt;b&gt;Description:&lt;/b&gt;&lt;/p&gt;
                &lt;p style="color:#555; font-size:13px; line-height:1.4;"&gt;www.asavia-imoti.com Имотът се намира в с.Видраре, център. Вилата е недовършена , няма изградени комуникации, застроена площ 64кв.м.- партер от два гаража,вкопани мази, два жилищни етажа състоящи се от входни антрета , просторни всекидневни, по две с...&lt;/p&gt;
            &lt;/div&gt;
        ]]&gt;</description>
      <Point>
        <coordinates>24.010012,42.993248,0</coordinates>
      </Point>
    </Placemark>
    <Placemark>
      <name>Продава КЪЩА област София, с. Джурово Обява: 1j174954611711445 (25 000 €)</name>
      <ExtendedData>
        <SchemaData schemaUrl="#PropertySchema">
          <SimpleData name="Price">25 000 €</SimpleData>
          <SimpleData name="Size">80 кв.м</SimpleData>
          <SimpleData name="URL">https://www.imot.bg/obiava-1j174954611711445-prodava-kashta-oblast-sofiya-s-dzhurovo</SimpleData>
        </SchemaData>
      </ExtendedData>
      <styleUrl>#style_red</styleUrl>
      <description>&lt;![CDATA[
            &lt;div style="font-family: sans-serif; max-width: 320px;"&gt;
                &lt;img src="https://imotstatic3.focus.bg/imot/photosimotbg/1/445//big/1j174954611711445_ht.jpg" style="width:100%; height:auto; max-height:220px; object-fit:cover; border-radius:6px; margin-bottom:12px;"/&gt;
                &lt;hr style="border:0; border-top:1px solid #ccc; margin:10px 0;"/&gt;
                &lt;p style="margin:4px 0;"&gt;&lt;b&gt;Matched:&lt;/b&gt; None&lt;/p&gt;
                &lt;p style="margin:4px 0;"&gt;&lt;b&gt;Penalties:&lt;/b&gt; гредоред(-20)&lt;/p&gt;
                &lt;hr style="border:0; border-top:1px solid #ccc; margin:10px 0;"/&gt;
                &lt;p style="margin-top:6px; color:#444;"&gt;&lt;b&gt;Description:&lt;/b&gt;&lt;/p&gt;
                &lt;p style="color:#555; font-size:13px; line-height:1.4;"&gt;MVP GROUP REAL ESTATE Продава къща в село Джурово на един час от град София. В парцела са разположени две постройки: Основна къща със следното разпределение партерен етаж две помещения едното е механа със камина  с Водна риза и стая, втори етаж корид...&lt;/p&gt;
            &lt;/div&gt;
        ]]&gt;</description>
      <Point>
        <coordinates>24.050001,42.958874,0</coordinates>
      </Point>
    </Placemark>
    <Placemark>
      <name>Продава КЪЩА област София, с. Радотина Обява: 1j177547522975191 (28 500 €)</name>
      <ExtendedData>
        <SchemaData schemaUrl="#PropertySchema">
          <SimpleData name="Price">28 500 €</SimpleData>
          <SimpleData name="Size">110 кв.м</SimpleData>
          <SimpleData name="URL">https://www.imot.bg/obiava-1j177547522975191-prodava-kashta-oblast-sofiya-s-radotina</SimpleData>
        </SchemaData>
      </ExtendedData>
      <styleUrl>#style_red</styleUrl>
      <description>&lt;![CDATA[
            &lt;div style="font-family: sans-serif; max-width: 320px;"&gt;
                &lt;img src="https://imotstatic3.focus.bg/imot/photosimotbg/1/191//big/1j177547522975191_nx.jpg" style="width:100%; height:auto; max-height:220px; object-fit:cover; border-radius:6px; margin-bottom:12px;"/&gt;
                &lt;hr style="border:0; border-top:1px solid #ccc; margin:10px 0;"/&gt;
                &lt;p style="margin:4px 0;"&gt;&lt;b&gt;Matched:&lt;/b&gt; +гараж(+10)&lt;/p&gt;
                &lt;p style="margin:4px 0;"&gt;&lt;b&gt;Penalties:&lt;/b&gt; гредоред(-20), за ремонт(-15)&lt;/p&gt;
                &lt;hr style="border:0; border-top:1px solid #ccc; margin:10px 0;"/&gt;
                &lt;p style="margin-top:6px; color:#444;"&gt;&lt;b&gt;Description:&lt;/b&gt;&lt;/p&gt;
                &lt;p style="color:#555; font-size:13px; line-height:1.4;"&gt;🏘 Селото се намира на 17 km от гр.Ботевград и на 83 km от София, на 1 km от подножието на Ржана планина, от двете страни на р.Рударка. 🚗 Селото е с асфалтова пътна мрежа, водопровод, газова мрежа, улично осветление, работещ магазин, църква, читалище ...&lt;/p&gt;
            &lt;/div&gt;
        ]]&gt;</description>
      <Point>
        <coordinates>23.634342,42.992881,0</coordinates>
      </Point>
    </Placemark>
    <Placemark>
      <name>Продава КЪЩА област София, гр. Годеч Обява: 1j178490324328885 (49 500 €)</name>
      <ExtendedData>
        <SchemaData schemaUrl="#PropertySchema">
          <SimpleData name="Price">49 500 €</SimpleData>
          <SimpleData name="Size">82 кв.м</SimpleData>
          <SimpleData name="URL">https://www.imot.bg/obiava-1j178490324328885-prodava-kashta-oblast-sofiya-gr-godech</SimpleData>
        </SchemaData>
      </ExtendedData>
      <styleUrl>#style_red</styleUrl>
      <description>&lt;![CDATA[
            &lt;div style="font-family: sans-serif; max-width: 320px;"&gt;
                &lt;img src="https://imotstatic3.focus.bg/imot/photosimotbg/1/885//big/1j178490324328885_a5.jpg" style="width:100%; height:auto; max-height:220px; object-fit:cover; border-radius:6px; margin-bottom:12px;"/&gt;
                &lt;hr style="border:0; border-top:1px solid #ccc; margin:10px 0;"/&gt;
                &lt;p style="margin:4px 0;"&gt;&lt;b&gt;Matched:&lt;/b&gt; None&lt;/p&gt;
                &lt;p style="margin:4px 0;"&gt;&lt;b&gt;Penalties:&lt;/b&gt; гредоред(-20), за ремонт(-15)&lt;/p&gt;
                &lt;hr style="border:0; border-top:1px solid #ccc; margin:10px 0;"/&gt;
                &lt;p style="margin-top:6px; color:#444;"&gt;&lt;b&gt;Description:&lt;/b&gt;&lt;/p&gt;
                &lt;p style="color:#555; font-size:13px; line-height:1.4;"&gt;Предлагаме на Вашето внимание имот в гр. Годеч, кв. Найденова махала, сред природа и чист въздух. Къщата е построена в средата на 70-те години, на 2 етапа - две от стаите са кирпичени, две са тухлени. Има изградено помещение за баня с тоалетна. Конст...&lt;/p&gt;
            &lt;/div&gt;
        ]]&gt;</description>
      <Point>
        <coordinates>23.046566,43.015798,0</coordinates>
      </Point>
    </Placemark>
  </Document>
</kml>